sat_id,satellite_name,bracket_start_utc,bracket_end_utc,delta_sma_m,median_altitude_km
44714,STARLINK-1008,2024-11-27T19:43:19Z,2024-11-28T03:40:59Z,-168.0,554.35
44714,STARLINK-1008,2024-11-28T03:40:59Z,2024-11-28T16:25:19Z,162.2,554.35
44715,STARLINK-1009,2024-11-26T22:00:01Z,2024-11-27T00:00:01Z,-627.7,416.43
44715,STARLINK-1009,2024-11-27T00:00:01Z,2024-11-27T14:00:01Z,-3876.9,416.43
44715,STARLINK-1009,2024-11-27T14:00:01Z,2024-11-27T16:00:01Z,-543.0,416.43
44715,STARLINK-1009,2024-11-27T16:00:01Z,2024-11-28T00:00:01Z,-2226.2,416.43
44715,STARLINK-1009,2024-11-28T00:00:01Z,2024-11-28T14:00:01Z,-3856.8,416.43
44715,STARLINK-1009,2024-11-28T14:00:01Z,2024-11-28T22:00:01Z,-2183.6,416.43
44715,STARLINK-1009,2024-11-28T22:00:01Z,2024-11-29T14:00:01Z,-4467.6,416.43
44715,STARLINK-1009,2024-11-29T14:00:01Z,2024-11-30T00:00:01Z,-2774.1,416.43
44715,STARLINK-1009,2024-11-30T00:00:01Z,2024-11-30T14:00:01Z,-3837.8,416.43
44720,STARLINK-1014,2024-11-26T09:31:02Z,2024-11-27T09:12:26Z,-109.1,516.27
44720,STARLINK-1014,2024-11-28T02:34:47Z,2024-11-28T16:47:34Z,-199.7,516.27
44720,STARLINK-1014,2024-11-28T16:47:34Z,2024-11-29T02:16:04Z,-177.9,516.27
44724,STARLINK-1019,2024-11-29T17:16:50Z,2024-11-30T09:12:12Z,-125.6,554.35
44733,STARLINK-1028,2024-11-26T14:00:01Z,2024-11-27T00:00:01Z,-2765.8,414.13
44733,STARLINK-1028,2024-11-27T00:00:01Z,2024-11-27T16:00:01Z,-4399.8,414.13
44733,STARLINK-1028,2024-11-27T16:00:01Z,2024-11-27T22:00:01Z,-1652.2,414.13
44733,STARLINK-1028,2024-11-27T22:00:01Z,2024-11-28T00:00:01Z,-617.4,414.13
44733,STARLINK-1028,2024-11-28T00:00:01Z,2024-11-28T14:00:01Z,-3843.7,414.13
44733,STARLINK-1028,2024-11-28T14:00:01Z,2024-11-28T22:00:01Z,-2164.0,414.13
44733,STARLINK-1028,2024-11-28T22:00:01Z,2024-11-29T14:00:01Z,-4458.7,414.13
44733,STARLINK-1028,2024-11-29T14:00:01Z,2024-11-29T22:00:01Z,-2182.2,414.13
44733,STARLINK-1028,2024-11-29T22:00:01Z,2024-11-30T00:00:01Z,-602.4,414.13
44733,STARLINK-1028,2024-11-30T00:00:01Z,2024-11-30T14:00:01Z,-3835.1,414.13
44734,STARLINK-1029,2024-11-28T11:12:11Z,2024-11-29T11:05:19Z,117.6,554.36
44735,STARLINK-1030,2024-11-26T12:53:34Z,2024-11-27T04:48:55Z,-152.2,554.35
44735,STARLINK-1030,2024-11-27T04:48:55Z,2024-11-27T19:08:50Z,188.1,554.35
44735,STARLINK-1030,2024-11-29T04:35:09Z,2024-11-29T17:19:31Z,109.3,554.35
44735,STARLINK-1030,2024-11-29T17:19:31Z,2024-11-30T10:50:26Z,-120.4,554.35
44737,STARLINK-1032,2024-11-26T14:00:01Z,2024-11-27T00:00:01Z,-2742.3,438.05
44737,STARLINK-1032,2024-11-27T00:00:01Z,2024-11-27T14:00:01Z,-3968.8,438.05
44737,STARLINK-1032,2024-11-27T14:00:01Z,2024-11-27T16:00:01Z,-550.5,438.05
44737,STARLINK-1032,2024-11-27T16:00:01Z,2024-11-28T00:00:01Z,-2205.4,438.05
44737,STARLINK-1032,2024-11-28T00:00:01Z,2024-11-28T14:00:01Z,-3943.3,438.05
44737,STARLINK-1032,2024-11-28T14:00:01Z,2024-11-28T22:00:01Z,-2126.5,438.05
44737,STARLINK-1032,2024-11-28T22:00:01Z,2024-11-29T14:00:01Z,-4569.9,438.05
44737,STARLINK-1032,2024-11-29T14:00:01Z,2024-11-30T00:00:01Z,-2728.8,438.05
44737,STARLINK-1032,2024-11-30T00:00:01Z,2024-11-30T14:00:01Z,-3936.0,438.05
44741,STARLINK-1036,2024-11-26T21:39:01Z,2024-11-27T19:56:35Z,123.1,554.35
44743,STARLINK-1038,2024-11-26T22:00:01Z,2024-11-27T00:00:01Z,-343.2,468.83
44743,STARLINK-1038,2024-11-27T00:00:01Z,2024-11-27T06:00:01Z,-1543.4,468.83
44743,STARLINK-1038,2024-11-27T06:00:01Z,2024-11-27T16:00:01Z,-2709.4,468.83
44743,STARLINK-1038,2024-11-27T16:00:01Z,2024-11-28T00:00:01Z,-2055.5,468.83
44743,STARLINK-1038,2024-11-28T00:00:01Z,2024-11-28T14:00:01Z,-3859.5,468.83
44743,STARLINK-1038,2024-11-28T14:00:01Z,2024-11-28T22:00:01Z,-2065.5,468.83
44743,STARLINK-1038,2024-11-28T22:00:01Z,2024-11-29T06:00:01Z,-2244.5,468.83
44743,STARLINK-1038,2024-11-29T06:00:01Z,2024-11-29T14:00:01Z,-2172.1,468.83
44743,STARLINK-1038,2024-11-29T14:00:01Z,2024-11-30T00:00:01Z,-2605.2,468.83
44743,STARLINK-1038,2024-11-30T00:00:01Z,2024-11-30T14:00:01Z,-3850.2,468.83
44747,STARLINK-1042,2024-11-28T04:15:35Z,2024-11-29T03:48:37Z,-136.9,489.75
44747,STARLINK-1042,2024-11-29T19:30:37Z,2024-11-30T11:12:36Z,-113.0,489.75
44752,STARLINK-1047,2024-11-27T21:08:19Z,2024-11-28T17:46:29Z,-108.8,540.04
44752,STARLINK-1047,2024-11-28T19:21:44Z,2024-11-29T19:10:21Z,-143.2,540.04
44752,STARLINK-1047,2024-11-29T20:45:35Z,2024-11-30T11:02:44Z,-124.7,540.04
44757,STARLINK-1052,2024-11-26T08:20:43Z,2024-11-27T00:00:01Z,-649.6,411.08
44757,STARLINK-1052,2024-11-27T00:00:01Z,2024-11-27T14:00:01Z,-458.0,411.08
44757,STARLINK-1052,2024-11-28T00:00:01Z,2024-11-28T08:11:12Z,-230.4,411.08
44757,STARLINK-1052,2024-11-28T08:11:12Z,2024-11-28T22:00:01Z,-582.9,411.08
44757,STARLINK-1052,2024-11-28T22:00:01Z,2024-11-29T07:19:47Z,-343.2,411.08
44757,STARLINK-1052,2024-11-29T07:19:47Z,2024-11-29T13:30:02Z,-227.5,411.08
44757,STARLINK-1052,2024-11-29T13:30:02Z,2024-11-30T00:00:01Z,-427.5,411.08
44759,STARLINK-1054,2024-11-29T12:08:59Z,2024-11-29T18:31:10Z,107.7,554.36
44759,STARLINK-1054,2024-11-29T18:31:10Z,2024-11-30T05:39:55Z,-142.1,554.36
44760,STARLINK-1055,2024-11-26T06:00:02Z,2024-11-26T14:00:01Z,-583.8,345.5
44760,STARLINK-1055,2024-11-26T14:00:01Z,2024-11-26T22:00:01Z,-459.1,345.5
44760,STARLINK-1055,2024-11-27T00:00:01Z,2024-11-27T06:00:01Z,-230.6,345.5
44760,STARLINK-1055,2024-11-27T06:00:01Z,2024-11-27T16:00:01Z,-521.5,345.5
44760,STARLINK-1055,2024-11-27T16:00:01Z,2024-11-27T22:00:01Z,-565.1,345.5
44760,STARLINK-1055,2024-11-28T00:00:01Z,2024-11-28T14:00:01Z,-771.4,345.5
44760,STARLINK-1055,2024-11-28T14:00:01Z,2024-11-28T22:00:01Z,-606.3,345.5
44760,STARLINK-1055,2024-11-28T22:00:01Z,2024-11-29T14:00:01Z,-840.2,345.5
44760,STARLINK-1055,2024-11-29T14:00:01Z,2024-11-30T00:00:01Z,-669.1,345.5
44760,STARLINK-1055,2024-11-30T00:00:01Z,2024-11-30T14:00:01Z,-782.8,345.5
44761,STARLINK-1056,2024-11-26T12:24:17Z,2024-11-26T13:59:54Z,432.7,554.34
44761,STARLINK-1056,2024-11-26T13:59:54Z,2024-11-27T05:55:16Z,-149.3,554.34
44761,STARLINK-1056,2024-11-27T05:55:16Z,2024-11-28T04:12:53Z,107.6,554.34
44763,STARLINK-1058,2024-11-26T06:00:02Z,2024-11-27T00:00:01Z,-5630.4,428.14
44763,STARLINK-1058,2024-11-27T00:00:01Z,2024-11-27T14:00:01Z,-4544.9,428.14
44763,STARLINK-1058,2024-11-27T14:00:01Z,2024-11-27T16:00:01Z,-663.6,428.14
44763,STARLINK-1058,2024-11-27T16:00:01Z,2024-11-28T00:00:01Z,-2454.2,428.14
44763,STARLINK-1058,2024-11-28T00:00:01Z,2024-11-28T06:00:01Z,-1978.1,428.14
44763,STARLINK-1058,2024-11-28T06:00:01Z,2024-11-28T14:00:01Z,-2553.5,428.14
44763,STARLINK-1058,2024-11-28T14:00:01Z,2024-11-28T22:00:01Z,-2443.3,428.14
44763,STARLINK-1058,2024-11-28T22:00:01Z,2024-11-29T06:00:01Z,-2609.3,428.14
44763,STARLINK-1058,2024-11-29T06:00:01Z,2024-11-29T14:00:01Z,-2563.5,428.14
44763,STARLINK-1058,2024-11-29T14:00:01Z,2024-11-30T00:00:01Z,-3119.3,428.14
44763,STARLINK-1058,2024-11-30T00:00:01Z,2024-11-30T06:00:01Z,-1872.6,428.14
44763,STARLINK-1058,2024-11-30T06:00:01Z,2024-11-30T14:00:01Z,-2615.7,428.14
44764,STARLINK-1059,2024-11-26T14:46:54Z,2024-11-27T02:45:41Z,-1781.1,271.97
44764,STARLINK-1059,2024-11-27T02:45:41Z,2024-11-27T14:44:10Z,-1909.6,271.97
44764,STARLINK-1059,2024-11-27T14:44:10Z,2024-11-28T02:42:20Z,-1903.3,271.97
44764,STARLINK-1059,2024-11-28T02:42:20Z,2024-11-28T08:41:17Z,-1066.2,271.97
44764,STARLINK-1059,2024-11-28T08:41:17Z,2024-11-29T08:36:17Z,-4283.5,271.97
44764,STARLINK-1059,2024-11-29T08:36:17Z,2024-11-30T08:29:50Z,-4790.8,271.97
44765,STARLINK-1060,2024-11-26T20:45:57Z,2024-11-27T04:43:39Z,-185.6,554.35
44765,STARLINK-1060,2024-11-27T04:43:39Z,2024-11-27T20:39:01Z,139.5,554.35
44765,STARLINK-1060,2024-11-27T20:39:01Z,2024-11-28T04:36:45Z,101.9,554.35
44765,STARLINK-1060,2024-11-28T20:32:09Z,2024-11-29T10:51:58Z,-122.3,554.35
44765,STARLINK-1060,2024-11-29T10:51:58Z,2024-11-29T22:00:47Z,119.7,554.35
44766,STARLINK-1061,2024-11-26T14:00:01Z,2024-11-27T00:00:01Z,-1726.0,408.05
44766,STARLINK-1061,2024-11-27T00:00:01Z,2024-11-27T14:00:01Z,-2579.0,408.05
44766,STARLINK-1061,2024-11-27T14:00:01Z,2024-11-27T16:00:01Z,-371.2,408.05
44766,STARLINK-1061,2024-11-27T16:00:01Z,2024-11-28T00:00:01Z,-1360.8,408.05
44766,STARLINK-1061,2024-11-28T00:00:01Z,2024-11-28T14:00:01Z,-2522.2,408.05
44766,STARLINK-1061,2024-11-28T14:00:01Z,2024-11-28T22:00:01Z,-1226.0,408.05
44766,STARLINK-1061,2024-11-28T22:00:01Z,2024-11-29T14:00:01Z,-2769.0,408.05
44766,STARLINK-1061,2024-11-29T14:00:01Z,2024-11-29T22:00:01Z,-1227.6,408.05
44766,STARLINK-1061,2024-11-29T22:00:01Z,2024-11-30T00:00:01Z,-391.6,408.05
44766,STARLINK-1061,2024-11-30T00:00:01Z,2024-11-30T14:00:01Z,-2589.7,408.05
44767,STARLINK-1062,2024-11-26T06:00:02Z,2024-11-27T00:00:01Z,-4889.9,412.24
44767,STARLINK-1062,2024-11-27T00:00:01Z,2024-11-27T14:00:01Z,-3962.0,412.24
44767,STARLINK-1062,2024-11-27T14:00:01Z,2024-11-27T16:00:01Z,-567.3,412.24
44767,STARLINK-1062,2024-11-27T16:00:01Z,2024-11-28T00:00:01Z,-2109.4,412.24
44767,STARLINK-1062,2024-11-28T00:00:01Z,2024-11-28T06:00:01Z,-124.2,412.24
44767,STARLINK-1062,2024-11-28T06:00:01Z,2024-11-28T14:00:01Z,-585.2,412.24
44767,STARLINK-1062,2024-11-28T22:00:01Z,2024-11-29T06:00:01Z,-389.7,412.24
44767,STARLINK-1062,2024-11-29T06:00:01Z,2024-11-29T14:00:01Z,-220.7,412.24
44767,STARLINK-1062,2024-11-29T14:00:01Z,2024-11-30T00:00:01Z,-232.6,412.24
44767,STARLINK-1062,2024-11-30T00:00:01Z,2024-11-30T06:00:01Z,-208.3,412.24
44767,STARLINK-1062,2024-11-30T06:00:01Z,2024-11-30T14:00:01Z,-347.9,412.24
44771,STARLINK-1067,2024-11-27T06:21:51Z,2024-11-27T12:43:58Z,-103.7,554.32
44771,STARLINK-1067,2024-11-27T12:43:58Z,2024-11-28T12:37:06Z,197.7,554.32
44772,STARLINK-1068,2024-11-29T04:19:14Z,2024-11-29T21:50:09Z,-102.4,554.37
44914,STARLINK-1073,2024-11-28T00:00:01Z,2024-11-28T06:00:01Z,142.4,438.66
44915,STARLINK-1084,2024-11-27T00:00:01Z,2024-11-27T06:00:01Z,-857.2,473.98
44915,STARLINK-1084,2024-11-27T06:00:01Z,2024-11-27T16:00:01Z,-1548.8,473.98
44915,STARLINK-1084,2024-11-27T16:00:01Z,2024-11-28T00:00:01Z,-1304.6,473.98
44915,STARLINK-1084,2024-11-28T00:00:01Z,2024-11-28T06:00:01Z,-837.3,473.98
44915,STARLINK-1084,2024-11-28T06:00:01Z,2024-11-28T14:00:01Z,-1312.4,473.98
44915,STARLINK-1084,2024-11-28T14:00:01Z,2024-11-28T22:00:01Z,-1233.7,473.98
44915,STARLINK-1084,2024-11-28T22:00:01Z,2024-11-29T14:00:01Z,-2442.8,473.98
44915,STARLINK-1084,2024-11-29T14:00:01Z,2024-11-30T00:00:01Z,-1566.5,473.98
44915,STARLINK-1084,2024-11-30T00:00:01Z,2024-11-30T06:00:01Z,-826.2,473.98
44915,STARLINK-1084,2024-11-30T06:00:01Z,2024-11-30T14:00:01Z,-1292.6,473.98
44920,STARLINK-1102,2024-11-27T00:13:18Z,2024-11-28T13:14:16Z,-1257.7,407.74
44920,STARLINK-1102,2024-11-28T13:14:16Z,2024-11-28T22:00:01Z,-310.2,407.74
44920,STARLINK-1102,2024-11-28T22:00:01Z,2024-11-29T00:01:56Z,-108.4,407.74
44920,STARLINK-1102,2024-11-29T00:01:56Z,2024-11-29T14:00:01Z,-510.9,407.74
44920,STARLINK-1102,2024-11-29T14:00:01Z,2024-11-29T22:00:01Z,-321.0,407.74
44920,STARLINK-1102,2024-11-30T00:00:01Z,2024-11-30T14:00:01Z,-710.4,407.74
44921,STARLINK-1103,2024-11-27T16:00:01Z,2024-11-28T00:00:01Z,-116.7,461.13
44921,STARLINK-1103,2024-11-28T00:00:01Z,2024-11-28T03:19:08Z,-289.5,461.13
44921,STARLINK-1103,2024-11-28T03:19:08Z,2024-11-28T06:26:22Z,132.2,461.13
44921,STARLINK-1103,2024-11-29T05:50:37Z,2024-11-29T13:38:42Z,115.4,461.13
44922,STARLINK-1104,2024-11-29T02:41:04Z,2024-11-29T05:52:08Z,-119.4,554.34
44922,STARLINK-1104,2024-11-29T05:52:08Z,2024-11-29T13:49:51Z,106.1,554.34
44923,STARLINK-1106,2024-11-26T09:11:36Z,2024-11-26T23:06:46Z,-278.2,420.32
44923,STARLINK-1106,2024-11-26T23:06:46Z,2024-11-27T08:23:30Z,-200.0,420.32
44923,STARLINK-1106,2024-11-27T08:23:30Z,2024-11-27T22:18:34Z,-295.4,420.32
44923,STARLINK-1106,2024-11-27T22:18:34Z,2024-11-28T23:03:00Z,-553.9,420.32
44923,STARLINK-1106,2024-11-28T23:03:00Z,2024-11-29T08:19:37Z,-210.3,420.32
44923,STARLINK-1106,2024-11-29T08:19:37Z,2024-11-29T22:14:29Z,-295.5,420.32
44923,STARLINK-1106,2024-11-29T22:14:29Z,2024-11-30T07:31:02Z,-235.1,420.32
44925,STARLINK-1112,2024-11-29T03:23:29Z,2024-11-29T12:56:46Z,156.8,554.37
44927,STARLINK-1114,2024-11-28T13:19:36Z,2024-11-29T03:39:26Z,-118.1,554.33
44932,STARLINK-1130,2024-11-26T06:00:02Z,2024-11-26T14:00:01Z,-474.2,444.2
44932,STARLINK-1130,2024-11-27T00:00:01Z,2024-11-27T16:00:01Z,146.6,444.2
44933,STARLINK-1144,2024-11-27T21:14:47Z,2024-11-28T03:35:00Z,-117.4,530.6
44933,STARLINK-1144,2024-11-28T03:35:00Z,2024-11-28T13:05:19Z,-170.4,530.6
44933,STARLINK-1144,2024-11-28T13:05:19Z,2024-11-28T19:25:31Z,-104.3,530.6
44933,STARLINK-1144,2024-11-28T19:25:31Z,2024-11-29T03:20:46Z,-131.3,530.6
44933,STARLINK-1144,2024-11-29T03:20:46Z,2024-11-29T12:51:02Z,-172.2,530.6
44933,STARLINK-1144,2024-11-29T12:51:02Z,2024-11-30T06:16:27Z,-369.7,530.6
44934,STARLINK-1071,2024-11-26T22:32:08Z,2024-11-27T12:52:02Z,142.4,554.38
44934,STARLINK-1071,2024-11-27T12:52:02Z,2024-11-27T22:00:01Z,-135.4,554.38
44934,STARLINK-1071,2024-11-29T12:38:10Z,2024-11-30T04:33:35Z,157.9,554.38
44937,STARLINK-1079,2024-11-27T03:38:17Z,2024-11-27T11:27:48Z,-192.9,474.24
44937,STARLINK-1079,2024-11-27T11:27:48Z,2024-11-27T22:25:07Z,-251.8,474.24
44937,STARLINK-1079,2024-11-27T22:25:07Z,2024-11-28T10:56:16Z,-325.1,474.24
44937,STARLINK-1079,2024-11-28T10:56:16Z,2024-11-28T23:27:22Z,-276.3,474.24
44937,STARLINK-1079,2024-11-28T23:27:22Z,2024-11-29T10:24:33Z,-239.1,474.24
44940,STARLINK-1091,2024-11-29T19:42:49Z,2024-11-30T11:38:11Z,-116.3,554.34
44941,STARLINK-1094,2024-11-28T04:26:11Z,2024-11-28T12:23:52Z,-102.0,554.37
44941,STARLINK-1094,2024-11-28T12:23:52Z,2024-11-29T01:08:10Z,-152.6,554.37
44941,STARLINK-1094,2024-11-29T01:08:10Z,2024-11-29T12:16:56Z,101.6,554.37
44941,STARLINK-1094,2024-11-29T12:16:56Z,2024-11-29T23:25:43Z,142.1,554.37
44942,STARLINK-1096,2024-11-27T06:07:19Z,2024-11-27T20:05:51Z,-140.0,439.38
44942,STARLINK-1096,2024-11-27T20:05:51Z,2024-11-28T05:24:52Z,-104.1,439.38
44942,STARLINK-1096,2024-11-28T05:24:52Z,2024-11-28T22:29:42Z,-179.2,439.38
44942,STARLINK-1096,2024-11-28T22:29:42Z,2024-11-29T12:28:10Z,-150.4,439.38
44952,STARLINK-1117,2024-11-28T12:29:11Z,2024-11-29T01:13:28Z,-143.9,554.27
44954,STARLINK-1066,2024-11-28T11:38:46Z,2024-11-29T03:34:08Z,-187.4,554.42
44954,STARLINK-1066,2024-11-29T03:34:08Z,2024-11-30T09:49:24Z,153.7,554.42
44959,STARLINK-1076,2024-11-27T06:26:43Z,2024-11-27T17:35:08Z,-1185.9,550.13
44959,STARLINK-1076,2024-11-27T17:35:08Z,2024-11-27T22:21:34Z,-315.7,550.13
44959,STARLINK-1076,2024-11-27T22:21:34Z,2024-11-28T06:00:01Z,-704.5,550.13
44959,STARLINK-1076,2024-11-28T06:00:01Z,2024-11-28T14:00:01Z,-468.1,550.13
44959,STARLINK-1076,2024-11-28T14:00:01Z,2024-11-28T22:00:01Z,-587.1,550.13
44959,STARLINK-1076,2024-11-28T22:00:01Z,2024-11-29T14:00:01Z,-1121.6,550.13
44959,STARLINK-1076,2024-11-29T14:00:01Z,2024-11-30T00:00:01Z,-2988.1,550.13
44959,STARLINK-1076,2024-11-30T00:00:01Z,2024-11-30T06:00:01Z,-1709.9,550.13
44959,STARLINK-1076,2024-11-30T06:00:01Z,2024-11-30T14:00:01Z,-2251.2,550.13
44961,STARLINK-1080,2024-11-26T17:53:32Z,2024-11-27T03:26:47Z,-117.5,554.3
44961,STARLINK-1080,2024-11-27T03:26:47Z,2024-11-27T11:24:26Z,-218.8,554.3
44961,STARLINK-1080,2024-11-29T11:10:36Z,2024-11-29T22:19:24Z,107.8,554.3
44966,STARLINK-1088,2024-11-26T21:44:04Z,2024-11-27T13:13:53Z,-643.8,428.54
44966,STARLINK-1088,2024-11-27T13:13:53Z,2024-11-27T20:58:44Z,-345.7,428.54
44966,STARLINK-1088,2024-11-27T20:58:44Z,2024-11-28T12:28:20Z,-730.1,428.54
44966,STARLINK-1088,2024-11-28T12:28:20Z,2024-11-28T22:00:01Z,-391.2,428.54
44966,STARLINK-1088,2024-11-29T06:00:01Z,2024-11-29T14:00:01Z,-146.8,428.54
44966,STARLINK-1088,2024-11-29T14:00:01Z,2024-11-29T22:33:09Z,-217.6,428.54
44966,STARLINK-1088,2024-11-29T22:33:09Z,2024-11-30T00:00:01Z,153.7,428.54
44966,STARLINK-1088,2024-11-30T00:00:01Z,2024-11-30T14:00:01Z,-979.1,428.54
44969,STARLINK-1092,2024-11-29T11:05:18Z,2024-11-30T10:58:23Z,-114.6,554.36
44970,STARLINK-1093,2024-11-26T18:51:51Z,2024-11-27T04:24:55Z,-1265.0,546.74
44970,STARLINK-1093,2024-11-27T04:24:55Z,2024-11-27T20:19:37Z,-2153.6,546.74
44970,STARLINK-1093,2024-11-27T20:19:37Z,2024-11-27T21:55:02Z,-812.0,546.74
44970,STARLINK-1093,2024-11-27T21:55:02Z,2024-11-28T06:00:01Z,-1991.3,546.74
44970,STARLINK-1093,2024-11-28T06:00:01Z,2024-11-28T14:00:01Z,-1292.5,546.74
44970,STARLINK-1093,2024-11-28T14:00:01Z,2024-11-28T22:00:01Z,-1442.8,546.74
44970,STARLINK-1093,2024-11-28T22:00:01Z,2024-11-29T14:00:01Z,-2568.3,546.74
44970,STARLINK-1093,2024-11-29T14:00:01Z,2024-11-30T00:00:01Z,-1620.8,546.74
44970,STARLINK-1093,2024-11-30T00:00:01Z,2024-11-30T06:00:01Z,-903.8,546.74
44970,STARLINK-1093,2024-11-30T06:00:01Z,2024-11-30T14:00:01Z,-2282.8,546.74
44972,STARLINK-1107,2024-11-26T18:05:32Z,2024-11-27T03:34:21Z,-147.1,518.41
44972,STARLINK-1107,2024-11-27T03:34:21Z,2024-11-27T11:28:21Z,-116.3,518.41
44972,STARLINK-1107,2024-11-27T11:28:21Z,2024-11-28T17:29:29Z,-457.3,518.41
44972,STARLINK-1107,2024-11-28T17:29:29Z,2024-11-29T10:52:09Z,-272.6,518.41
44972,STARLINK-1107,2024-11-29T10:52:09Z,2024-11-30T10:33:52Z,-400.0,518.41
44973,STARLINK-1115,2024-11-26T18:34:21Z,2024-11-27T10:17:54Z,-342.5,496.42
44973,STARLINK-1115,2024-11-27T10:17:54Z,2024-11-28T03:35:42Z,-429.0,496.42
44973,STARLINK-1115,2024-11-28T09:53:05Z,2024-11-29T09:28:11Z,-221.4,496.42
44973,STARLINK-1115,2024-11-29T17:19:53Z,2024-11-30T09:03:13Z,-235.6,496.42
45047,STARLINK-1131,2024-11-27T03:34:45Z,2024-11-27T09:56:55Z,100.5,554.34
45048,STARLINK-1134,2024-11-29T02:17:10Z,2024-11-29T22:59:08Z,-125.7,554.3
45049,STARLINK-1135,2024-11-26T14:00:01Z,2024-11-27T00:00:01Z,-1088.2,294.06
45049,STARLINK-1135,2024-11-27T00:00:01Z,2024-11-27T06:00:01Z,-591.7,294.06
45049,STARLINK-1135,2024-11-27T06:00:01Z,2024-11-27T14:00:01Z,-1057.0,294.06
45049,STARLINK-1135,2024-11-27T14:00:01Z,2024-11-27T16:00:01Z,-188.1,294.06
45049,STARLINK-1135,2024-11-27T16:00:01Z,2024-11-27T22:00:01Z,-733.2,294.06
45049,STARLINK-1135,2024-11-27T22:00:01Z,2024-11-28T00:00:01Z,-231.1,294.06
45049,STARLINK-1135,2024-11-28T00:00:01Z,2024-11-28T06:00:01Z,-727.5,294.06
45049,STARLINK-1135,2024-11-28T06:00:01Z,2024-11-28T14:00:01Z,-1173.7,294.06
45049,STARLINK-1135,2024-11-28T14:00:01Z,2024-11-28T22:00:01Z,-935.3,294.06
45049,STARLINK-1135,2024-11-28T22:00:01Z,2024-11-29T06:00:01Z,-1054.6,294.06
45049,STARLINK-1135,2024-11-29T06:00:01Z,2024-11-29T14:00:01Z,-1024.5,294.06
45049,STARLINK-1135,2024-11-29T14:00:01Z,2024-11-29T22:00:01Z,-1134.4,294.06
45049,STARLINK-1135,2024-11-29T22:00:01Z,2024-11-30T00:00:01Z,-246.0,294.06
45049,STARLINK-1135,2024-11-30T00:00:01Z,2024-11-30T06:00:01Z,-730.5,294.06
45049,STARLINK-1135,2024-11-30T06:00:01Z,2024-11-30T14:00:01Z,-1298.1,294.06
45052,STARLINK-1148,2024-11-26T16:23:57Z,2024-11-27T01:48:34Z,-220.8,483.85
45052,STARLINK-1148,2024-11-27T01:48:34Z,2024-11-27T15:55:25Z,-302.0,483.85
45052,STARLINK-1148,2024-11-27T15:55:25Z,2024-11-27T22:11:47Z,-154.2,483.85
45052,STARLINK-1148,2024-11-27T22:11:47Z,2024-11-28T09:10:24Z,-250.0,483.85
45052,STARLINK-1148,2024-11-28T09:10:24Z,2024-11-28T15:26:44Z,-124.7,483.85
45052,STARLINK-1148,2024-11-28T15:26:44Z,2024-11-28T23:17:07Z,-199.7,483.85
45052,STARLINK-1148,2024-11-28T23:17:07Z,2024-11-29T14:57:52Z,-354.7,483.85
45052,STARLINK-1148,2024-11-29T14:57:52Z,2024-11-30T00:22:16Z,-238.1,483.85
45052,STARLINK-1148,2024-11-30T00:22:16Z,2024-11-30T08:12:35Z,-215.7,483.85
45054,STARLINK-1156,2024-11-26T22:05:35Z,2024-11-27T21:58:42Z,101.0,554.33
45060,STARLINK-1166,2024-11-27T01:53:48Z,2024-11-27T09:51:30Z,133.4,554.35
45062,STARLINK-1171,2024-11-26T17:45:30Z,2024-11-26T22:32:07Z,194.6,554.35
45065,STARLINK-1139,2024-11-26T19:57:47Z,2024-11-27T19:48:59Z,-5118.3,248.75
45065,STARLINK-1139,2024-11-27T19:48:59Z,2024-11-28T01:46:31Z,-1382.2,248.75
45065,STARLINK-1139,2024-11-28T01:46:31Z,2024-11-28T18:09:07Z,-4150.2,248.75
45065,STARLINK-1139,2024-11-28T18:09:07Z,2024-11-28T19:38:24Z,-411.1,248.75
45065,STARLINK-1139,2024-11-28T19:38:24Z,2024-11-29T19:25:47Z,-6725.4,248.75
45065,STARLINK-1139,2024-11-29T19:25:47Z,2024-11-29T20:01:27Z,-234.6,248.75
45065,STARLINK-1139,2024-11-29T20:01:27Z,2024-11-30T07:25:38Z,-3629.0,248.75
45066,STARLINK-1145,2024-11-26T06:00:02Z,2024-11-26T22:00:01Z,-4450.5,429.42
45066,STARLINK-1145,2024-11-26T22:00:01Z,2024-11-27T06:00:01Z,-2272.6,429.42
45066,STARLINK-1145,2024-11-27T06:00:01Z,2024-11-27T16:00:01Z,-2738.4,429.42
45066,STARLINK-1145,2024-11-27T16:00:01Z,2024-11-28T00:00:01Z,-2190.3,429.42
45066,STARLINK-1145,2024-11-28T00:00:01Z,2024-11-28T14:00:01Z,-3914.9,429.42
45066,STARLINK-1145,2024-11-28T14:00:01Z,2024-11-28T22:00:01Z,-2241.6,429.42
45066,STARLINK-1145,2024-11-28T22:00:01Z,2024-11-29T06:00:01Z,-2281.0,429.42
45066,STARLINK-1145,2024-11-29T06:00:01Z,2024-11-29T14:00:01Z,-2133.1,429.42
45066,STARLINK-1145,2024-11-29T14:00:01Z,2024-11-29T22:00:01Z,-2250.1,429.42
45066,STARLINK-1145,2024-11-29T22:00:01Z,2024-11-30T00:00:01Z,-492.6,429.42
45066,STARLINK-1145,2024-11-30T00:00:01Z,2024-11-30T14:00:01Z,-3925.1,429.42
45068,STARLINK-1161,2024-11-27T08:09:48Z,2024-11-28T07:46:07Z,-560.2,499.78
45068,STARLINK-1161,2024-11-28T07:46:07Z,2024-11-29T01:04:41Z,-244.6,499.78
45068,STARLINK-1161,2024-11-29T07:22:19Z,2024-11-30T06:58:24Z,-411.5,499.78
45072,STARLINK-1168,2024-11-27T21:50:42Z,2024-11-28T08:59:30Z,233.6,554.34
45072,STARLINK-1168,2024-11-29T00:54:55Z,2024-11-30T00:48:02Z,-118.2,554.34
45073,STARLINK-1170,2024-11-26T22:34:45Z,2024-11-28T00:03:26Z,126.6,554.35
45078,STARLINK-1177,2024-11-26T22:00:01Z,2024-11-27T06:00:01Z,-2254.0,408.1
45078,STARLINK-1177,2024-11-27T06:00:01Z,2024-11-27T16:00:01Z,-2714.0,408.1
45078,STARLINK-1177,2024-11-27T16:00:01Z,2024-11-28T00:00:01Z,-2166.7,408.1
45078,STARLINK-1177,2024-11-28T00:00:01Z,2024-11-28T14:00:01Z,-3887.0,408.1
45078,STARLINK-1177,2024-11-28T14:00:01Z,2024-11-28T22:00:01Z,-2227.9,408.1
45078,STARLINK-1177,2024-11-28T22:00:01Z,2024-11-29T06:00:01Z,-2264.4,408.1
45078,STARLINK-1177,2024-11-29T06:00:01Z,2024-11-29T14:00:01Z,-2155.2,408.1
45078,STARLINK-1177,2024-11-29T14:00:01Z,2024-11-30T00:00:01Z,-2699.0,408.1
45078,STARLINK-1177,2024-11-30T00:00:01Z,2024-11-30T14:00:01Z,-3931.2,408.1
45081,STARLINK-1151,2024-11-28T00:24:41Z,2024-11-28T19:31:07Z,-101.5,554.35
45089,STARLINK-1136,2024-11-26T22:00:01Z,2024-11-27T06:00:01Z,-2119.2,425.51
45089,STARLINK-1136,2024-11-27T06:00:01Z,2024-11-27T16:00:01Z,-2551.8,425.51
45089,STARLINK-1136,2024-11-27T16:00:01Z,2024-11-27T22:00:01Z,-1478.2,425.51
45089,STARLINK-1136,2024-11-27T22:00:01Z,2024-11-28T00:00:01Z,-483.0,425.51
45089,STARLINK-1136,2024-11-28T00:00:01Z,2024-11-28T14:00:01Z,-3656.5,425.51
45089,STARLINK-1136,2024-11-28T14:00:01Z,2024-11-28T22:00:01Z,-1990.1,425.51
45089,STARLINK-1136,2024-11-28T22:00:01Z,2024-11-29T06:00:01Z,-2118.9,425.51
45089,STARLINK-1136,2024-11-29T06:00:01Z,2024-11-29T14:00:01Z,-2050.2,425.51
45089,STARLINK-1136,2024-11-29T14:00:01Z,2024-11-30T00:00:01Z,-2457.4,425.51
45089,STARLINK-1136,2024-11-30T00:00:01Z,2024-11-30T14:00:01Z,-3754.1,425.51
45093,STARLINK-1142,2024-11-26T22:41:36Z,2024-11-27T14:31:52Z,-134.3,529.4
45093,STARLINK-1142,2024-11-27T14:31:52Z,2024-11-28T06:22:07Z,-144.0,529.4
45093,STARLINK-1142,2024-11-28T14:17:13Z,2024-11-29T14:02:30Z,-231.7,529.4
45099,STARLINK-1186,2024-11-26T14:00:01Z,2024-11-26T22:00:01Z,-2286.5,477.32
45099,STARLINK-1186,2024-11-26T22:00:01Z,2024-11-27T06:00:01Z,-2335.0,477.32
45099,STARLINK-1186,2024-11-27T06:00:01Z,2024-11-27T16:00:01Z,-2794.0,477.32
45099,STARLINK-1186,2024-11-27T16:00:01Z,2024-11-28T00:00:01Z,-2178.7,477.32
45099,STARLINK-1186,2024-11-28T00:00:01Z,2024-11-28T06:00:01Z,-1805.1,477.32
45099,STARLINK-1186,2024-11-28T06:00:01Z,2024-11-28T14:00:01Z,-2205.7,477.32
45099,STARLINK-1186,2024-11-28T14:00:01Z,2024-11-28T22:00:01Z,-2210.4,477.32
45099,STARLINK-1186,2024-11-28T22:00:01Z,2024-11-29T14:00:01Z,-4569.2,477.32
45099,STARLINK-1186,2024-11-29T14:00:01Z,2024-11-30T00:00:01Z,-2729.8,477.32
45099,STARLINK-1186,2024-11-30T00:00:01Z,2024-11-30T06:00:01Z,-1792.2,477.32
45099,STARLINK-1186,2024-11-30T06:00:01Z,2024-11-30T14:00:01Z,-2253.9,477.32
45178,STARLINK-1138,2024-11-26T06:00:02Z,2024-11-26T22:00:01Z,-4396.5,419.51
45178,STARLINK-1138,2024-11-26T22:00:01Z,2024-11-27T14:00:01Z,-4503.6,419.51
45178,STARLINK-1138,2024-11-27T14:00:01Z,2024-11-28T00:00:01Z,-2743.7,419.51
45178,STARLINK-1138,2024-11-28T00:00:01Z,2024-11-28T14:00:01Z,-3922.1,419.51
45178,STARLINK-1138,2024-11-28T14:00:01Z,2024-11-28T22:00:01Z,-2135.8,419.51
45178,STARLINK-1138,2024-11-28T22:00:01Z,2024-11-29T14:00:01Z,-4515.9,419.51
45178,STARLINK-1138,2024-11-29T14:00:01Z,2024-11-30T00:00:01Z,-2726.9,419.51
45178,STARLINK-1138,2024-11-30T00:00:01Z,2024-11-30T14:00:01Z,-3898.1,419.51
45179,STARLINK-1143,2024-11-29T16:47:44Z,2024-11-30T10:18:39Z,-120.4,554.34
45179,STARLINK-1143,2024-11-30T10:18:39Z,2024-11-30T16:40:49Z,162.9,554.34
45181,STARLINK-1200,2024-11-28T12:23:51Z,2024-11-28T17:10:28Z,139.3,554.35
45182,STARLINK-1201,2024-11-27T16:11:03Z,2024-11-28T09:41:57Z,-104.8,554.35
45183,STARLINK-1202,2024-11-26T13:30:44Z,2024-11-27T10:12:46Z,134.0,554.3
45183,STARLINK-1202,2024-11-27T10:12:46Z,2024-11-28T10:05:52Z,-111.6,554.3
45184,STARLINK-1205,2024-11-26T06:00:02Z,2024-11-26T22:00:01Z,-4335.4,392.1
45184,STARLINK-1205,2024-11-26T22:00:01Z,2024-11-27T06:00:01Z,-694.4,392.1
45184,STARLINK-1205,2024-11-27T06:00:01Z,2024-11-27T14:00:01Z,-531.5,392.1
45184,STARLINK-1205,2024-11-27T22:00:01Z,2024-11-28T00:00:01Z,-112.5,392.1
45184,STARLINK-1205,2024-11-28T00:00:01Z,2024-11-28T06:00:01Z,-369.5,392.1
45184,STARLINK-1205,2024-11-28T06:00:01Z,2024-11-28T14:00:01Z,-198.5,392.1
45184,STARLINK-1205,2024-11-28T14:00:01Z,2024-11-28T22:00:01Z,-278.2,392.1
45184,STARLINK-1205,2024-11-28T22:00:01Z,2024-11-29T06:00:01Z,-374.7,392.1
45184,STARLINK-1205,2024-11-29T06:00:01Z,2024-11-29T14:00:01Z,-159.4,392.1
45184,STARLINK-1205,2024-11-29T14:00:01Z,2024-11-29T22:00:01Z,-325.9,392.1
45184,STARLINK-1205,2024-11-29T22:00:01Z,2024-11-30T00:00:01Z,-117.4,392.1
45184,STARLINK-1205,2024-11-30T00:00:01Z,2024-11-30T06:00:01Z,-314.0,392.1
45184,STARLINK-1205,2024-11-30T06:00:01Z,2024-11-30T14:00:01Z,-241.3,392.1
45185,STARLINK-1216,2024-11-26T11:44:34Z,2024-11-27T11:37:42Z,115.7,554.35
45185,STARLINK-1216,2024-11-27T13:13:14Z,2024-11-28T13:06:20Z,-111.6,554.35
45186,STARLINK-1224,2024-11-27T07:12:18Z,2024-11-28T00:43:14Z,-105.7,554.29
45186,STARLINK-1224,2024-11-28T11:51:59Z,2024-11-28T18:14:08Z,158.7,554.29
45186,STARLINK-1224,2024-11-30T11:38:10Z,2024-11-30T16:24:48Z,231.1,554.29
45188,STARLINK-1228,2024-11-27T15:13:54Z,2024-11-28T10:20:22Z,-127.8,554.36
45188,STARLINK-1228,2024-11-28T10:20:22Z,2024-11-28T15:07:00Z,111.5,554.36
45188,STARLINK-1228,2024-11-29T03:51:19Z,2024-11-29T21:22:14Z,-128.7,554.36
45189,STARLINK-1230,2024-11-28T12:02:37Z,2024-11-29T10:20:12Z,166.2,554.3
45189,STARLINK-1230,2024-11-29T10:20:12Z,2024-11-29T16:42:21Z,-106.3,554.3
45191,STARLINK-1236,2024-11-26T06:00:02Z,2024-11-26T22:00:01Z,-2810.4,492.69
45191,STARLINK-1236,2024-11-26T22:00:01Z,2024-11-27T06:00:01Z,-1486.2,492.69
45191,STARLINK-1236,2024-11-27T06:00:01Z,2024-11-27T14:00:01Z,-1432.4,492.69
45191,STARLINK-1236,2024-11-27T14:00:01Z,2024-11-27T22:00:01Z,-1411.3,492.69
45191,STARLINK-1236,2024-11-27T22:00:01Z,2024-11-28T00:00:01Z,-401.4,492.69
45191,STARLINK-1236,2024-11-28T00:00:01Z,2024-11-28T14:00:01Z,-2619.7,492.69
45191,STARLINK-1236,2024-11-28T14:00:01Z,2024-11-28T22:00:01Z,-1400.9,492.69
45191,STARLINK-1236,2024-11-28T22:00:01Z,2024-11-29T14:00:01Z,-3020.9,492.69
45191,STARLINK-1236,2024-11-29T14:00:01Z,2024-11-29T22:00:01Z,-1407.8,492.69
45191,STARLINK-1236,2024-11-29T22:00:01Z,2024-11-30T00:00:01Z,-416.6,492.69
45191,STARLINK-1236,2024-11-30T00:00:01Z,2024-11-30T14:00:01Z,-2591.1,492.69
45192,STARLINK-1237,2024-11-27T18:05:08Z,2024-11-28T06:49:26Z,-101.2,554.31
45194,STARLINK-1240,2024-11-26T13:14:48Z,2024-11-27T11:32:23Z,118.1,554.35
45194,STARLINK-1240,2024-11-27T11:32:23Z,2024-11-28T09:49:55Z,-105.1,554.35
45196,STARLINK-1244,2024-11-26T12:48:15Z,2024-11-27T01:32:35Z,207.8,554.37
45197,STARLINK-1269,2024-11-28T17:05:09Z,2024-11-29T01:02:52Z,122.8,554.34
45197,STARLINK-1269,2024-11-29T16:58:16Z,2024-11-30T08:53:39Z,-101.6,554.34
45201,STARLINK-1199,2024-11-27T17:14:44Z,2024-11-28T10:45:39Z,-110.3,554.32
45201,STARLINK-1199,2024-11-29T09:03:11Z,2024-11-29T15:25:21Z,135.5,554.32
45204,STARLINK-1206,2024-11-26T10:01:04Z,2024-11-27T00:20:55Z,100.1,554.33
45205,STARLINK-1208,2024-11-27T16:48:13Z,2024-11-28T05:32:31Z,-105.1,554.31
45205,STARLINK-1208,2024-11-28T11:54:40Z,2024-11-28T16:41:18Z,114.3,554.31
45205,STARLINK-1208,2024-11-29T08:36:41Z,2024-11-30T05:18:40Z,-153.1,554.31
45206,STARLINK-1209,2024-11-26T22:21:34Z,2024-11-28T04:36:47Z,-150.9,554.34
45206,STARLINK-1209,2024-11-30T07:34:01Z,2024-11-30T13:56:12Z,148.1,554.34
45207,STARLINK-1210,2024-11-27T16:22:08Z,2024-11-28T11:22:39Z,-154.7,530.22
45207,STARLINK-1210,2024-11-28T16:07:46Z,2024-11-29T07:58:09Z,-138.7,530.22
45207,STARLINK-1210,2024-11-29T07:58:09Z,2024-11-30T07:43:40Z,-234.4,530.22
45212,STARLINK-1231,2024-11-29T16:23:46Z,2024-11-30T09:54:40Z,-157.7,554.36
45217,STARLINK-1271,2024-11-28T05:37:48Z,2024-11-28T11:59:57Z,-107.5,554.34
45217,STARLINK-1271,2024-11-28T11:59:57Z,2024-11-28T16:46:35Z,174.0,554.34
45217,STARLINK-1271,2024-11-29T05:30:54Z,2024-11-30T05:23:59Z,-119.9,554.34
45219,STARLINK-1187,2024-11-26T22:00:01Z,2024-11-27T06:00:01Z,-105.4,432.08
45219,STARLINK-1187,2024-11-27T06:00:01Z,2024-11-27T14:00:01Z,-175.2,432.08
45219,STARLINK-1187,2024-11-27T14:00:01Z,2024-11-28T00:00:01Z,-105.1,432.08
45219,STARLINK-1187,2024-11-28T00:00:01Z,2024-11-28T14:00:01Z,-208.0,432.08
45219,STARLINK-1187,2024-11-28T22:00:01Z,2024-11-29T03:43:16Z,-113.3,432.08
45219,STARLINK-1187,2024-11-29T03:43:16Z,2024-11-30T06:04:24Z,-313.9,432.08
45221,STARLINK-1189,2024-11-27T15:20:37Z,2024-11-28T10:27:05Z,-101.6,554.37
45221,STARLINK-1189,2024-11-28T10:27:05Z,2024-11-28T15:13:42Z,127.4,554.37
45222,STARLINK-1191,2024-11-26T07:40:24Z,2024-11-27T07:33:32Z,121.6,554.33
45222,STARLINK-1191,2024-11-27T15:31:14Z,2024-11-28T10:37:42Z,-123.1,554.33
45222,STARLINK-1191,2024-11-28T10:37:42Z,2024-11-28T15:24:20Z,118.7,554.33
45222,STARLINK-1191,2024-11-29T07:19:44Z,2024-11-30T07:12:47Z,-219.7,554.33
45223,STARLINK-1212,2024-11-26T08:07:04Z,2024-11-27T14:22:21Z,130.9,554.29
45225,STARLINK-1215,2024-11-27T22:51:46Z,2024-11-28T08:25:00Z,-100.6,554.34
45225,STARLINK-1215,2024-11-29T08:18:06Z,2024-11-30T14:33:21Z,-153.4,554.34
45227,STARLINK-1221,2024-11-26T07:49:47Z,2024-11-27T21:39:54Z,-522.1,507.96
45227,STARLINK-1221,2024-11-27T21:39:54Z,2024-11-28T03:58:14Z,-103.6,507.96
45227,STARLINK-1221,2024-11-28T07:07:24Z,2024-11-29T03:36:53Z,-326.5,507.96
45227,STARLINK-1221,2024-11-29T06:46:02Z,2024-11-29T22:31:44Z,-272.5,507.96
45228,STARLINK-1222,2024-11-26T06:15:29Z,2024-11-27T15:41:51Z,102.0,554.31
45228,STARLINK-1222,2024-11-28T07:37:14Z,2024-11-28T15:34:57Z,123.1,554.31
45228,STARLINK-1222,2024-11-29T07:30:21Z,2024-11-30T04:12:19Z,-125.6,554.31
45229,STARLINK-1226,2024-11-26T08:33:30Z,2024-11-26T22:53:22Z,113.3,554.38
45229,STARLINK-1226,2024-11-27T08:26:37Z,2024-11-28T09:55:12Z,-307.9,554.38
45229,STARLINK-1226,2024-11-28T09:55:12Z,2024-11-28T14:41:50Z,243.7,554.38
45232,STARLINK-1235,2024-11-26T06:00:02Z,2024-11-26T14:00:01Z,-149.3,426.07
45232,STARLINK-1235,2024-11-26T14:00:01Z,2024-11-26T22:00:01Z,-297.8,426.07
45232,STARLINK-1235,2024-11-26T22:00:01Z,2024-11-27T06:00:01Z,-346.4,426.07
45232,STARLINK-1235,2024-11-27T06:00:01Z,2024-11-27T14:00:01Z,-130.5,426.07
45232,STARLINK-1235,2024-11-27T14:00:01Z,2024-11-28T00:00:01Z,-375.4,426.07
45232,STARLINK-1235,2024-11-28T00:00:01Z,2024-11-28T14:00:01Z,-450.7,426.07
45232,STARLINK-1235,2024-11-28T14:00:01Z,2024-11-28T22:00:01Z,-360.5,426.07
45232,STARLINK-1235,2024-11-28T22:00:01Z,2024-11-29T11:52:51Z,-360.1,426.07
45232,STARLINK-1235,2024-11-29T11:52:51Z,2024-11-29T22:00:01Z,-139.4,426.07
45233,STARLINK-1238,2024-11-26T09:49:05Z,2024-11-27T06:31:07Z,148.9,554.32
45235,STARLINK-1246,2024-11-26T13:36:03Z,2024-11-27T07:06:59Z,108.1,554.31
45235,STARLINK-1246,2024-11-29T06:53:11Z,2024-11-30T06:46:15Z,-122.6,554.31
45236,STARLINK-1247,2024-11-28T14:31:13Z,2024-11-28T22:28:56Z,106.8,554.31
45236,STARLINK-1247,2024-11-29T14:24:20Z,2024-11-30T06:19:42Z,-147.8,554.31
45360,STARLINK-1279,2024-11-26T19:03:46Z,2024-11-27T07:48:07Z,147.7,554.32
45361,STARLINK-1301,2024-11-28T18:32:42Z,2024-11-29T13:39:12Z,157.7,554.32
45361,STARLINK-1301,2024-11-29T18:25:49Z,2024-11-30T13:32:17Z,-147.3,554.32
45362,STARLINK-1306,2024-11-27T18:10:29Z,2024-11-27T21:21:34Z,103.3,554.36
45362,STARLINK-1306,2024-11-27T21:21:34Z,2024-11-28T02:08:11Z,-105.9,554.36
45362,STARLINK-1306,2024-11-28T02:08:11Z,2024-11-28T19:39:07Z,-135.2,554.36
45364,STARLINK-1313,2024-11-26T06:06:54Z,2024-11-27T10:26:31Z,-8753.8,236.76
45364,STARLINK-1313,2024-11-27T10:26:31Z,2024-11-27T22:20:23Z,-9607.3,236.76
45364,STARLINK-1313,2024-11-27T22:20:23Z,2024-11-27T23:49:32Z,-850.2,236.76
45364,STARLINK-1313,2024-11-27T23:49:32Z,2024-11-28T10:48:40Z,-10602.3,236.76
45364,STARLINK-1313,2024-11-28T10:48:40Z,2024-11-28T20:53:29Z,-11008.9,236.76
45364,STARLINK-1313,2024-11-28T20:53:29Z,2024-11-28T23:50:07Z,-3457.9,236.76
45364,STARLINK-1313,2024-11-28T23:50:07Z,2024-11-29T10:25:56Z,-24710.8,236.76
45368,STARLINK-1276,2024-11-28T20:42:45Z,2024-11-29T01:29:24Z,104.4,554.33
45380,STARLINK-1207,2024-11-26T22:00:01Z,2024-11-27T06:00:01Z,-2154.0,417.84
45380,STARLINK-1207,2024-11-27T06:00:01Z,2024-11-27T14:00:01Z,-2247.1,417.84
45380,STARLINK-1207,2024-11-27T14:00:01Z,2024-11-28T00:00:01Z,-2848.4,417.84
45380,STARLINK-1207,2024-11-28T00:00:01Z,2024-11-28T06:00:01Z,-1532.3,417.84
45380,STARLINK-1207,2024-11-28T06:00:01Z,2024-11-28T14:00:01Z,-2267.4,417.84
45380,STARLINK-1207,2024-11-28T14:00:01Z,2024-11-28T22:00:01Z,-2263.0,417.84
45380,STARLINK-1207,2024-11-28T22:00:01Z,2024-11-29T14:00:01Z,-3990.8,417.84
45380,STARLINK-1207,2024-11-29T14:00:01Z,2024-11-30T00:00:01Z,-2693.1,417.84
45380,STARLINK-1207,2024-11-30T00:00:01Z,2024-11-30T06:00:01Z,-1605.3,417.84
45380,STARLINK-1207,2024-11-30T06:00:01Z,2024-11-30T14:00:01Z,-2206.5,417.84
45381,STARLINK-1258,2024-11-26T19:28:58Z,2024-11-27T08:13:19Z,246.9,554.35
45381,STARLINK-1258,2024-11-27T19:22:07Z,2024-11-28T14:28:36Z,-161.0,554.35
45381,STARLINK-1258,2024-11-28T17:39:40Z,2024-11-29T06:24:00Z,106.4,554.35
45381,STARLINK-1258,2024-11-29T15:57:15Z,2024-11-30T12:39:14Z,-179.4,554.35
45383,STARLINK-1266,2024-11-28T19:04:33Z,2024-11-29T06:13:21Z,162.4,554.36
45383,STARLINK-1266,2024-11-29T15:46:35Z,2024-11-30T15:39:40Z,-155.0,554.36
45384,STARLINK-1267,2024-11-28T18:43:26Z,2024-11-29T07:27:46Z,149.2,554.33
45386,STARLINK-1272,2024-11-26T19:07:44Z,2024-11-27T07:52:05Z,119.7,554.36
45387,STARLINK-1274,2024-11-26T19:39:35Z,2024-11-27T08:23:55Z,204.6,554.34
45389,STARLINK-1283,2024-11-26T16:49:45Z,2024-11-27T19:53:56Z,161.2,554.35
45389,STARLINK-1283,2024-11-29T16:29:04Z,2024-11-30T13:11:04Z,-120.3,554.35
45390,STARLINK-1284,2024-11-29T15:51:55Z,2024-11-30T15:44:58Z,-154.0,554.32
45393,STARLINK-1291,2024-11-26T22:00:01Z,2024-11-27T06:00:01Z,-2143.5,407.22
45393,STARLINK-1291,2024-11-27T06:00:01Z,2024-11-27T14:00:01Z,-2249.1,407.22
45393,STARLINK-1291,2024-11-27T14:00:01Z,2024-11-27T22:00:01Z,-2248.1,407.22
45393,STARLINK-1291,2024-11-27T22:00:01Z,2024-11-28T00:00:01Z,-536.4,407.22
45393,STARLINK-1291,2024-11-28T00:00:01Z,2024-11-28T14:00:01Z,-3836.5,407.22
45393,STARLINK-1291,2024-11-28T14:00:01Z,2024-11-28T22:00:01Z,-2266.4,407.22
45393,STARLINK-1291,2024-11-28T22:00:01Z,2024-11-29T06:00:01Z,-2111.7,407.22
45393,STARLINK-1291,2024-11-29T06:00:01Z,2024-11-29T14:00:01Z,-2233.3,407.22
45393,STARLINK-1291,2024-11-29T14:00:01Z,2024-11-29T22:00:01Z,-2231.5,407.22
45393,STARLINK-1291,2024-11-29T22:00:01Z,2024-11-30T00:00:01Z,-543.0,407.22
45393,STARLINK-1291,2024-11-30T00:00:01Z,2024-11-30T14:00:01Z,-3829.8,407.22
45394,STARLINK-1292,2024-11-26T19:34:17Z,2024-11-27T08:18:39Z,135.0,554.36
45394,STARLINK-1292,2024-11-27T17:51:54Z,2024-11-28T14:33:53Z,-118.0,554.36
45395,STARLINK-1297,2024-11-26T20:16:44Z,2024-11-27T13:47:44Z,132.4,554.35
45395,STARLINK-1297,2024-11-28T18:27:24Z,2024-11-29T13:33:54Z,126.2,554.35
45395,STARLINK-1297,2024-11-29T13:33:54Z,2024-11-30T13:26:58Z,-106.3,554.35
45396,STARLINK-1303,2024-11-26T22:00:01Z,2024-11-27T06:00:01Z,-2181.3,436.45
45396,STARLINK-1303,2024-11-27T06:00:01Z,2024-11-27T14:00:01Z,-2275.1,436.45
45396,STARLINK-1303,2024-11-27T14:00:01Z,2024-11-27T22:00:01Z,-2271.6,436.45
45396,STARLINK-1303,2024-11-27T22:00:01Z,2024-11-28T00:00:01Z,-620.8,436.45
45396,STARLINK-1303,2024-11-28T00:00:01Z,2024-11-28T06:00:01Z,-2144.1,436.45
45396,STARLINK-1303,2024-11-28T06:00:01Z,2024-11-28T14:00:01Z,-436.9,436.45
45396,STARLINK-1303,2024-11-29T06:00:01Z,2024-11-29T14:00:01Z,-116.7,436.45
45397,STARLINK-1307,2024-11-28T19:52:19Z,2024-11-29T13:23:17Z,219.9,554.35
45397,STARLINK-1307,2024-11-29T18:09:54Z,2024-11-30T13:16:22Z,-142.7,554.35
45398,STARLINK-1312,2024-11-26T18:20:00Z,2024-11-27T21:24:11Z,182.5,554.25
45398,STARLINK-1312,2024-11-27T21:24:11Z,2024-11-28T13:19:34Z,-122.1,554.25
45398,STARLINK-1312,2024-11-28T16:30:38Z,2024-11-29T06:50:30Z,130.9,554.25
45398,STARLINK-1312,2024-11-29T13:12:40Z,2024-11-30T13:05:44Z,-118.0,554.25
45399,STARLINK-1255,2024-11-27T16:01:45Z,2024-11-28T12:43:45Z,-107.9,554.35
45399,STARLINK-1255,2024-11-28T12:43:45Z,2024-11-29T12:36:51Z,113.6,554.35
45399,STARLINK-1255,2024-11-29T15:47:55Z,2024-11-30T12:29:55Z,-176.5,554.35
45400,STARLINK-1213,2024-11-26T14:00:01Z,2024-11-26T22:00:01Z,-281.6,390.62
45400,STARLINK-1213,2024-11-26T22:00:01Z,2024-11-27T06:00:01Z,-459.2,390.62
45400,STARLINK-1213,2024-11-27T06:00:01Z,2024-11-27T14:00:01Z,-326.9,390.62
45400,STARLINK-1213,2024-11-27T14:00:01Z,2024-11-27T22:00:01Z,-271.5,390.62
45400,STARLINK-1213,2024-11-27T22:00:01Z,2024-11-28T00:00:01Z,-107.8,390.62
45400,STARLINK-1213,2024-11-28T00:00:01Z,2024-11-28T14:00:01Z,-747.6,390.62
45400,STARLINK-1213,2024-11-28T14:00:01Z,2024-11-28T22:00:01Z,-186.1,390.62
45400,STARLINK-1213,2024-11-28T22:00:01Z,2024-11-29T14:00:01Z,-950.1,390.62
45400,STARLINK-1213,2024-11-29T14:00:01Z,2024-11-29T22:00:01Z,-245.1,390.62
45400,STARLINK-1213,2024-11-29T22:00:01Z,2024-11-30T00:00:01Z,-127.5,390.62
45400,STARLINK-1213,2024-11-30T00:00:01Z,2024-11-30T06:00:01Z,-312.3,390.62
45400,STARLINK-1213,2024-11-30T06:00:01Z,2024-11-30T14:00:01Z,-526.9,390.62
45403,STARLINK-1259,2024-11-26T19:51:32Z,2024-11-27T13:22:30Z,184.7,554.27
45403,STARLINK-1259,2024-11-29T13:08:43Z,2024-11-30T05:04:06Z,-122.4,554.27
45404,STARLINK-1260,2024-11-28T18:18:06Z,2024-11-29T07:02:27Z,179.4,554.33
45405,STARLINK-1263,2024-11-26T16:35:09Z,2024-11-27T13:17:12Z,103.5,554.38
45406,STARLINK-1265,2024-11-26T07:12:33Z,2024-11-26T19:56:50Z,-105.4,554.29
45406,STARLINK-1265,2024-11-26T19:56:50Z,2024-11-27T13:27:47Z,242.9,554.29
45406,STARLINK-1265,2024-11-27T16:38:52Z,2024-11-28T13:20:53Z,-168.4,554.29
45406,STARLINK-1265,2024-11-29T13:14:00Z,2024-11-30T13:07:04Z,-204.7,554.29
45407,STARLINK-1275,2024-11-27T15:53:09Z,2024-11-28T10:33:12Z,-244.5,447.5
45407,STARLINK-1275,2024-11-28T15:13:12Z,2024-11-30T02:59:47Z,-449.2,447.5
45407,STARLINK-1275,2024-11-30T02:59:47Z,2024-11-30T10:46:25Z,-113.4,447.5
45409,STARLINK-1282,2024-11-29T15:21:24Z,2024-11-30T12:03:23Z,-120.8,554.37
45411,STARLINK-1293,2024-11-26T17:38:53Z,2024-11-27T17:31:57Z,-123.5,554.31
45411,STARLINK-1293,2024-11-28T19:00:36Z,2024-11-29T12:31:30Z,-105.9,554.31
45411,STARLINK-1293,2024-11-29T15:42:35Z,2024-11-30T12:24:37Z,126.5,554.31
45412,STARLINK-1296,2024-11-28T13:26:12Z,2024-11-28T18:12:48Z,-106.8,554.34
45412,STARLINK-1296,2024-11-28T18:12:48Z,2024-11-29T06:57:08Z,260.8,554.34
45412,STARLINK-1296,2024-11-29T16:30:23Z,2024-11-30T06:50:14Z,-141.3,554.34
45413,STARLINK-1298,2024-11-27T14:15:36Z,2024-11-28T18:55:19Z,-127.2,554.32
45413,STARLINK-1298,2024-11-29T12:26:15Z,2024-11-30T12:19:19Z,-226.2,554.32
45414,STARLINK-1309,2024-11-28T16:58:31Z,2024-11-29T15:16:05Z,101.9,554.33
45414,STARLINK-1309,2024-11-29T15:16:05Z,2024-11-30T11:58:04Z,-261.2,554.33
45415,STARLINK-1316,2024-11-26T08:16:14Z,2024-11-26T19:24:59Z,-103.3,554.34
45415,STARLINK-1316,2024-11-26T19:24:59Z,2024-11-27T06:33:47Z,175.9,554.34
45415,STARLINK-1316,2024-11-27T19:18:07Z,2024-11-28T12:49:02Z,-132.6,554.34
45415,STARLINK-1316,2024-11-29T19:04:19Z,2024-11-30T12:35:14Z,-131.1,554.34
45416,STARLINK-1318,2024-11-26T18:37:14Z,2024-11-27T18:30:20Z,131.8,554.34
45416,STARLINK-1318,2024-11-28T18:23:24Z,2024-11-29T18:16:34Z,115.8,554.34
45417,STARLINK-1286,2024-11-29T16:47:40Z,2024-11-30T16:40:43Z,-158.4,554.37
45531,STARLINK-1329,2024-11-28T11:17:29Z,2024-11-29T11:10:36Z,108.1,554.3
45532,STARLINK-1338,2024-11-26T16:33:51Z,2024-11-27T05:18:11Z,106.7,554.39
45532,STARLINK-1338,2024-11-27T16:26:58Z,2024-11-28T11:33:25Z,-126.1,554.39
45532,STARLINK-1338,2024-11-28T11:33:25Z,2024-11-29T11:26:32Z,135.1,554.39
45532,STARLINK-1338,2024-11-29T11:26:32Z,2024-11-30T12:55:07Z,-147.3,554.39
45534,STARLINK-1341,2024-11-26T06:00:02Z,2024-11-26T14:00:01Z,-2154.8,424.8
45534,STARLINK-1341,2024-11-26T14:00:01Z,2024-11-26T22:00:01Z,-2300.9,424.8
45534,STARLINK-1341,2024-11-26T22:00:01Z,2024-11-27T06:00:01Z,-2226.4,424.8
45534,STARLINK-1341,2024-11-27T06:00:01Z,2024-11-27T14:00:01Z,-2148.2,424.8
45534,STARLINK-1341,2024-11-27T14:00:01Z,2024-11-27T22:00:01Z,-2179.6,424.8
45534,STARLINK-1341,2024-11-28T00:00:01Z,2024-11-28T06:00:01Z,-227.4,424.8
45534,STARLINK-1341,2024-11-28T06:00:01Z,2024-11-28T14:00:01Z,402.1,424.8
45534,STARLINK-1341,2024-11-28T14:00:01Z,2024-11-28T22:00:01Z,-1917.2,424.8
45534,STARLINK-1341,2024-11-28T22:00:01Z,2024-11-29T06:00:01Z,-2439.4,424.8
45534,STARLINK-1341,2024-11-29T06:00:01Z,2024-11-29T14:00:01Z,-1530.2,424.8
45534,STARLINK-1341,2024-11-29T14:00:01Z,2024-11-29T22:00:01Z,-2174.3,424.8
45534,STARLINK-1341,2024-11-29T22:00:01Z,2024-11-30T00:00:01Z,-489.0,424.8
45534,STARLINK-1341,2024-11-30T00:00:01Z,2024-11-30T06:00:01Z,-1765.6,424.8
45534,STARLINK-1341,2024-11-30T06:00:01Z,2024-11-30T14:00:01Z,-2150.6,424.8
45535,STARLINK-1350,2024-11-28T17:02:32Z,2024-11-29T10:33:26Z,-188.1,554.37
45535,STARLINK-1350,2024-11-30T10:26:30Z,2024-11-30T13:37:34Z,-153.8,554.37
45535,STARLINK-1350,2024-11-30T13:37:34Z,2024-11-30T16:48:36Z,-511.9,554.37
45536,STARLINK-1352,2024-11-26T17:10:04Z,2024-11-27T12:15:46Z,-198.3,550.92
45536,STARLINK-1352,2024-11-27T13:51:15Z,2024-11-28T04:10:29Z,-132.3,550.92
45536,STARLINK-1352,2024-11-28T04:10:29Z,2024-11-29T04:02:31Z,-224.0,550.92
45536,STARLINK-1352,2024-11-29T10:24:22Z,2024-11-30T10:16:19Z,-230.1,550.92
45538,STARLINK-1362,2024-11-26T17:20:11Z,2024-11-27T14:02:12Z,145.7,554.37
45538,STARLINK-1362,2024-11-29T12:12:53Z,2024-11-30T12:05:58Z,-100.4,554.37
45540,STARLINK-1368,2024-11-26T15:51:22Z,2024-11-27T18:55:35Z,158.9,554.35
45540,STARLINK-1368,2024-11-28T10:50:58Z,2024-11-29T10:44:01Z,-125.5,554.35
45540,STARLINK-1368,2024-11-29T13:55:06Z,2024-11-30T10:37:08Z,228.5,554.35
45541,STARLINK-1369,2024-11-28T15:42:52Z,2024-11-29T04:27:13Z,105.6,554.34
45542,STARLINK-1371,2024-11-26T16:44:27Z,2024-11-27T11:50:59Z,163.8,554.31
45544,STARLINK-1373,2024-11-28T11:28:06Z,2024-11-28T16:14:43Z,-111.1,554.38
45544,STARLINK-1373,2024-11-28T16:14:43Z,2024-11-29T11:21:13Z,188.0,554.38
45544,STARLINK-1373,2024-11-29T11:21:13Z,2024-11-30T12:49:51Z,-187.5,554.38
45545,STARLINK-1374,2024-11-26T06:00:02Z,2024-11-26T22:00:01Z,-4946.8,420.5
45545,STARLINK-1374,2024-11-27T14:00:01Z,2024-11-27T22:00:01Z,-1228.5,420.5
45545,STARLINK-1374,2024-11-27T22:00:01Z,2024-11-28T00:00:01Z,-496.4,420.5
45545,STARLINK-1374,2024-11-28T00:00:01Z,2024-11-28T14:00:01Z,-3876.2,420.5
45545,STARLINK-1374,2024-11-28T14:00:01Z,2024-11-28T22:00:01Z,-2267.9,420.5
45545,STARLINK-1374,2024-11-28T22:00:01Z,2024-11-29T14:00:01Z,-4376.6,420.5
45545,STARLINK-1374,2024-11-29T14:00:01Z,2024-11-30T00:00:01Z,-2773.2,420.5
45545,STARLINK-1374,2024-11-30T00:00:01Z,2024-11-30T06:00:01Z,-1745.1,420.5
45545,STARLINK-1374,2024-11-30T06:00:01Z,2024-11-30T14:00:01Z,-1985.0,420.5
45546,STARLINK-1375,2024-11-27T13:53:00Z,2024-11-28T13:46:07Z,114.9,554.31
45548,STARLINK-1378,2024-11-26T06:00:02Z,2024-11-26T22:00:01Z,-4609.1,490.03
45548,STARLINK-1378,2024-11-26T22:00:01Z,2024-11-27T14:00:01Z,-4479.6,490.03
45548,STARLINK-1378,2024-11-27T14:00:01Z,2024-11-28T00:00:01Z,-2865.9,490.03
45548,STARLINK-1378,2024-11-28T00:00:01Z,2024-11-28T06:00:01Z,-1757.5,490.03
45548,STARLINK-1378,2024-11-28T06:00:01Z,2024-11-28T14:00:01Z,-2202.1,490.03
45548,STARLINK-1378,2024-11-28T14:00:01Z,2024-11-28T22:00:01Z,-2377.9,490.03
45548,STARLINK-1378,2024-11-28T22:00:01Z,2024-11-29T06:00:01Z,-2237.5,490.03
45548,STARLINK-1378,2024-11-29T06:00:01Z,2024-11-29T14:00:01Z,-2188.1,490.03
45548,STARLINK-1378,2024-11-29T14:00:01Z,2024-11-30T00:00:01Z,-2841.1,490.03
45548,STARLINK-1378,2024-11-30T00:00:01Z,2024-11-30T06:00:01Z,-1792.5,490.03
45548,STARLINK-1378,2024-11-30T06:00:01Z,2024-11-30T14:00:01Z,-2160.1,490.03
45551,STARLINK-1294,2024-11-26T13:25:26Z,2024-11-27T10:07:27Z,145.0,554.26
45553,STARLINK-1323,2024-11-26T13:41:20Z,2024-11-27T15:10:00Z,148.8,554.3
45553,STARLINK-1323,2024-11-28T15:03:04Z,2024-11-29T10:09:34Z,114.9,554.3
45554,STARLINK-1325,2024-11-28T12:22:45Z,2024-11-29T09:01:07Z,-816.7,540.86
45554,STARLINK-1325,2024-11-29T09:01:07Z,2024-11-29T12:11:37Z,-139.5,540.86
45554,STARLINK-1325,2024-11-29T12:11:37Z,2024-11-30T02:28:54Z,-187.6,540.86
45555,STARLINK-1327,2024-11-29T09:05:53Z,2024-11-30T10:34:30Z,-163.8,554.34
45556,STARLINK-1334,2024-11-26T15:11:35Z,2024-11-27T10:17:31Z,-2036.8,542.46
45556,STARLINK-1334,2024-11-27T10:17:31Z,2024-11-28T03:47:15Z,-3086.8,542.46
45556,STARLINK-1334,2024-11-28T03:47:15Z,2024-11-28T14:00:01Z,-4199.7,542.46
45556,STARLINK-1334,2024-11-28T14:00:01Z,2024-11-28T22:00:01Z,-1661.4,542.46
45556,STARLINK-1334,2024-11-28T22:00:01Z,2024-11-29T06:00:01Z,-1708.3,542.46
45556,STARLINK-1334,2024-11-29T06:00:01Z,2024-11-29T14:00:01Z,-1524.3,542.46
45556,STARLINK-1334,2024-11-29T14:00:01Z,2024-11-29T22:00:01Z,-1537.6,542.46
45556,STARLINK-1334,2024-11-29T22:00:01Z,2024-11-30T00:00:01Z,-304.1,542.46
45556,STARLINK-1334,2024-11-30T00:00:01Z,2024-11-30T06:00:01Z,-1543.1,542.46
45556,STARLINK-1334,2024-11-30T06:00:01Z,2024-11-30T14:00:01Z,-2239.0,542.46
45557,STARLINK-1336,2024-11-29T13:25:57Z,2024-11-30T11:43:30Z,-116.5,554.32
45558,STARLINK-1342,2024-11-27T19:14:10Z,2024-11-28T12:45:05Z,-126.1,554.29
45558,STARLINK-1342,2024-11-28T12:45:05Z,2024-11-29T09:27:07Z,125.1,554.29
45560,STARLINK-1346,2024-11-26T14:30:32Z,2024-11-27T09:37:01Z,240.2,554.34
45560,STARLINK-1346,2024-11-29T09:23:13Z,2024-11-30T10:51:49Z,-144.6,554.34
45562,STARLINK-1354,2024-11-26T06:00:02Z,2024-11-26T22:00:01Z,-2392.2,331.03
45562,STARLINK-1354,2024-11-26T22:00:01Z,2024-11-27T06:00:01Z,-1325.6,331.03
45562,STARLINK-1354,2024-11-27T06:00:01Z,2024-11-27T14:00:01Z,-1108.9,331.03
45562,STARLINK-1354,2024-11-27T14:00:01Z,2024-11-27T22:00:01Z,-1229.6,331.03
45562,STARLINK-1354,2024-11-27T22:00:01Z,2024-11-28T00:00:01Z,-288.7,331.03
45562,STARLINK-1354,2024-11-28T00:00:01Z,2024-11-28T06:00:01Z,-693.4,331.03
45562,STARLINK-1354,2024-11-28T06:00:01Z,2024-11-28T14:00:01Z,-360.2,331.03
45562,STARLINK-1354,2024-11-28T14:00:01Z,2024-11-28T22:00:01Z,-465.6,331.03
45562,STARLINK-1354,2024-11-28T22:00:01Z,2024-11-29T06:00:01Z,-537.0,331.03
45562,STARLINK-1354,2024-11-29T06:00:01Z,2024-11-29T14:00:01Z,-367.0,331.03
45562,STARLINK-1354,2024-11-29T14:00:01Z,2024-11-29T22:00:01Z,-414.6,331.03
45562,STARLINK-1354,2024-11-29T22:00:01Z,2024-11-30T06:00:01Z,-596.8,331.03
45562,STARLINK-1354,2024-11-30T06:00:01Z,2024-11-30T14:00:01Z,-447.2,331.03
45563,STARLINK-1355,2024-11-26T06:25:59Z,2024-11-26T19:09:55Z,-1556.5,545.67
45563,STARLINK-1355,2024-11-26T19:09:55Z,2024-11-27T06:00:01Z,-2017.7,545.67
45563,STARLINK-1355,2024-11-27T06:00:01Z,2024-11-27T14:00:01Z,-933.9,545.67
45563,STARLINK-1355,2024-11-27T14:00:01Z,2024-11-28T00:00:01Z,-1292.6,545.67
45563,STARLINK-1355,2024-11-28T00:00:01Z,2024-11-28T06:00:01Z,-869.6,545.67
45563,STARLINK-1355,2024-11-28T06:00:01Z,2024-11-28T14:00:01Z,-932.6,545.67
45563,STARLINK-1355,2024-11-28T14:00:01Z,2024-11-28T22:00:01Z,-1044.8,545.67
45563,STARLINK-1355,2024-11-28T22:00:01Z,2024-11-29T06:00:01Z,-762.5,545.67
45563,STARLINK-1355,2024-11-29T06:00:01Z,2024-11-29T14:00:01Z,-1900.0,545.67
45563,STARLINK-1355,2024-11-29T14:00:01Z,2024-11-29T22:00:01Z,-2416.0,545.67
45563,STARLINK-1355,2024-11-29T22:00:01Z,2024-11-30T06:00:01Z,-2081.3,545.67
45563,STARLINK-1355,2024-11-30T06:00:01Z,2024-11-30T14:00:01Z,-1298.6,545.67
45564,STARLINK-1356,2024-11-26T09:31:52Z,2024-11-27T12:36:04Z,114.6,554.34
45565,STARLINK-1357,2024-11-26T15:43:24Z,2024-11-27T04:27:46Z,208.8,554.35
45565,STARLINK-1357,2024-11-27T04:27:46Z,2024-11-27T10:49:58Z,115.2,554.35
45565,STARLINK-1357,2024-11-27T10:49:58Z,2024-11-28T12:18:32Z,-281.5,554.35
45565,STARLINK-1357,2024-11-28T12:18:32Z,2024-11-28T18:40:43Z,114.3,554.35
45565,STARLINK-1357,2024-11-29T12:11:41Z,2024-11-30T10:29:11Z,-149.1,554.35
45566,STARLINK-1358,2024-11-28T15:36:58Z,2024-11-29T10:42:49Z,1063.5,550.89
45566,STARLINK-1358,2024-11-29T12:18:18Z,2024-11-30T10:35:09Z,115.3,550.89
45567,STARLINK-1361,2024-11-26T16:20:34Z,2024-11-27T09:51:32Z,235.4,554.34
45567,STARLINK-1361,2024-11-29T09:37:44Z,2024-11-30T09:30:48Z,-123.9,554.34
45568,STARLINK-1363,2024-11-26T13:30:46Z,2024-11-27T11:48:21Z,206.4,554.29
45568,STARLINK-1363,2024-11-29T09:59:00Z,2024-11-30T09:52:04Z,-195.3,554.29
45569,STARLINK-1366,2024-11-26T16:25:53Z,2024-11-27T11:32:21Z,196.1,554.31
45570,STARLINK-1376,2024-11-26T16:15:15Z,2024-11-27T09:46:13Z,135.2,554.29
45570,STARLINK-1376,2024-11-27T16:08:24Z,2024-11-28T09:39:20Z,-147.4,554.29
45570,STARLINK-1376,2024-11-29T12:43:30Z,2024-11-30T12:36:33Z,-155.5,554.29
45572,STARLINK-1320,2024-11-26T15:28:03Z,2024-11-27T08:57:02Z,-240.0,545.27
45572,STARLINK-1320,2024-11-27T12:07:44Z,2024-11-28T08:47:21Z,-275.0,545.27
45572,STARLINK-1320,2024-11-28T13:33:24Z,2024-11-29T08:37:35Z,-236.4,545.27
45572,STARLINK-1320,2024-11-29T08:37:35Z,2024-11-30T02:06:22Z,-210.0,545.27
45573,STARLINK-1321,2024-11-26T15:55:21Z,2024-11-27T09:26:20Z,254.3,554.3
45573,STARLINK-1321,2024-11-27T14:12:58Z,2024-11-28T09:19:25Z,-253.9,554.3
45573,STARLINK-1321,2024-11-28T12:30:30Z,2024-11-29T02:50:21Z,126.7,554.3
45573,STARLINK-1321,2024-11-29T09:12:31Z,2024-11-30T10:41:08Z,-165.3,554.3
45576,STARLINK-1328,2024-11-26T15:34:09Z,2024-11-27T09:05:06Z,141.7,554.31
45576,STARLINK-1328,2024-11-28T13:44:47Z,2024-11-29T08:51:17Z,158.6,554.31
45576,STARLINK-1328,2024-11-29T12:02:22Z,2024-11-30T10:19:54Z,-136.7,554.31
45578,STARLINK-1331,2024-11-26T13:47:58Z,2024-11-27T12:05:34Z,232.5,554.21
45578,STARLINK-1331,2024-11-28T08:47:35Z,2024-11-30T11:44:49Z,-132.3,554.21
45579,STARLINK-1332,2024-11-26T12:23:03Z,2024-11-27T10:40:39Z,233.0,554.35
45579,STARLINK-1332,2024-11-27T17:02:49Z,2024-11-28T12:09:18Z,-106.2,554.35
45581,STARLINK-1335,2024-11-26T15:39:27Z,2024-11-27T12:21:30Z,115.0,554.33
45581,STARLINK-1335,2024-11-27T12:21:30Z,2024-11-28T12:14:33Z,-245.9,554.33
45581,STARLINK-1335,2024-11-28T12:14:33Z,2024-11-29T02:34:25Z,120.1,554.33
45581,STARLINK-1335,2024-11-29T12:07:40Z,2024-11-30T10:25:12Z,-135.2,554.33
45582,STARLINK-1337,2024-11-26T14:35:45Z,2024-11-27T09:42:15Z,219.6,554.3
45586,STARLINK-1347,2024-11-26T16:00:39Z,2024-11-27T09:31:37Z,120.6,554.34
45586,STARLINK-1347,2024-11-29T09:17:49Z,2024-11-30T10:46:26Z,-117.4,554.34
45587,STARLINK-1349,2024-11-26T12:07:07Z,2024-11-27T15:11:20Z,194.2,554.34
45587,STARLINK-1349,2024-11-29T08:35:23Z,2024-11-30T11:39:31Z,-132.5,554.34
45589,STARLINK-1364,2024-11-26T09:54:23Z,2024-11-26T17:52:06Z,500.1,554.33
45589,STARLINK-1364,2024-11-26T17:52:06Z,2024-11-27T09:47:31Z,157.9,554.33
45590,STARLINK-1365,2024-11-26T16:39:08Z,2024-11-27T11:45:38Z,121.8,554.38
45660,STARLINK-1443,2024-11-26T13:06:50Z,2024-11-27T09:48:54Z,257.6,554.25
45660,STARLINK-1443,2024-11-27T09:48:54Z,2024-11-27T14:35:31Z,-131.0,554.25
45660,STARLINK-1443,2024-11-27T14:35:31Z,2024-11-28T04:55:21Z,-158.1,554.25
45660,STARLINK-1443,2024-11-29T01:37:22Z,2024-11-29T07:59:31Z,118.4,554.25
45660,STARLINK-1443,2024-11-29T07:59:31Z,2024-11-30T07:52:36Z,-159.9,554.25
45661,STARLINK-1444,2024-11-26T11:45:47Z,2024-11-27T06:23:42Z,-231.4,438.49
45661,STARLINK-1444,2024-11-27T06:23:42Z,2024-11-27T17:15:48Z,-141.5,438.49
45661,STARLINK-1444,2024-11-27T17:15:48Z,2024-11-28T11:53:37Z,-237.4,438.49
45661,STARLINK-1444,2024-11-28T16:33:04Z,2024-11-29T08:04:32Z,-203.1,438.49
45661,STARLINK-1444,2024-11-29T08:04:32Z,2024-11-29T15:50:15Z,-101.6,438.49
45661,STARLINK-1444,2024-11-29T15:50:15Z,2024-11-30T05:48:31Z,-199.1,438.49
45662,STARLINK-1445,2024-11-26T06:00:02Z,2024-11-26T22:00:01Z,-1395.0,303.71
45662,STARLINK-1445,2024-11-26T22:00:01Z,2024-11-27T14:00:01Z,-2273.5,303.71
45662,STARLINK-1445,2024-11-27T14:00:01Z,2024-11-27T22:00:01Z,-647.1,303.71
45662,STARLINK-1445,2024-11-27T22:00:01Z,2024-11-28T00:00:01Z,-247.0,303.71
45662,STARLINK-1445,2024-11-28T00:00:01Z,2024-11-28T06:00:01Z,-1101.8,303.71
45662,STARLINK-1445,2024-11-28T06:00:01Z,2024-11-28T14:00:01Z,-887.3,303.71
45662,STARLINK-1445,2024-11-28T14:00:01Z,2024-11-28T22:00:01Z,-759.8,303.71
45662,STARLINK-1445,2024-11-28T22:00:01Z,2024-11-29T06:00:01Z,-1240.9,303.71
45662,STARLINK-1445,2024-11-29T06:00:01Z,2024-11-29T14:00:01Z,-937.0,303.71
45662,STARLINK-1445,2024-11-29T14:00:01Z,2024-11-29T22:00:01Z,-909.1,303.71
45662,STARLINK-1445,2024-11-29T22:00:01Z,2024-11-30T06:00:01Z,-986.6,303.71
45662,STARLINK-1445,2024-11-30T06:00:01Z,2024-11-30T14:00:01Z,-1102.1,303.71
45663,STARLINK-1446,2024-11-26T11:55:25Z,2024-11-27T13:19:11Z,-237.2,539.55
45665,STARLINK-1448,2024-11-26T13:12:09Z,2024-11-27T11:29:44Z,164.6,554.32
45665,STARLINK-1448,2024-11-27T14:40:49Z,2024-11-28T11:22:49Z,-110.7,554.32
45665,STARLINK-1448,2024-11-29T08:04:50Z,2024-11-30T07:57:55Z,-148.0,554.32
45666,STARLINK-1449,2024-11-26T10:50:46Z,2024-11-27T07:04:00Z,-430.0,446.37
45666,STARLINK-1449,2024-11-27T07:04:00Z,2024-11-28T11:03:44Z,-425.5,446.37
45666,STARLINK-1449,2024-11-29T05:43:29Z,2024-11-29T16:36:39Z,-134.1,446.37
45666,STARLINK-1449,2024-11-29T16:36:39Z,2024-11-30T08:09:42Z,-200.8,446.37
45668,STARLINK-1451,2024-11-26T14:53:03Z,2024-11-27T11:35:06Z,212.8,554.31
45668,STARLINK-1451,2024-11-27T14:46:08Z,2024-11-28T06:00:01Z,-204.6,554.31
45668,STARLINK-1451,2024-11-28T06:00:01Z,2024-11-28T08:17:07Z,102.6,554.31
45668,STARLINK-1451,2024-11-29T08:10:13Z,2024-11-30T09:38:49Z,-157.5,554.31
45669,STARLINK-1452,2024-11-26T07:21:50Z,2024-11-27T13:37:06Z,155.4,554.32
45670,STARLINK-1453,2024-11-26T10:20:59Z,2024-11-27T00:40:50Z,147.4,554.34
45670,STARLINK-1453,2024-11-28T11:42:42Z,2024-11-28T16:29:20Z,101.7,554.34
45670,STARLINK-1453,2024-11-30T11:28:53Z,2024-11-30T16:15:32Z,147.3,554.34
45671,STARLINK-1454,2024-11-26T13:49:18Z,2024-11-27T02:33:38Z,180.7,554.33
45671,STARLINK-1454,2024-11-27T13:42:26Z,2024-11-28T08:48:54Z,-123.3,554.33
45671,STARLINK-1454,2024-11-29T18:15:14Z,2024-11-30T10:10:36Z,-109.2,554.33
45673,STARLINK-1456,2024-11-28T09:10:09Z,2024-11-30T00:58:37Z,-147.5,554.35
45674,STARLINK-1457,2024-11-26T14:21:09Z,2024-11-27T09:27:38Z,115.7,554.27
45674,STARLINK-1457,2024-11-27T14:14:16Z,2024-11-28T12:31:49Z,-120.2,554.27
45674,STARLINK-1457,2024-11-28T14:07:21Z,2024-11-29T10:49:23Z,117.5,554.27
45674,STARLINK-1457,2024-11-29T10:49:23Z,2024-11-30T07:31:23Z,-137.9,554.27
45675,STARLINK-1458,2024-11-26T14:05:13Z,2024-11-27T02:49:33Z,152.4,554.36
45675,STARLINK-1458,2024-11-27T13:58:20Z,2024-11-28T13:51:25Z,-153.9,554.36
45675,STARLINK-1458,2024-11-28T13:51:25Z,2024-11-29T01:00:12Z,195.2,554.36
45676,STARLINK-1460,2024-11-30T00:10:50Z,2024-11-30T08:08:29Z,-146.1,554.33
45677,STARLINK-1392,2024-11-26T15:14:13Z,2024-11-27T02:23:01Z,184.0,554.33
45677,STARLINK-1392,2024-11-27T13:31:49Z,2024-11-28T08:38:17Z,-127.3,554.33
45678,STARLINK-1393,2024-11-28T17:58:03Z,2024-11-29T08:17:40Z,-101.0,553.12
45680,STARLINK-1395,2024-11-26T06:00:02Z,2024-11-26T22:00:01Z,-4502.6,510.18
45680,STARLINK-1395,2024-11-26T22:00:01Z,2024-11-27T14:00:01Z,-4654.1,510.18
45680,STARLINK-1395,2024-11-27T14:00:01Z,2024-11-28T00:00:01Z,-2829.3,510.18
45680,STARLINK-1395,2024-11-28T00:00:01Z,2024-11-28T06:00:01Z,-1785.4,510.18
45680,STARLINK-1395,2024-11-28T06:00:01Z,2024-11-28T14:00:01Z,-2260.3,510.18
45680,STARLINK-1395,2024-11-28T14:00:01Z,2024-11-28T22:00:01Z,-2230.0,510.18
45680,STARLINK-1395,2024-11-28T22:00:01Z,2024-11-29T14:00:01Z,-4652.6,510.18
45680,STARLINK-1395,2024-11-29T14:00:01Z,2024-11-29T22:00:01Z,-2206.8,510.18
45680,STARLINK-1395,2024-11-29T22:00:01Z,2024-11-30T14:00:01Z,-4648.4,510.18
45682,STARLINK-1397,2024-11-26T06:00:02Z,2024-11-26T22:00:01Z,-4502.3,511.55
45682,STARLINK-1397,2024-11-26T22:00:01Z,2024-11-27T14:00:01Z,-4654.6,511.55
45682,STARLINK-1397,2024-11-27T14:00:01Z,2024-11-28T00:00:01Z,-2830.9,511.55
45682,STARLINK-1397,2024-11-28T00:00:01Z,2024-11-28T06:00:01Z,-1786.8,511.55
45682,STARLINK-1397,2024-11-28T06:00:01Z,2024-11-28T14:00:01Z,-2283.1,511.55
45682,STARLINK-1397,2024-11-28T14:00:01Z,2024-11-28T22:00:01Z,-2212.8,511.55
45682,STARLINK-1397,2024-11-28T22:00:01Z,2024-11-29T14:00:01Z,-4647.1,511.55
45682,STARLINK-1397,2024-11-29T14:00:01Z,2024-11-29T22:00:01Z,-2211.3,511.55
45682,STARLINK-1397,2024-11-29T22:00:01Z,2024-11-30T14:00:01Z,-4639.2,511.55
45683,STARLINK-1399,2024-11-26T13:24:05Z,2024-11-27T08:30:35Z,175.9,554.36
45684,STARLINK-1401,2024-11-26T22:00:01Z,2024-11-27T14:00:01Z,-674.7,373.88
45684,STARLINK-1401,2024-11-27T14:00:01Z,2024-11-27T22:00:01Z,-265.0,373.88
45684,STARLINK-1401,2024-11-28T06:00:01Z,2024-11-28T14:00:01Z,-329.7,373.88
45684,STARLINK-1401,2024-11-28T14:00:01Z,2024-11-28T22:00:01Z,-310.3,373.88
45684,STARLINK-1401,2024-11-28T22:00:01Z,2024-11-29T14:00:01Z,-671.8,373.88
45684,STARLINK-1401,2024-11-29T14:00:01Z,2024-11-29T22:00:01Z,-445.4,373.88
45684,STARLINK-1401,2024-11-29T22:00:01Z,2024-11-30T14:00:01Z,-665.5,373.88
45686,STARLINK-1404,2024-11-26T14:11:52Z,2024-11-27T14:04:59Z,124.5,554.29
45686,STARLINK-1404,2024-11-27T14:04:59Z,2024-11-28T10:46:58Z,-251.8,554.29
45686,STARLINK-1404,2024-11-28T10:46:58Z,2024-11-29T09:04:32Z,239.7,554.29
45688,STARLINK-1408,2024-11-26T22:15:03Z,2024-11-27T04:22:37Z,-189.4,375.5
45688,STARLINK-1408,2024-11-27T04:22:37Z,2024-11-28T11:00:14Z,-983.6,375.5
45688,STARLINK-1408,2024-11-28T11:00:14Z,2024-11-28T22:00:01Z,-363.5,375.5
45688,STARLINK-1408,2024-11-28T22:00:01Z,2024-11-29T14:00:01Z,-382.8,375.5
45688,STARLINK-1408,2024-11-29T14:00:01Z,2024-11-29T22:00:01Z,-343.9,375.5
45688,STARLINK-1408,2024-11-29T22:00:01Z,2024-11-30T06:00:01Z,-226.4,375.5
45688,STARLINK-1408,2024-11-30T06:00:01Z,2024-11-30T14:00:01Z,-185.1,375.5
45690,STARLINK-1414,2024-11-26T14:00:01Z,2024-11-26T22:00:01Z,-2261.7,509.9
45690,STARLINK-1414,2024-11-26T22:00:01Z,2024-11-27T06:00:01Z,-2389.4,509.9
45690,STARLINK-1414,2024-11-27T06:00:01Z,2024-11-27T14:00:01Z,-2266.7,509.9
45690,STARLINK-1414,2024-11-27T14:00:01Z,2024-11-28T00:00:01Z,-2830.3,509.9
45690,STARLINK-1414,2024-11-28T00:00:01Z,2024-11-28T14:00:01Z,-4047.4,509.9
45690,STARLINK-1414,2024-11-28T14:00:01Z,2024-11-28T22:00:01Z,-2218.6,509.9
45690,STARLINK-1414,2024-11-28T22:00:01Z,2024-11-29T06:00:01Z,-2386.0,509.9
45690,STARLINK-1414,2024-11-29T06:00:01Z,2024-11-29T14:00:01Z,-2281.5,509.9
45690,STARLINK-1414,2024-11-29T14:00:01Z,2024-11-29T22:00:01Z,-2211.0,509.9
45690,STARLINK-1414,2024-11-29T22:00:01Z,2024-11-30T14:00:01Z,-4642.0,509.9
45693,STARLINK-1417,2024-11-27T08:04:03Z,2024-11-28T11:08:13Z,-114.1,554.34
45695,STARLINK-1420,2024-11-27T12:51:58Z,2024-11-28T11:09:30Z,-118.9,554.31
45695,STARLINK-1420,2024-11-28T11:09:30Z,2024-11-28T17:31:40Z,131.8,554.31
45695,STARLINK-1420,2024-11-30T09:20:08Z,2024-11-30T15:42:19Z,113.3,554.31
45696,STARLINK-1422,2024-11-27T13:06:36Z,2024-11-28T11:24:08Z,-124.2,554.29
45697,STARLINK-1351,2024-11-29T17:04:54Z,2024-11-30T05:49:12Z,-103.2,554.36
45699,STARLINK-1398,2024-11-29T16:33:03Z,2024-11-30T08:28:26Z,-126.3,554.34
45699,STARLINK-1398,2024-11-30T08:28:26Z,2024-11-30T16:26:08Z,121.7,554.34
45700,STARLINK-1400,2024-11-26T12:01:50Z,2024-11-27T00:46:09Z,180.6,554.36
45700,STARLINK-1400,2024-11-28T11:48:01Z,2024-11-28T16:34:39Z,110.7,554.36
45700,STARLINK-1400,2024-11-29T16:27:45Z,2024-11-30T11:34:12Z,-120.3,554.36
45700,STARLINK-1400,2024-11-30T11:34:12Z,2024-11-30T16:20:50Z,142.4,554.36
45701,STARLINK-1403,2024-11-26T11:08:45Z,2024-11-26T23:53:04Z,175.8,554.37
45702,STARLINK-1405,2024-11-27T11:53:41Z,2024-11-28T11:42:14Z,-123.3,539.66
45703,STARLINK-1407,2024-11-26T08:03:20Z,2024-11-27T17:25:00Z,-386.0,543.17
45703,STARLINK-1407,2024-11-27T17:25:00Z,2024-11-28T12:28:44Z,-248.2,543.17
45703,STARLINK-1407,2024-11-28T17:14:40Z,2024-11-29T05:57:06Z,-159.6,543.17
45703,STARLINK-1407,2024-11-29T05:57:06Z,2024-11-29T17:04:13Z,-151.2,543.17
45703,STARLINK-1407,2024-11-29T17:04:13Z,2024-11-30T10:32:30Z,-240.4,543.17
45707,STARLINK-1412,2024-11-26T09:21:33Z,2024-11-28T10:56:27Z,-935.8,428.53
45707,STARLINK-1412,2024-11-28T10:56:27Z,2024-11-29T10:10:42Z,-483.9,428.53
45707,STARLINK-1412,2024-11-29T10:10:42Z,2024-11-29T16:22:29Z,-124.7,428.53
45707,STARLINK-1412,2024-11-29T16:22:29Z,2024-11-30T10:57:45Z,-436.5,428.53
45708,STARLINK-1418,2024-11-26T10:58:08Z,2024-11-27T10:51:15Z,101.7,554.3
45710,STARLINK-1423,2024-11-26T10:10:22Z,2024-11-27T06:52:24Z,140.8,554.27
45710,STARLINK-1423,2024-11-27T06:52:24Z,2024-11-28T09:56:34Z,-106.9,554.27
45710,STARLINK-1423,2024-11-29T16:11:47Z,2024-11-30T16:04:55Z,144.1,554.27
45711,STARLINK-1433,2024-11-29T06:12:03Z,2024-11-30T10:51:44Z,-146.6,554.31
45734,STARLINK-1468,2024-11-26T06:00:02Z,2024-11-26T14:00:01Z,-584.0,328.81
45734,STARLINK-1468,2024-11-26T14:00:01Z,2024-11-26T22:00:01Z,-651.2,328.81
45734,STARLINK-1468,2024-11-26T22:00:01Z,2024-11-27T14:00:01Z,-1175.9,328.81
45734,STARLINK-1468,2024-11-27T14:00:01Z,2024-11-27T22:00:01Z,-804.1,328.81
45734,STARLINK-1468,2024-11-27T22:00:01Z,2024-11-28T00:00:01Z,-141.1,328.81
45734,STARLINK-1468,2024-11-28T00:00:01Z,2024-11-28T14:00:01Z,-1050.3,328.81
45734,STARLINK-1468,2024-11-28T14:00:01Z,2024-11-28T22:00:01Z,-852.9,328.81
45734,STARLINK-1468,2024-11-28T22:00:01Z,2024-11-29T06:00:01Z,-570.0,328.81
45734,STARLINK-1468,2024-11-29T06:00:01Z,2024-11-29T14:00:01Z,-639.2,328.81
45734,STARLINK-1468,2024-11-29T14:00:01Z,2024-11-29T22:00:01Z,-896.0,328.81
45734,STARLINK-1468,2024-11-29T22:00:01Z,2024-11-30T06:00:01Z,-589.4,328.81
45734,STARLINK-1468,2024-11-30T06:00:01Z,2024-11-30T14:00:01Z,-712.3,328.81
45740,STARLINK-1479,2024-11-26T06:00:02Z,2024-11-26T22:00:01Z,-4407.3,428.69
45740,STARLINK-1479,2024-11-26T22:00:01Z,2024-11-27T06:00:01Z,-2291.8,428.69
45740,STARLINK-1479,2024-11-27T06:00:01Z,2024-11-27T14:00:01Z,-2219.0,428.69
45740,STARLINK-1479,2024-11-27T14:00:01Z,2024-11-28T00:00:01Z,-2691.0,428.69
45740,STARLINK-1479,2024-11-28T00:00:01Z,2024-11-28T14:00:01Z,-3989.3,428.69
45740,STARLINK-1479,2024-11-28T14:00:01Z,2024-11-28T22:00:01Z,-2156.8,428.69
45740,STARLINK-1479,2024-11-28T22:00:01Z,2024-11-29T14:00:01Z,-4497.9,428.69
45740,STARLINK-1479,2024-11-29T14:00:01Z,2024-11-29T22:00:01Z,-2151.4,428.69
45740,STARLINK-1479,2024-11-29T22:00:01Z,2024-11-30T06:00:01Z,-2294.4,428.69
45740,STARLINK-1479,2024-11-30T06:00:01Z,2024-11-30T14:00:01Z,-2212.0,428.69
45741,STARLINK-1480,2024-11-28T13:02:19Z,2024-11-28T21:00:02Z,137.8,554.36
45741,STARLINK-1480,2024-11-28T21:00:02Z,2024-11-29T06:33:16Z,-123.5,554.36
45742,STARLINK-1481,2024-11-27T13:50:59Z,2024-11-28T13:26:55Z,-676.5,498.71
45742,STARLINK-1481,2024-11-30T03:12:17Z,2024-11-30T12:38:35Z,-314.6,498.71
45743,STARLINK-1483,2024-11-26T22:00:01Z,2024-11-27T14:00:01Z,-1587.0,310.98
45743,STARLINK-1483,2024-11-27T14:00:01Z,2024-11-27T22:00:01Z,-906.9,310.98
45743,STARLINK-1483,2024-11-27T22:00:01Z,2024-11-28T00:00:01Z,-242.1,310.98
45743,STARLINK-1483,2024-11-28T00:00:01Z,2024-11-28T14:00:01Z,-1492.5,310.98
45743,STARLINK-1483,2024-11-28T14:00:01Z,2024-11-28T22:00:01Z,-920.0,310.98
45743,STARLINK-1483,2024-11-28T22:00:01Z,2024-11-29T14:00:01Z,-2005.5,310.98
45743,STARLINK-1483,2024-11-29T14:00:01Z,2024-11-29T22:00:01Z,-908.2,310.98
45743,STARLINK-1483,2024-11-29T22:00:01Z,2024-11-30T06:00:01Z,-913.6,310.98
45743,STARLINK-1483,2024-11-30T06:00:01Z,2024-11-30T14:00:01Z,-986.6,310.98
45748,STARLINK-1507,2024-11-26T06:00:02Z,2024-11-26T22:00:01Z,-535.4,468.35
45748,STARLINK-1507,2024-11-26T22:00:01Z,2024-11-27T06:00:01Z,-357.6,468.35
45748,STARLINK-1507,2024-11-27T06:00:01Z,2024-11-27T14:00:01Z,-365.2,468.35
45748,STARLINK-1507,2024-11-27T14:00:01Z,2024-11-27T22:00:01Z,-217.7,468.35
45748,STARLINK-1507,2024-11-27T22:00:01Z,2024-11-28T00:00:01Z,-112.1,468.35
45748,STARLINK-1507,2024-11-28T00:00:01Z,2024-11-28T14:00:01Z,-701.2,468.35
45748,STARLINK-1507,2024-11-28T14:00:01Z,2024-11-28T22:00:01Z,-167.3,468.35
45748,STARLINK-1507,2024-11-28T22:00:01Z,2024-11-29T06:00:01Z,-321.3,468.35
45748,STARLINK-1507,2024-11-29T06:00:01Z,2024-11-29T14:00:01Z,-299.1,468.35
45748,STARLINK-1507,2024-11-29T14:00:01Z,2024-11-29T22:00:01Z,-160.8,468.35
45748,STARLINK-1507,2024-11-29T22:00:01Z,2024-11-30T14:00:01Z,-692.0,468.35
45750,STARLINK-1391,2024-11-26T06:00:02Z,2024-11-26T22:00:01Z,123.3,460.84
45750,STARLINK-1391,2024-11-26T22:00:01Z,2024-11-27T14:00:01Z,-115.4,460.84
45753,STARLINK-1476,2024-11-26T21:18:08Z,2024-11-27T02:02:00Z,-249.3,509.91
45753,STARLINK-1476,2024-11-27T02:02:00Z,2024-11-27T11:29:45Z,-184.0,509.91
45753,STARLINK-1476,2024-11-28T04:50:37Z,2024-11-28T20:36:47Z,-114.5,509.91
45754,STARLINK-1477,2024-11-26T21:37:43Z,2024-11-27T05:35:24Z,114.5,554.35
45756,STARLINK-1484,2024-11-28T10:27:08Z,2024-11-29T10:04:53Z,-125.1,505.0
45756,STARLINK-1484,2024-11-29T10:04:53Z,2024-11-30T03:24:32Z,-115.5,505.0
45757,STARLINK-1486,2024-11-26T06:00:02Z,2024-11-26T14:00:01Z,-479.5,339.87
45757,STARLINK-1486,2024-11-26T14:00:01Z,2024-11-26T22:00:01Z,-1443.5,339.87
45757,STARLINK-1486,2024-11-26T22:00:01Z,2024-11-27T06:00:01Z,200.9,339.87
45757,STARLINK-1486,2024-11-27T06:00:01Z,2024-11-27T14:00:01Z,-552.6,339.87
45757,STARLINK-1486,2024-11-27T14:00:01Z,2024-11-27T22:00:01Z,-727.0,339.87
45757,STARLINK-1486,2024-11-28T00:00:01Z,2024-11-28T14:00:01Z,-659.2,339.87
45757,STARLINK-1486,2024-11-28T14:00:01Z,2024-11-28T22:00:01Z,-514.0,339.87
45757,STARLINK-1486,2024-11-28T22:00:01Z,2024-11-29T06:00:01Z,-419.0,339.87
45757,STARLINK-1486,2024-11-29T06:00:01Z,2024-11-29T14:00:01Z,-358.7,339.87
45757,STARLINK-1486,2024-11-29T14:00:01Z,2024-11-29T22:00:01Z,-553.1,339.87
45757,STARLINK-1486,2024-11-29T22:00:01Z,2024-11-30T14:00:01Z,-885.2,339.87
45758,STARLINK-1487,2024-11-26T10:48:18Z,2024-11-27T13:10:47Z,-342.4,434.81
45758,STARLINK-1487,2024-11-27T13:10:47Z,2024-11-28T14:00:03Z,-354.6,434.81
45758,STARLINK-1487,2024-11-28T18:39:16Z,2024-11-29T13:16:08Z,-247.1,434.81
45758,STARLINK-1487,2024-11-29T19:28:25Z,2024-11-30T14:05:11Z,-250.7,434.81
45762,STARLINK-1499,2024-11-26T06:00:02Z,2024-11-26T14:00:01Z,-659.4,307.09
45762,STARLINK-1499,2024-11-26T14:00:01Z,2024-11-26T22:00:01Z,-811.4,307.09
45762,STARLINK-1499,2024-11-26T22:00:01Z,2024-11-27T14:00:01Z,-1534.4,307.09
45762,STARLINK-1499,2024-11-27T14:00:01Z,2024-11-28T00:00:01Z,-1011.6,307.09
45762,STARLINK-1499,2024-11-28T00:00:01Z,2024-11-28T06:00:01Z,-707.5,307.09
45762,STARLINK-1499,2024-11-28T06:00:01Z,2024-11-28T14:00:01Z,-854.5,307.09
45762,STARLINK-1499,2024-11-28T14:00:01Z,2024-11-28T22:00:01Z,-850.0,307.09
45762,STARLINK-1499,2024-11-28T22:00:01Z,2024-11-29T14:00:01Z,-1832.0,307.09
45762,STARLINK-1499,2024-11-29T14:00:01Z,2024-11-29T22:00:01Z,-956.7,307.09
45762,STARLINK-1499,2024-11-29T22:00:01Z,2024-11-30T14:00:01Z,-2023.3,307.09
45767,STARLINK-1511,2024-11-26T06:00:02Z,2024-11-26T14:00:01Z,-724.1,327.92
45767,STARLINK-1511,2024-11-26T14:00:01Z,2024-11-26T22:00:01Z,-656.0,327.92
45767,STARLINK-1511,2024-11-26T22:00:01Z,2024-11-27T06:00:01Z,-681.8,327.92
45767,STARLINK-1511,2024-11-27T06:00:01Z,2024-11-27T14:00:01Z,-827.9,327.92
45767,STARLINK-1511,2024-11-27T14:00:01Z,2024-11-28T00:00:01Z,-765.8,327.92
45767,STARLINK-1511,2024-11-28T00:00:01Z,2024-11-28T06:00:01Z,-549.6,327.92
45767,STARLINK-1511,2024-11-28T06:00:01Z,2024-11-28T14:00:01Z,-790.5,327.92
45767,STARLINK-1511,2024-11-28T14:00:01Z,2024-11-28T22:00:01Z,-645.9,327.92
45767,STARLINK-1511,2024-11-28T22:00:01Z,2024-11-29T06:00:01Z,-1593.4,327.92
45767,STARLINK-1511,2024-11-29T06:00:01Z,2024-11-29T14:00:01Z,311.1,327.92
45767,STARLINK-1511,2024-11-29T14:00:01Z,2024-11-29T22:00:01Z,-848.6,327.92
45767,STARLINK-1511,2024-11-29T22:00:01Z,2024-11-30T06:00:01Z,-582.8,327.92
45767,STARLINK-1511,2024-11-30T06:00:01Z,2024-11-30T14:00:01Z,-755.8,327.92
45771,STARLINK-1463,2024-11-26T22:00:01Z,2024-11-27T14:00:01Z,-4000.0,440.57
45771,STARLINK-1463,2024-11-27T14:00:01Z,2024-11-28T00:00:01Z,-2433.8,440.57
45771,STARLINK-1463,2024-11-28T00:00:01Z,2024-11-28T14:00:01Z,-3427.0,440.57
45771,STARLINK-1463,2024-11-28T14:00:01Z,2024-11-28T22:00:01Z,1708.0,440.57
45771,STARLINK-1463,2024-11-28T22:00:01Z,2024-11-29T14:00:01Z,-295.2,440.57
45771,STARLINK-1463,2024-11-30T06:00:01Z,2024-11-30T14:00:01Z,-581.6,440.57
45774,STARLINK-1485,2024-11-29T19:06:59Z,2024-11-30T03:04:39Z,-143.8,554.36
45776,STARLINK-1489,2024-11-26T06:00:02Z,2024-11-26T22:00:01Z,-516.0,474.63
45776,STARLINK-1489,2024-11-26T22:00:01Z,2024-11-27T06:00:01Z,-163.1,474.63
45776,STARLINK-1489,2024-11-27T06:00:01Z,2024-11-27T14:00:01Z,-367.2,474.63
45776,STARLINK-1489,2024-11-28T00:00:01Z,2024-11-28T18:50:43Z,-220.0,474.63
45776,STARLINK-1489,2024-11-28T20:24:37Z,2024-11-29T18:19:01Z,-269.9,474.63
45776,STARLINK-1489,2024-11-29T18:19:01Z,2024-11-29T19:52:53Z,-116.2,474.63
45776,STARLINK-1489,2024-11-29T19:52:53Z,2024-11-30T14:39:23Z,-656.2,474.63
45777,STARLINK-1490,2024-11-26T06:00:02Z,2024-11-26T14:00:01Z,-332.0,371.65
45777,STARLINK-1490,2024-11-26T14:00:01Z,2024-11-26T22:00:01Z,-528.1,371.65
45777,STARLINK-1490,2024-11-26T22:00:01Z,2024-11-27T14:00:01Z,-719.1,371.65
45777,STARLINK-1490,2024-11-27T14:00:01Z,2024-11-27T22:00:01Z,-421.7,371.65
45777,STARLINK-1490,2024-11-28T00:00:01Z,2024-11-28T06:00:01Z,-582.1,371.65
45777,STARLINK-1490,2024-11-28T14:00:01Z,2024-11-28T22:00:01Z,-463.7,371.65
45777,STARLINK-1490,2024-11-28T22:00:01Z,2024-11-29T06:00:01Z,-348.2,371.65
45777,STARLINK-1490,2024-11-29T06:00:01Z,2024-11-29T14:00:01Z,-325.7,371.65
45777,STARLINK-1490,2024-11-29T14:00:01Z,2024-11-29T22:00:01Z,-529.8,371.65
45777,STARLINK-1490,2024-11-29T22:00:01Z,2024-11-30T06:00:01Z,-360.6,371.65
45777,STARLINK-1490,2024-11-30T06:00:01Z,2024-11-30T14:00:01Z,-106.9,371.65
45778,STARLINK-1491,2024-11-26T20:57:57Z,2024-11-27T20:23:43Z,-319.8,465.71
45778,STARLINK-1491,2024-11-27T20:23:43Z,2024-11-28T10:27:08Z,-153.2,465.71
45779,STARLINK-1492,2024-11-26T14:00:01Z,2024-11-26T22:00:01Z,-367.7,358.61
45779,STARLINK-1492,2024-11-26T22:00:01Z,2024-11-27T06:00:01Z,-442.1,358.61
45779,STARLINK-1492,2024-11-27T06:00:01Z,2024-11-27T14:00:01Z,-211.4,358.61
45779,STARLINK-1492,2024-11-27T14:00:01Z,2024-11-28T00:00:01Z,-470.4,358.61
45779,STARLINK-1492,2024-11-28T00:00:01Z,2024-11-28T06:00:01Z,-370.0,358.61
45779,STARLINK-1492,2024-11-28T06:00:01Z,2024-11-28T14:00:01Z,-275.7,358.61
45779,STARLINK-1492,2024-11-28T14:00:01Z,2024-11-28T22:00:01Z,-309.8,358.61
45779,STARLINK-1492,2024-11-28T22:00:01Z,2024-11-29T14:00:01Z,-750.0,358.61
45779,STARLINK-1492,2024-11-29T14:00:01Z,2024-11-29T22:00:01Z,-339.1,358.61
45779,STARLINK-1492,2024-11-29T22:00:01Z,2024-11-30T06:00:01Z,-426.0,358.61
45779,STARLINK-1492,2024-11-30T06:00:01Z,2024-11-30T14:00:01Z,-355.1,358.61
45781,STARLINK-1497,2024-11-26T20:06:11Z,2024-11-27T19:53:30Z,-157.0,535.51
45781,STARLINK-1497,2024-11-27T19:53:30Z,2024-11-28T08:34:43Z,-107.2,535.51
45781,STARLINK-1497,2024-11-29T03:36:30Z,2024-11-29T17:52:49Z,-146.2,535.51
45781,STARLINK-1497,2024-11-29T17:52:49Z,2024-11-30T03:23:40Z,-101.7,535.51
45782,STARLINK-1498,2024-11-26T06:00:02Z,2024-11-26T14:00:01Z,-1101.2,280.21
45782,STARLINK-1498,2024-11-26T14:00:01Z,2024-11-26T22:00:01Z,-1044.6,280.21
45782,STARLINK-1498,2024-11-26T22:00:01Z,2024-11-27T06:00:01Z,-1383.1,280.21
45782,STARLINK-1498,2024-11-27T06:00:01Z,2024-11-27T14:00:01Z,-1183.8,280.21
45782,STARLINK-1498,2024-11-27T14:00:01Z,2024-11-27T16:00:01Z,-403.4,280.21
45782,STARLINK-1498,2024-11-27T16:00:01Z,2024-11-28T11:56:55Z,-3218.5,280.21
45782,STARLINK-1498,2024-11-28T11:56:55Z,2024-11-28T13:26:46Z,-235.5,280.21
45782,STARLINK-1498,2024-11-28T13:26:46Z,2024-11-29T10:24:08Z,-3714.8,280.21
45782,STARLINK-1498,2024-11-29T10:24:08Z,2024-11-30T01:21:35Z,-2811.4,280.21
45782,STARLINK-1498,2024-11-30T01:21:35Z,2024-11-30T08:50:05Z,-1560.9,280.21
45785,STARLINK-1512,2024-11-26T22:00:01Z,2024-11-27T14:00:01Z,-2604.1,321.0
45785,STARLINK-1512,2024-11-27T14:00:01Z,2024-11-27T22:00:01Z,-348.6,321.0
45785,STARLINK-1512,2024-11-27T22:00:01Z,2024-11-28T00:00:01Z,-134.3,321.0
45785,STARLINK-1512,2024-11-28T00:00:01Z,2024-11-28T06:00:01Z,-791.2,321.0
45785,STARLINK-1512,2024-11-28T06:00:01Z,2024-11-28T14:00:01Z,-1261.8,321.0
45785,STARLINK-1512,2024-11-28T14:00:01Z,2024-11-28T22:00:01Z,-601.2,321.0
45785,STARLINK-1512,2024-11-28T22:00:01Z,2024-11-29T06:00:01Z,-807.1,321.0
45785,STARLINK-1512,2024-11-29T06:00:01Z,2024-11-29T14:00:01Z,-2377.5,321.0
45785,STARLINK-1512,2024-11-29T14:00:01Z,2024-11-29T22:00:01Z,-2372.9,321.0
45785,STARLINK-1512,2024-11-29T22:00:01Z,2024-11-30T06:00:01Z,-1421.2,321.0
45785,STARLINK-1512,2024-11-30T06:00:01Z,2024-11-30T14:00:01Z,-1946.6,321.0
45786,STARLINK-1513,2024-11-26T20:04:48Z,2024-11-27T23:09:00Z,151.1,554.35
45787,STARLINK-1517,2024-11-26T21:50:57Z,2024-11-27T16:57:28Z,224.0,554.35
46027,STARLINK-1522,2024-11-26T18:01:26Z,2024-11-27T06:45:46Z,138.4,554.36
46027,STARLINK-1522,2024-11-27T17:54:33Z,2024-11-28T06:38:51Z,-141.2,554.36
46027,STARLINK-1522,2024-11-28T17:47:36Z,2024-11-29T06:31:56Z,276.2,554.36
46027,STARLINK-1522,2024-11-29T12:54:06Z,2024-11-30T14:22:42Z,-257.7,554.36
46028,STARLINK-1523,2024-11-26T18:22:37Z,2024-11-27T07:07:00Z,137.3,554.35
46028,STARLINK-1523,2024-11-28T05:24:31Z,2024-11-28T18:08:47Z,-116.4,554.35
46028,STARLINK-1523,2024-11-28T18:08:47Z,2024-11-29T11:39:48Z,230.5,554.35
46028,STARLINK-1523,2024-11-29T13:15:21Z,2024-11-30T11:32:50Z,-214.7,554.35
46030,STARLINK-1534,2024-11-26T06:00:02Z,2024-11-26T22:00:01Z,-4477.2,392.97
46030,STARLINK-1534,2024-11-26T22:00:01Z,2024-11-27T06:00:01Z,-2155.3,392.97
46030,STARLINK-1534,2024-11-27T06:00:01Z,2024-11-27T14:00:01Z,-2205.1,392.97
46030,STARLINK-1534,2024-11-27T14:00:01Z,2024-11-27T22:00:01Z,-2236.6,392.97
46030,STARLINK-1534,2024-11-27T22:00:01Z,2024-11-28T00:00:01Z,-497.1,392.97
46030,STARLINK-1534,2024-11-28T00:00:01Z,2024-11-28T14:00:01Z,-3825.1,392.97
46030,STARLINK-1534,2024-11-28T14:00:01Z,2024-11-28T22:00:01Z,-2246.7,392.97
46030,STARLINK-1534,2024-11-28T22:00:01Z,2024-11-29T06:00:01Z,-2178.5,392.97
46030,STARLINK-1534,2024-11-29T06:00:01Z,2024-11-29T14:00:01Z,-2126.5,392.97
46030,STARLINK-1534,2024-11-29T14:00:01Z,2024-11-29T22:00:01Z,-2274.4,392.97
46030,STARLINK-1534,2024-11-29T22:00:01Z,2024-11-30T14:00:01Z,-4285.5,392.97
46031,STARLINK-1544,2024-11-26T06:00:02Z,2024-11-26T22:00:01Z,-4526.6,412.21
46031,STARLINK-1544,2024-11-26T22:00:01Z,2024-11-27T14:00:01Z,-4348.5,412.21
46031,STARLINK-1544,2024-11-27T14:00:01Z,2024-11-27T22:00:01Z,-2301.8,412.21
46031,STARLINK-1544,2024-11-27T22:00:01Z,2024-11-28T00:00:01Z,-481.1,412.21
46031,STARLINK-1544,2024-11-28T00:00:01Z,2024-11-28T14:00:01Z,-3869.7,412.21
46031,STARLINK-1544,2024-11-28T14:00:01Z,2024-11-28T22:00:01Z,-2279.6,412.21
46031,STARLINK-1544,2024-11-28T22:00:01Z,2024-11-29T06:00:01Z,-2193.8,412.21
46031,STARLINK-1544,2024-11-29T06:00:01Z,2024-11-29T14:00:01Z,-2148.6,412.21
46031,STARLINK-1544,2024-11-29T14:00:01Z,2024-11-29T22:00:01Z,-2258.0,412.21
46031,STARLINK-1544,2024-11-29T22:00:01Z,2024-11-30T06:00:01Z,-2205.9,412.21
46031,STARLINK-1544,2024-11-30T06:00:01Z,2024-11-30T14:00:01Z,-2132.8,412.21
46032,STARLINK-1555,2024-11-26T16:15:14Z,2024-11-27T06:35:09Z,145.2,554.32
46032,STARLINK-1555,2024-11-28T06:28:12Z,2024-11-28T12:50:19Z,-113.2,554.32
46032,STARLINK-1555,2024-11-28T12:50:19Z,2024-11-29T06:21:21Z,286.2,554.32
46032,STARLINK-1555,2024-11-29T14:19:03Z,2024-11-30T14:12:05Z,-174.2,554.32
46033,STARLINK-1556,2024-11-26T15:48:42Z,2024-11-27T12:30:45Z,155.9,554.33
46033,STARLINK-1556,2024-11-28T15:34:54Z,2024-11-29T12:16:57Z,136.8,554.33
46034,STARLINK-1557,2024-11-26T19:05:06Z,2024-11-27T12:36:04Z,115.5,554.28
46034,STARLINK-1557,2024-11-27T12:36:04Z,2024-11-28T12:29:07Z,-128.8,554.28
46034,STARLINK-1557,2024-11-28T12:29:07Z,2024-11-29T12:22:16Z,160.9,554.28
46034,STARLINK-1557,2024-11-29T12:22:16Z,2024-11-30T12:15:19Z,-168.1,554.28
46035,STARLINK-1558,2024-11-26T16:04:38Z,2024-11-27T12:46:41Z,152.3,554.31
46035,STARLINK-1558,2024-11-28T15:50:50Z,2024-11-29T15:43:59Z,128.0,554.31
46035,STARLINK-1558,2024-11-29T20:30:35Z,2024-11-30T12:25:57Z,-145.7,554.31
46036,STARLINK-1560,2024-11-28T17:05:07Z,2024-11-29T12:11:39Z,167.1,554.3
46036,STARLINK-1560,2024-11-29T12:11:39Z,2024-11-30T13:40:14Z,-133.5,554.3
46037,STARLINK-1565,2024-11-27T06:53:55Z,2024-11-27T13:12:59Z,-150.5,516.24
46037,STARLINK-1565,2024-11-27T13:12:59Z,2024-11-27T17:57:16Z,-124.3,516.24
46037,STARLINK-1565,2024-11-27T17:57:16Z,2024-11-28T12:54:21Z,-487.1,516.24
46037,STARLINK-1565,2024-11-28T16:03:51Z,2024-11-29T12:35:32Z,-533.2,516.24
46037,STARLINK-1565,2024-11-29T12:35:32Z,2024-11-29T22:00:01Z,-294.1,516.24
46037,STARLINK-1565,2024-11-29T22:00:01Z,2024-11-30T14:00:01Z,-313.3,516.24
46038,STARLINK-1567,2024-11-28T17:21:04Z,2024-11-29T12:27:34Z,151.3,554.27
46038,STARLINK-1567,2024-11-29T12:27:34Z,2024-11-30T12:20:38Z,-124.4,554.27
46039,STARLINK-1569,2024-11-28T12:45:04Z,2024-11-29T12:38:11Z,123.8,554.34
46039,STARLINK-1569,2024-11-29T12:38:11Z,2024-11-30T12:31:14Z,-125.3,554.34
46041,STARLINK-1580,2024-11-26T17:08:23Z,2024-11-27T18:36:57Z,-138.5,554.34
46041,STARLINK-1580,2024-11-27T18:36:57Z,2024-11-28T12:07:56Z,196.8,554.34
46043,STARLINK-1582,2024-11-26T16:20:34Z,2024-11-27T13:02:35Z,154.9,554.34
46043,STARLINK-1582,2024-11-29T12:48:47Z,2024-11-30T14:17:24Z,-191.4,554.34
46047,STARLINK-1524,2024-11-26T17:25:35Z,2024-11-27T12:32:06Z,116.9,554.36
46047,STARLINK-1524,2024-11-27T12:32:06Z,2024-11-28T12:25:10Z,-160.9,554.36
46047,STARLINK-1524,2024-11-28T15:36:14Z,2024-11-29T05:56:07Z,130.9,554.36
46048,STARLINK-1527,2024-11-26T06:11:31Z,2024-11-26T17:20:18Z,108.9,554.34
46048,STARLINK-1527,2024-11-27T17:13:25Z,2024-11-28T12:19:52Z,-250.5,554.34
46048,STARLINK-1527,2024-11-28T12:19:52Z,2024-11-29T12:12:59Z,162.5,554.34
46051,STARLINK-1540,2024-11-26T18:08:03Z,2024-11-27T05:16:51Z,149.6,554.3
46052,STARLINK-1541,2024-11-27T12:53:20Z,2024-11-28T04:48:42Z,-105.5,554.35
46053,STARLINK-1543,2024-11-28T04:54:01Z,2024-11-28T17:38:19Z,-146.0,554.34
46053,STARLINK-1543,2024-11-28T17:38:19Z,2024-11-29T11:09:17Z,210.8,554.34
46054,STARLINK-1548,2024-11-27T14:44:48Z,2024-11-28T11:26:48Z,-147.5,554.3
46055,STARLINK-1554,2024-11-26T06:32:44Z,2024-11-27T06:25:52Z,125.7,554.29
46055,STARLINK-1554,2024-11-27T12:48:01Z,2024-11-30T10:51:44Z,-125.8,554.29
46059,STARLINK-1570,2024-11-27T15:21:57Z,2024-11-28T12:03:54Z,-121.8,554.36
46059,STARLINK-1570,2024-11-28T15:14:59Z,2024-11-29T03:59:21Z,117.7,554.36
46059,STARLINK-1570,2024-11-29T15:08:09Z,2024-11-30T11:50:06Z,-151.7,554.36
46060,STARLINK-1572,2024-11-27T12:05:33Z,2024-11-28T11:58:35Z,-123.4,554.31
46060,STARLINK-1572,2024-11-28T15:09:39Z,2024-11-29T11:51:45Z,198.9,554.31
46060,STARLINK-1572,2024-11-29T11:51:45Z,2024-11-30T11:44:48Z,-112.4,554.31
46061,STARLINK-1573,2024-11-28T11:53:19Z,2024-11-29T18:08:36Z,129.0,554.35
46062,STARLINK-1574,2024-11-26T14:00:01Z,2024-11-26T22:00:01Z,-2354.2,497.21
46062,STARLINK-1574,2024-11-26T22:00:01Z,2024-11-27T06:00:01Z,311.5,497.21
46062,STARLINK-1574,2024-11-27T14:00:01Z,2024-11-27T22:00:01Z,-126.1,497.21
46062,STARLINK-1574,2024-11-28T00:00:01Z,2024-11-28T14:00:01Z,-110.9,497.21
46062,STARLINK-1574,2024-11-28T14:00:01Z,2024-11-28T22:00:01Z,-129.0,497.21
46062,STARLINK-1574,2024-11-29T14:00:01Z,2024-11-29T22:00:01Z,-141.1,497.21
46062,STARLINK-1574,2024-11-29T22:00:01Z,2024-11-30T11:17:31Z,-847.8,497.21
46063,STARLINK-1577,2024-11-27T15:48:29Z,2024-11-28T12:30:28Z,-168.2,554.38
46063,STARLINK-1577,2024-11-28T12:30:28Z,2024-11-29T20:21:15Z,258.5,554.38
46064,STARLINK-1583,2024-11-26T18:18:41Z,2024-11-27T11:49:39Z,224.9,554.27
46064,STARLINK-1583,2024-11-27T11:49:39Z,2024-11-28T11:42:43Z,-357.7,554.27
46064,STARLINK-1583,2024-11-28T11:42:43Z,2024-11-29T11:35:49Z,281.2,554.27
46064,STARLINK-1583,2024-11-29T11:35:49Z,2024-11-30T13:04:25Z,-252.2,554.27
46066,STARLINK-1525,2024-11-26T16:40:29Z,2024-11-27T03:49:16Z,142.1,554.32
46069,STARLINK-1533,2024-11-29T10:40:04Z,2024-11-29T18:37:36Z,-723.1,553.89
46069,STARLINK-1533,2024-11-29T18:37:36Z,2024-11-30T10:32:04Z,-4121.2,553.89
46069,STARLINK-1533,2024-11-30T10:32:04Z,2024-11-30T13:42:48Z,-1584.8,553.89
46070,STARLINK-1536,2024-11-28T14:19:17Z,2024-11-29T12:36:52Z,153.0,554.33
46071,STARLINK-1538,2024-11-26T06:00:02Z,2024-11-26T22:00:01Z,-3456.7,412.27
46071,STARLINK-1538,2024-11-26T22:00:01Z,2024-11-27T14:00:01Z,-3395.5,412.27
46071,STARLINK-1538,2024-11-27T14:00:01Z,2024-11-27T22:00:01Z,-1855.2,412.27
46071,STARLINK-1538,2024-11-27T22:00:01Z,2024-11-28T06:00:01Z,-1901.2,412.27
46071,STARLINK-1538,2024-11-28T06:00:01Z,2024-11-28T14:00:01Z,-1693.0,412.27
46071,STARLINK-1538,2024-11-28T14:00:01Z,2024-11-28T22:00:01Z,-1843.0,412.27
46071,STARLINK-1538,2024-11-28T22:00:01Z,2024-11-29T06:00:01Z,-1884.2,412.27
46071,STARLINK-1538,2024-11-29T06:00:01Z,2024-11-29T14:00:01Z,-1730.7,412.27
46071,STARLINK-1538,2024-11-29T14:00:01Z,2024-11-29T22:00:01Z,-1834.3,412.27
46071,STARLINK-1538,2024-11-29T22:00:01Z,2024-11-30T14:00:01Z,-3597.6,412.27
46073,STARLINK-1542,2024-11-28T15:44:12Z,2024-11-29T10:50:42Z,155.0,554.38
46073,STARLINK-1542,2024-11-29T12:26:15Z,2024-11-30T12:19:19Z,-149.9,554.38
46074,STARLINK-1549,2024-11-27T04:21:07Z,2024-11-27T10:43:18Z,144.3,554.35
46074,STARLINK-1549,2024-11-29T13:40:34Z,2024-11-30T04:00:24Z,-110.6,554.35
46075,STARLINK-1551,2024-11-28T12:49:03Z,2024-11-29T12:42:11Z,121.8,554.3
46075,STARLINK-1551,2024-11-29T12:42:11Z,2024-11-30T10:59:42Z,-204.7,554.3
46076,STARLINK-1552,2024-11-26T16:51:04Z,2024-11-27T03:59:53Z,226.7,554.35
46077,STARLINK-1559,2024-11-28T06:37:33Z,2024-11-28T12:59:41Z,-109.3,554.29
46077,STARLINK-1559,2024-11-28T12:59:41Z,2024-11-29T09:41:43Z,105.9,554.29
46077,STARLINK-1559,2024-11-29T09:41:43Z,2024-11-30T09:34:47Z,-127.8,554.29
46079,STARLINK-1566,2024-11-26T17:17:37Z,2024-11-27T04:26:25Z,414.8,554.3
46079,STARLINK-1566,2024-11-27T10:48:35Z,2024-11-28T10:41:41Z,-215.4,554.3
46079,STARLINK-1566,2024-11-28T10:41:41Z,2024-11-29T10:34:47Z,116.2,554.3
46079,STARLINK-1566,2024-11-29T13:45:52Z,2024-11-30T10:27:52Z,-128.8,554.3
46080,STARLINK-1568,2024-11-26T15:10:25Z,2024-11-28T10:08:33Z,-169.2,551.71
46082,STARLINK-1578,2024-11-26T16:03:18Z,2024-11-27T04:47:38Z,286.6,554.26
46082,STARLINK-1578,2024-11-27T15:56:26Z,2024-11-28T11:02:55Z,-138.7,554.26
46082,STARLINK-1578,2024-11-28T15:49:31Z,2024-11-29T02:58:19Z,154.7,554.26
46082,STARLINK-1578,2024-11-29T02:58:19Z,2024-11-30T10:49:06Z,-129.6,554.26
46083,STARLINK-1579,2024-11-26T16:55:00Z,2024-11-27T19:59:14Z,233.7,554.33
46083,STARLINK-1579,2024-11-29T10:12:12Z,2024-11-30T10:05:16Z,-208.8,554.33
46117,STARLINK-1585,2024-11-26T22:30:48Z,2024-11-27T17:37:17Z,106.2,554.33
46117,STARLINK-1585,2024-11-27T23:59:27Z,2024-11-28T23:52:32Z,-134.8,554.33
46118,STARLINK-1588,2024-11-27T11:28:22Z,2024-11-27T19:26:05Z,131.5,554.33
46118,STARLINK-1588,2024-11-27T19:26:05Z,2024-11-28T06:00:01Z,121.3,554.33
46118,STARLINK-1588,2024-11-28T11:21:30Z,2024-11-29T00:05:48Z,-168.2,554.33
46119,STARLINK-1593,2024-11-26T18:29:23Z,2024-11-27T05:38:08Z,-116.8,554.37
46119,STARLINK-1593,2024-11-28T11:53:25Z,2024-11-29T00:37:42Z,-121.8,554.37
46120,STARLINK-1601,2024-11-27T04:29:05Z,2024-11-27T12:26:47Z,111.1,554.33
46120,STARLINK-1601,2024-11-28T12:19:55Z,2024-11-28T22:00:01Z,-350.4,554.33
46120,STARLINK-1601,2024-11-29T00:00:01Z,2024-11-29T18:35:07Z,308.9,554.33
46121,STARLINK-1602,2024-11-26T06:00:02Z,2024-11-26T22:00:01Z,-4471.0,391.05
46121,STARLINK-1602,2024-11-26T22:00:01Z,2024-11-27T14:00:01Z,-4310.2,391.05
46121,STARLINK-1602,2024-11-27T14:00:01Z,2024-11-27T22:00:01Z,-2278.5,391.05
46121,STARLINK-1602,2024-11-27T22:00:01Z,2024-11-28T06:00:01Z,-2184.3,391.05
46121,STARLINK-1602,2024-11-28T06:00:01Z,2024-11-28T14:00:01Z,-2129.4,391.05
46121,STARLINK-1602,2024-11-28T14:00:01Z,2024-11-28T22:00:01Z,-2262.3,391.05
46121,STARLINK-1602,2024-11-28T22:00:01Z,2024-11-29T06:00:01Z,-2192.0,391.05
46121,STARLINK-1602,2024-11-29T06:00:01Z,2024-11-29T14:00:01Z,-2118.6,391.05
46121,STARLINK-1602,2024-11-29T14:00:01Z,2024-11-29T22:00:01Z,-2243.8,391.05
46121,STARLINK-1602,2024-11-29T22:00:01Z,2024-11-30T06:00:01Z,-2199.3,391.05
46121,STARLINK-1602,2024-11-30T06:00:01Z,2024-11-30T14:00:01Z,-2117.6,391.05
46122,STARLINK-1604,2024-11-26T06:00:02Z,2024-11-26T22:00:01Z,-1569.9,481.65
46122,STARLINK-1604,2024-11-26T22:00:01Z,2024-11-27T14:00:01Z,-1499.7,481.65
46122,STARLINK-1604,2024-11-27T14:00:01Z,2024-11-27T22:00:01Z,-855.2,481.65
46122,STARLINK-1604,2024-11-27T22:00:01Z,2024-11-28T06:00:01Z,-802.2,481.65
46122,STARLINK-1604,2024-11-28T06:00:01Z,2024-11-28T14:00:01Z,-706.3,481.65
46122,STARLINK-1604,2024-11-28T14:00:01Z,2024-11-28T22:00:01Z,-736.4,481.65
46122,STARLINK-1604,2024-11-28T22:00:01Z,2024-11-29T06:00:01Z,-1074.9,481.65
46122,STARLINK-1604,2024-11-29T06:00:01Z,2024-11-29T14:00:01Z,-1127.6,481.65
46122,STARLINK-1604,2024-11-29T14:00:01Z,2024-11-29T22:00:01Z,-1221.9,481.65
46122,STARLINK-1604,2024-11-29T22:00:01Z,2024-11-30T14:00:01Z,-2663.3,481.65
46123,STARLINK-1605,2024-11-26T16:27:13Z,2024-11-26T22:49:22Z,158.3,554.37
46123,STARLINK-1605,2024-11-28T01:53:34Z,2024-11-29T08:08:49Z,-110.7,554.37
46124,STARLINK-1614,2024-11-28T19:35:07Z,2024-11-29T08:19:25Z,106.5,554.35
46126,STARLINK-1619,2024-11-27T02:22:48Z,2024-11-27T10:11:06Z,-236.2,462.62
46126,STARLINK-1619,2024-11-27T10:11:06Z,2024-11-27T22:00:01Z,-400.7,462.62
46126,STARLINK-1619,2024-11-27T22:00:01Z,2024-11-28T06:00:01Z,-238.6,462.62
46126,STARLINK-1619,2024-11-28T06:00:01Z,2024-11-28T14:00:01Z,114.4,462.62
46126,STARLINK-1619,2024-11-28T14:00:01Z,2024-11-28T22:00:01Z,-238.1,462.62
46126,STARLINK-1619,2024-11-28T23:38:42Z,2024-11-29T16:48:45Z,-204.9,462.62
46126,STARLINK-1619,2024-11-29T16:48:45Z,2024-11-30T16:13:15Z,-520.1,462.62
46127,STARLINK-1621,2024-11-29T10:13:33Z,2024-11-29T16:35:43Z,109.8,554.35
46128,STARLINK-1622,2024-11-26T09:38:31Z,2024-11-27T01:33:55Z,106.6,554.4
46129,STARLINK-1623,2024-11-29T08:40:39Z,2024-11-29T23:00:31Z,147.2,554.33
46130,STARLINK-1624,2024-11-26T22:33:30Z,2024-11-27T16:04:25Z,-159.9,554.35
46131,STARLINK-1625,2024-11-26T22:52:02Z,2024-11-27T17:58:30Z,126.0,554.37
46131,STARLINK-1625,2024-11-29T22:31:21Z,2024-11-30T09:40:07Z,-204.6,554.37
46132,STARLINK-1630,2024-11-26T14:00:01Z,2024-11-26T22:00:01Z,-944.0,475.1
46132,STARLINK-1630,2024-11-26T22:00:01Z,2024-11-27T14:00:01Z,-1707.0,475.1
46132,STARLINK-1630,2024-11-27T14:00:01Z,2024-11-27T22:00:01Z,-973.3,475.1
46132,STARLINK-1630,2024-11-27T22:00:01Z,2024-11-28T14:00:01Z,-1711.9,475.1
46132,STARLINK-1630,2024-11-28T14:00:01Z,2024-11-28T22:00:01Z,-1026.6,475.1
46132,STARLINK-1630,2024-11-28T22:00:01Z,2024-11-29T06:00:01Z,-937.5,475.1
46132,STARLINK-1630,2024-11-29T06:00:01Z,2024-11-29T14:00:01Z,-979.6,475.1
46132,STARLINK-1630,2024-11-29T22:00:01Z,2024-11-30T06:00:01Z,135.2,475.1
46132,STARLINK-1630,2024-11-30T06:00:01Z,2024-11-30T14:00:01Z,177.8,475.1
46133,STARLINK-1637,2024-11-26T06:00:02Z,2024-11-26T22:00:01Z,-4427.9,406.5
46133,STARLINK-1637,2024-11-26T22:00:01Z,2024-11-27T06:00:01Z,-2226.0,406.5
46133,STARLINK-1637,2024-11-27T06:00:01Z,2024-11-27T14:00:01Z,-2142.9,406.5
46133,STARLINK-1637,2024-11-27T14:00:01Z,2024-11-27T22:00:01Z,-2278.5,406.5
46133,STARLINK-1637,2024-11-27T22:00:01Z,2024-11-28T06:00:01Z,-2215.5,406.5
46133,STARLINK-1637,2024-11-28T06:00:01Z,2024-11-28T14:00:01Z,-491.5,406.5
46133,STARLINK-1637,2024-11-28T14:00:01Z,2024-11-28T22:00:01Z,-302.7,406.5
46133,STARLINK-1637,2024-11-28T22:00:01Z,2024-11-29T06:00:01Z,-256.0,406.5
46133,STARLINK-1637,2024-11-29T06:00:01Z,2024-11-29T14:00:01Z,-118.0,406.5
46133,STARLINK-1637,2024-11-29T14:00:01Z,2024-11-29T22:00:01Z,-272.8,406.5
46133,STARLINK-1637,2024-11-29T22:00:01Z,2024-11-30T06:00:01Z,-286.1,406.5
46133,STARLINK-1637,2024-11-30T06:00:01Z,2024-11-30T14:00:01Z,-635.7,406.5
46136,STARLINK-1643,2024-11-27T11:03:12Z,2024-11-28T01:23:04Z,-146.4,554.31
46137,STARLINK-1586,2024-11-27T22:34:32Z,2024-11-28T22:27:37Z,-142.1,554.32
46138,STARLINK-1590,2024-11-27T10:09:08Z,2024-11-27T22:37:32Z,-209.0,457.54
46138,STARLINK-1590,2024-11-27T22:37:32Z,2024-11-28T17:20:01Z,-640.3,457.54
46138,STARLINK-1590,2024-11-28T17:20:01Z,2024-11-28T23:34:09Z,-223.5,457.54
46138,STARLINK-1590,2024-11-28T23:34:09Z,2024-11-29T16:42:55Z,-540.5,457.54
46138,STARLINK-1590,2024-11-29T16:42:55Z,2024-11-30T16:05:41Z,-311.2,457.54
46140,STARLINK-1594,2024-11-26T06:00:02Z,2024-11-26T22:00:01Z,-2560.9,466.57
46140,STARLINK-1594,2024-11-26T22:00:01Z,2024-11-27T14:00:01Z,-3158.9,466.57
46140,STARLINK-1594,2024-11-27T14:00:01Z,2024-11-27T22:00:01Z,-1489.7,466.57
46140,STARLINK-1594,2024-11-28T06:00:01Z,2024-11-28T14:00:01Z,-1644.9,466.57
46140,STARLINK-1594,2024-11-28T14:00:01Z,2024-11-28T22:00:01Z,-1875.5,466.57
46140,STARLINK-1594,2024-11-28T22:00:01Z,2024-11-29T14:00:01Z,-3622.3,466.57
46140,STARLINK-1594,2024-11-29T14:00:01Z,2024-11-29T22:00:01Z,-1866.6,466.57
46140,STARLINK-1594,2024-11-29T22:00:01Z,2024-11-30T06:00:01Z,-1886.6,466.57
46140,STARLINK-1594,2024-11-30T06:00:01Z,2024-11-30T14:00:01Z,-1736.9,466.57
46141,STARLINK-1596,2024-11-27T09:52:50Z,2024-11-28T01:48:15Z,101.8,554.33
46141,STARLINK-1596,2024-11-28T01:48:15Z,2024-11-29T16:01:12Z,-104.4,554.33
46142,STARLINK-1597,2024-11-28T03:50:23Z,2024-11-28T11:48:03Z,-194.4,554.33
46142,STARLINK-1597,2024-11-29T03:43:25Z,2024-11-29T11:41:07Z,115.6,554.33
46144,STARLINK-1606,2024-11-27T17:26:40Z,2024-11-28T02:59:55Z,115.1,554.29
46146,STARLINK-1608,2024-11-27T04:13:09Z,2024-11-27T12:10:52Z,159.0,554.3
46146,STARLINK-1608,2024-11-27T23:19:40Z,2024-11-28T12:03:58Z,-172.6,554.3
46147,STARLINK-1611,2024-11-26T06:00:02Z,2024-11-26T22:00:01Z,-4520.6,391.08
46147,STARLINK-1611,2024-11-26T22:00:01Z,2024-11-27T14:00:01Z,-4317.1,391.08
46147,STARLINK-1611,2024-11-27T14:00:01Z,2024-11-27T22:00:01Z,-2247.7,391.08
46147,STARLINK-1611,2024-11-27T22:00:01Z,2024-11-28T06:00:01Z,-2124.5,391.08
46147,STARLINK-1611,2024-11-28T06:00:01Z,2024-11-28T14:00:01Z,-2193.1,391.08
46147,STARLINK-1611,2024-11-28T14:00:01Z,2024-11-28T22:00:01Z,-2266.6,391.08
46147,STARLINK-1611,2024-11-28T22:00:01Z,2024-11-29T14:00:01Z,-4291.7,391.08
46147,STARLINK-1611,2024-11-29T14:00:01Z,2024-11-29T22:00:01Z,-2294.1,391.08
46147,STARLINK-1611,2024-11-29T22:00:01Z,2024-11-30T14:00:01Z,-1968.1,391.08
46150,STARLINK-1629,2024-11-27T04:07:51Z,2024-11-27T12:05:33Z,285.5,554.31
46150,STARLINK-1629,2024-11-27T23:14:21Z,2024-11-28T11:58:40Z,-158.2,554.31
46150,STARLINK-1629,2024-11-28T11:58:40Z,2024-11-28T18:20:49Z,-103.5,554.31
46150,STARLINK-1629,2024-11-28T19:56:21Z,2024-11-29T11:51:44Z,114.4,554.31
46151,STARLINK-1631,2024-11-27T22:39:48Z,2024-11-28T09:48:35Z,142.9,554.34
46154,STARLINK-1642,2024-11-28T10:29:45Z,2024-11-29T00:49:35Z,-111.4,554.33
46154,STARLINK-1642,2024-11-29T10:22:50Z,2024-11-29T18:20:32Z,120.7,554.33
46155,STARLINK-1667,2024-11-26T09:43:51Z,2024-11-27T01:39:14Z,-191.7,554.34
46155,STARLINK-1667,2024-11-27T01:39:14Z,2024-11-27T15:59:05Z,117.1,554.34
46157,STARLINK-1587,2024-11-28T08:58:12Z,2024-11-29T00:53:36Z,-121.7,554.35
46159,STARLINK-1595,2024-11-28T11:26:49Z,2024-11-29T03:22:10Z,-151.9,554.37
46159,STARLINK-1595,2024-11-29T03:22:10Z,2024-11-29T11:19:53Z,115.5,554.37
46160,STARLINK-1598,2024-11-27T03:22:44Z,2024-11-27T17:42:36Z,107.6,554.34
46160,STARLINK-1598,2024-11-28T03:15:51Z,2024-11-29T03:08:55Z,-182.3,554.34
46160,STARLINK-1598,2024-11-29T03:08:55Z,2024-11-29T09:31:05Z,102.3,554.34
46161,STARLINK-1600,2024-11-27T10:21:28Z,2024-11-28T10:00:02Z,-566.1,506.94
46161,STARLINK-1600,2024-11-28T10:00:02Z,2024-11-29T09:38:25Z,-537.2,506.94
46161,STARLINK-1600,2024-11-29T09:38:25Z,2024-11-30T09:16:38Z,-584.8,506.94
46162,STARLINK-1603,2024-11-27T02:24:00Z,2024-11-27T14:00:01Z,-821.1,465.07
46162,STARLINK-1603,2024-11-27T14:00:01Z,2024-11-27T22:00:01Z,-614.7,465.07
46162,STARLINK-1603,2024-11-27T22:00:01Z,2024-11-28T06:00:01Z,-541.4,465.07
46162,STARLINK-1603,2024-11-28T06:00:01Z,2024-11-28T14:00:01Z,-459.4,465.07
46162,STARLINK-1603,2024-11-28T14:00:01Z,2024-11-28T22:00:01Z,-621.6,465.07
46162,STARLINK-1603,2024-11-28T22:00:01Z,2024-11-29T06:00:01Z,-523.4,465.07
46162,STARLINK-1603,2024-11-29T06:00:01Z,2024-11-29T14:00:01Z,-465.3,465.07
46162,STARLINK-1603,2024-11-29T14:00:01Z,2024-11-29T22:00:01Z,-621.3,465.07
46162,STARLINK-1603,2024-11-29T22:00:01Z,2024-11-30T14:00:01Z,-997.8,465.07
46163,STARLINK-1610,2024-11-29T01:04:11Z,2024-11-29T09:01:53Z,105.9,554.35
46164,STARLINK-1612,2024-11-28T09:03:30Z,2024-11-28T23:23:20Z,-116.8,554.39
46167,STARLINK-1626,2024-11-27T04:23:46Z,2024-11-27T12:21:28Z,197.2,554.34
46167,STARLINK-1626,2024-11-28T12:14:35Z,2024-11-29T04:09:58Z,-181.2,554.34
46167,STARLINK-1626,2024-11-29T04:09:58Z,2024-11-29T18:29:50Z,165.0,554.34
46168,STARLINK-1627,2024-11-28T00:35:17Z,2024-11-28T14:00:01Z,118.4,554.39
46171,STARLINK-1633,2024-11-28T03:42:23Z,2024-11-28T19:37:46Z,-117.2,554.34
46172,STARLINK-1635,2024-11-28T10:25:46Z,2024-11-29T02:21:09Z,-126.4,554.32
46173,STARLINK-1640,2024-11-27T11:38:59Z,2024-11-27T19:36:41Z,298.5,554.31
46173,STARLINK-1640,2024-11-27T19:36:41Z,2024-11-28T05:09:56Z,-101.5,554.31
46173,STARLINK-1640,2024-11-28T05:09:56Z,2024-11-29T00:16:24Z,-158.1,554.31
46173,STARLINK-1640,2024-11-29T11:25:11Z,2024-11-30T03:20:37Z,113.0,554.31
46173,STARLINK-1640,2024-11-30T03:20:37Z,2024-11-30T11:18:19Z,-170.3,554.31
46174,STARLINK-1641,2024-11-28T03:45:03Z,2024-11-28T11:42:44Z,-125.4,554.32
46174,STARLINK-1641,2024-11-28T19:40:26Z,2024-11-29T00:27:02Z,-100.5,554.32
46174,STARLINK-1641,2024-11-29T00:27:02Z,2024-11-29T11:35:48Z,164.1,554.32
46174,STARLINK-1641,2024-11-29T11:35:48Z,2024-11-29T22:44:36Z,127.5,554.32
46325,STARLINK-1734,2024-11-29T11:52:23Z,2024-11-29T19:50:06Z,133.6,554.31
46326,STARLINK-1654,2024-11-26T08:58:45Z,2024-11-26T23:18:37Z,145.5,554.33
46327,STARLINK-1673,2024-11-26T22:00:01Z,2024-11-27T14:00:01Z,-205.4,496.48
46327,STARLINK-1673,2024-11-28T05:09:55Z,2024-11-28T14:35:58Z,-113.9,496.48
46327,STARLINK-1673,2024-11-28T14:35:58Z,2024-11-29T07:53:43Z,-201.4,496.48
46327,STARLINK-1673,2024-11-29T07:53:43Z,2024-11-29T14:11:04Z,-127.5,496.48
46327,STARLINK-1673,2024-11-29T14:11:04Z,2024-11-30T04:20:04Z,-113.8,496.48
46328,STARLINK-1686,2024-11-26T07:25:49Z,2024-11-27T15:16:38Z,139.6,554.3
46328,STARLINK-1686,2024-11-28T07:12:01Z,2024-11-28T21:31:53Z,131.5,554.3
46329,STARLINK-1695,2024-11-27T14:28:53Z,2024-11-28T06:24:16Z,-113.9,554.33
46330,STARLINK-1710,2024-11-26T07:57:40Z,2024-11-26T22:17:32Z,120.3,554.34
46330,STARLINK-1710,2024-11-27T07:50:47Z,2024-11-28T04:32:47Z,-123.1,554.34
46330,STARLINK-1710,2024-11-28T06:08:20Z,2024-11-28T22:03:46Z,143.2,554.34
46331,STARLINK-1719,2024-11-29T14:49:33Z,2024-11-30T05:09:23Z,-124.4,554.33
46333,STARLINK-1723,2024-11-29T02:42:20Z,2024-11-29T15:26:40Z,136.7,554.36
46334,STARLINK-1725,2024-11-26T06:00:02Z,2024-11-26T22:00:01Z,-2204.2,467.45
46334,STARLINK-1725,2024-11-26T22:00:01Z,2024-11-27T14:00:01Z,-2249.6,467.45
46334,STARLINK-1725,2024-11-27T14:00:01Z,2024-11-27T22:00:01Z,-1070.3,467.45
46334,STARLINK-1725,2024-11-27T22:00:01Z,2024-11-28T14:00:01Z,-2034.3,467.45
46334,STARLINK-1725,2024-11-28T14:00:01Z,2024-11-28T22:00:01Z,-912.4,467.45
46334,STARLINK-1725,2024-11-28T22:00:01Z,2024-11-29T14:00:01Z,-1953.5,467.45
46334,STARLINK-1725,2024-11-29T14:00:01Z,2024-11-29T22:00:01Z,-929.8,467.45
46334,STARLINK-1725,2024-11-29T22:00:01Z,2024-11-30T06:00:01Z,-865.1,467.45
46334,STARLINK-1725,2024-11-30T06:00:01Z,2024-11-30T14:00:01Z,-1037.4,467.45
46335,STARLINK-1727,2024-11-29T05:00:23Z,2024-11-30T04:53:28Z,-134.8,554.33
46337,STARLINK-1750,2024-11-26T10:15:40Z,2024-11-27T10:08:48Z,191.1,554.35
46337,STARLINK-1750,2024-11-27T14:55:25Z,2024-11-28T03:39:43Z,-103.0,554.35
46337,STARLINK-1750,2024-11-28T06:50:48Z,2024-11-28T14:48:30Z,146.6,554.35
46337,STARLINK-1750,2024-11-29T06:43:54Z,2024-11-30T06:36:58Z,-106.0,554.35
46338,STARLINK-1752,2024-11-26T09:51:46Z,2024-11-27T11:20:27Z,184.2,554.3
46338,STARLINK-1752,2024-11-28T22:22:19Z,2024-11-29T04:44:28Z,100.0,554.3
46338,STARLINK-1752,2024-11-29T04:44:28Z,2024-11-30T04:37:32Z,-184.7,554.3
46340,STARLINK-1759,2024-11-26T09:57:09Z,2024-11-27T16:12:26Z,110.6,554.29
46341,STARLINK-1760,2024-11-26T06:00:02Z,2024-11-26T22:00:01Z,-1536.6,468.1
46341,STARLINK-1760,2024-11-26T22:00:01Z,2024-11-27T14:00:01Z,-1570.9,468.1
46341,STARLINK-1760,2024-11-27T14:00:01Z,2024-11-27T22:00:01Z,-713.2,468.1
46341,STARLINK-1760,2024-11-27T22:00:01Z,2024-11-28T06:00:01Z,-714.5,468.1
46341,STARLINK-1760,2024-11-28T06:00:01Z,2024-11-28T14:00:01Z,-850.5,468.1
46341,STARLINK-1760,2024-11-28T14:00:01Z,2024-11-28T22:00:01Z,-721.0,468.1
46341,STARLINK-1760,2024-11-28T22:00:01Z,2024-11-29T06:00:01Z,-691.3,468.1
46341,STARLINK-1760,2024-11-29T06:00:01Z,2024-11-29T14:00:01Z,-858.5,468.1
46341,STARLINK-1760,2024-11-29T14:00:01Z,2024-11-29T22:00:01Z,-739.4,468.1
46341,STARLINK-1760,2024-11-29T22:00:01Z,2024-11-30T14:00:01Z,-1506.0,468.1
46343,STARLINK-1764,2024-11-26T10:20:58Z,2024-11-26T21:29:46Z,193.0,554.36
46343,STARLINK-1764,2024-11-27T15:00:43Z,2024-11-28T06:56:06Z,-152.0,554.36
46343,STARLINK-1764,2024-11-28T06:56:06Z,2024-11-28T21:15:58Z,108.3,554.36
46343,STARLINK-1764,2024-11-29T03:38:08Z,2024-11-29T21:09:03Z,-131.4,554.36
46344,STARLINK-1765,2024-11-28T08:58:09Z,2024-11-28T13:44:47Z,144.0,554.3
46344,STARLINK-1765,2024-11-28T13:44:47Z,2024-11-29T04:04:39Z,139.9,554.3
46344,STARLINK-1765,2024-11-29T04:04:39Z,2024-11-29T13:37:53Z,-105.4,554.3
46345,STARLINK-1767,2024-11-28T15:22:58Z,2024-11-28T23:20:41Z,151.7,554.34
46345,STARLINK-1767,2024-11-29T07:18:24Z,2024-11-30T07:11:28Z,-211.9,554.34
46345,STARLINK-1767,2024-11-30T07:11:28Z,2024-11-30T15:09:10Z,145.5,554.34
46347,STARLINK-1547,2024-11-29T03:06:54Z,2024-11-29T12:40:09Z,100.5,554.34
46349,STARLINK-1575,2024-11-28T02:36:42Z,2024-11-28T20:07:37Z,-161.4,554.27
46349,STARLINK-1575,2024-11-29T12:02:59Z,2024-11-29T20:00:42Z,247.4,554.27
46351,STARLINK-1646,2024-11-26T08:29:31Z,2024-11-27T09:58:11Z,178.8,554.31
46351,STARLINK-1646,2024-11-27T14:44:48Z,2024-11-28T06:40:10Z,-171.5,554.31
46351,STARLINK-1646,2024-11-28T06:40:10Z,2024-11-28T16:13:24Z,183.9,554.31
46351,STARLINK-1646,2024-11-29T14:30:58Z,2024-11-30T06:26:20Z,-182.0,554.31
46352,STARLINK-1653,2024-11-26T08:02:58Z,2024-11-26T22:22:51Z,121.8,554.34
46353,STARLINK-1656,2024-11-29T04:28:33Z,2024-11-30T04:21:37Z,-164.7,554.35
46354,STARLINK-1657,2024-11-26T09:19:56Z,2024-11-26T23:39:49Z,118.0,554.34
46354,STARLINK-1657,2024-11-27T15:35:12Z,2024-11-28T09:06:07Z,-128.6,554.34
46354,STARLINK-1657,2024-11-28T15:28:17Z,2024-11-28T23:25:59Z,103.3,554.34
46356,STARLINK-1665,2024-11-27T05:46:03Z,2024-11-28T10:25:44Z,-121.8,554.37
46356,STARLINK-1665,2024-11-28T10:25:44Z,2024-11-28T15:12:24Z,133.0,554.37
46357,STARLINK-1666,2024-11-27T15:11:21Z,2024-11-28T07:06:42Z,-146.0,554.33
46357,STARLINK-1666,2024-11-28T07:06:42Z,2024-11-28T21:26:35Z,112.2,554.33
46359,STARLINK-1707,2024-11-27T12:38:03Z,2024-11-27T20:35:46Z,100.4,554.36
46359,STARLINK-1707,2024-11-28T12:31:10Z,2024-11-29T01:15:27Z,-108.4,554.36
46360,STARLINK-1713,2024-11-27T19:32:03Z,2024-11-28T01:54:12Z,-156.8,554.34
46360,STARLINK-1713,2024-11-28T13:02:57Z,2024-11-29T01:47:17Z,202.4,554.34
46361,STARLINK-1722,2024-11-26T06:00:02Z,2024-11-26T22:00:01Z,-2128.0,471.8
46361,STARLINK-1722,2024-11-26T22:00:01Z,2024-11-27T14:00:01Z,-2002.2,471.8
46361,STARLINK-1722,2024-11-27T14:00:01Z,2024-11-27T22:00:01Z,-1050.4,471.8
46361,STARLINK-1722,2024-11-27T22:00:01Z,2024-11-28T06:00:01Z,-898.9,471.8
46361,STARLINK-1722,2024-11-28T06:00:01Z,2024-11-28T14:00:01Z,-1078.8,471.8
46361,STARLINK-1722,2024-11-28T14:00:01Z,2024-11-28T22:00:01Z,-1056.4,471.8
46361,STARLINK-1722,2024-11-28T22:00:01Z,2024-11-29T14:00:01Z,-1980.8,471.8
46361,STARLINK-1722,2024-11-29T14:00:01Z,2024-11-29T22:00:01Z,-1089.3,471.8
46361,STARLINK-1722,2024-11-29T22:00:01Z,2024-11-30T14:00:01Z,-1962.7,471.8
46362,STARLINK-1726,2024-11-27T13:31:08Z,2024-11-28T02:15:28Z,132.6,554.3
46362,STARLINK-1726,2024-11-28T02:15:28Z,2024-11-28T19:46:23Z,-185.8,554.3
46362,STARLINK-1726,2024-11-28T19:46:23Z,2024-11-29T02:08:32Z,-112.0,554.3
46362,STARLINK-1726,2024-11-29T02:08:32Z,2024-11-29T19:39:28Z,192.2,554.3
46363,STARLINK-1739,2024-11-26T06:00:02Z,2024-11-26T22:00:01Z,-509.1,491.87
46363,STARLINK-1739,2024-11-27T06:00:01Z,2024-11-27T14:00:01Z,-271.4,491.87
46363,STARLINK-1739,2024-11-27T14:00:01Z,2024-11-27T22:00:01Z,-242.8,491.87
46363,STARLINK-1739,2024-11-27T22:00:01Z,2024-11-28T04:26:52Z,-114.3,491.87
46363,STARLINK-1739,2024-11-28T04:26:52Z,2024-11-28T12:18:06Z,-199.7,491.87
46363,STARLINK-1739,2024-11-28T12:18:06Z,2024-11-29T11:51:39Z,-595.6,491.87
46363,STARLINK-1739,2024-11-29T11:51:39Z,2024-11-29T18:08:34Z,-155.8,491.87
46363,STARLINK-1739,2024-11-29T18:08:34Z,2024-11-30T05:08:08Z,-339.7,491.87
46364,STARLINK-1763,2024-11-26T14:00:01Z,2024-11-26T22:00:01Z,-804.9,491.49
46364,STARLINK-1763,2024-11-26T22:00:01Z,2024-11-27T14:00:01Z,-1351.1,491.49
46364,STARLINK-1763,2024-11-27T14:00:01Z,2024-11-27T22:00:01Z,-800.0,491.49
46364,STARLINK-1763,2024-11-27T22:00:01Z,2024-11-28T14:00:01Z,-1316.4,491.49
46364,STARLINK-1763,2024-11-28T14:00:01Z,2024-11-28T22:00:01Z,-810.1,491.49
46364,STARLINK-1763,2024-11-28T22:00:01Z,2024-11-29T14:00:01Z,-1500.8,491.49
46364,STARLINK-1763,2024-11-29T14:00:01Z,2024-11-29T22:00:01Z,-935.7,491.49
46364,STARLINK-1763,2024-11-29T22:00:01Z,2024-11-30T14:00:01Z,-1611.5,491.49
46366,STARLINK-1651,2024-11-27T12:32:45Z,2024-11-27T20:30:28Z,100.7,554.38
46366,STARLINK-1651,2024-11-29T12:18:55Z,2024-11-29T18:41:05Z,174.3,554.38
46370,STARLINK-1670,2024-11-26T06:00:02Z,2024-11-26T14:00:01Z,-484.5,391.35
46370,STARLINK-1670,2024-11-26T14:00:01Z,2024-11-26T22:00:01Z,-242.0,391.35
46370,STARLINK-1670,2024-11-26T22:00:01Z,2024-11-27T06:00:01Z,-388.8,391.35
46370,STARLINK-1670,2024-11-27T06:00:01Z,2024-11-27T14:00:01Z,-516.2,391.35
46370,STARLINK-1670,2024-11-27T14:00:01Z,2024-11-27T22:00:01Z,-325.3,391.35
46370,STARLINK-1670,2024-11-27T22:00:01Z,2024-11-28T14:00:01Z,-850.5,391.35
46370,STARLINK-1670,2024-11-28T14:00:01Z,2024-11-28T22:00:01Z,-360.0,391.35
46370,STARLINK-1670,2024-11-28T22:00:01Z,2024-11-29T06:00:01Z,-269.7,391.35
46370,STARLINK-1670,2024-11-29T06:00:01Z,2024-11-29T14:00:01Z,-450.9,391.35
46370,STARLINK-1670,2024-11-29T14:00:01Z,2024-11-29T22:00:01Z,-394.6,391.35
46370,STARLINK-1670,2024-11-29T22:00:01Z,2024-11-30T14:00:01Z,-674.4,391.35
46372,STARLINK-1689,2024-11-27T10:01:41Z,2024-11-27T22:39:27Z,-150.7,514.63
46372,STARLINK-1689,2024-11-28T04:58:19Z,2024-11-28T22:20:11Z,-246.6,514.63
46372,STARLINK-1689,2024-11-29T07:48:27Z,2024-11-30T04:19:38Z,-299.0,514.63
46374,STARLINK-1711,2024-11-26T22:00:01Z,2024-11-27T14:00:01Z,-324.1,404.71
46374,STARLINK-1711,2024-11-27T14:00:01Z,2024-11-27T22:00:01Z,-340.7,404.71
46374,STARLINK-1711,2024-11-27T22:00:01Z,2024-11-28T10:23:10Z,-327.8,404.71
46374,STARLINK-1711,2024-11-28T10:23:10Z,2024-11-28T22:00:01Z,-380.2,404.71
46374,STARLINK-1711,2024-11-28T22:00:01Z,2024-11-29T09:29:59Z,-284.3,404.71
46374,STARLINK-1711,2024-11-29T09:29:59Z,2024-11-29T17:12:12Z,-227.0,404.71
46374,STARLINK-1711,2024-11-29T17:12:12Z,2024-11-30T02:26:51Z,-279.7,404.71
46375,STARLINK-1724,2024-11-28T12:15:14Z,2024-11-29T00:59:31Z,-174.1,554.33
46375,STARLINK-1724,2024-11-29T12:08:18Z,2024-11-29T21:41:33Z,257.6,554.33
46376,STARLINK-1742,2024-11-29T04:31:49Z,2024-11-29T12:29:33Z,130.1,554.36
46380,STARLINK-1758,2024-11-26T06:00:02Z,2024-11-26T22:00:01Z,-1869.8,488.21
46380,STARLINK-1758,2024-11-26T22:00:01Z,2024-11-27T06:00:01Z,-839.8,488.21
46380,STARLINK-1758,2024-11-27T06:00:01Z,2024-11-27T14:00:01Z,-999.7,488.21
46380,STARLINK-1758,2024-11-27T14:00:01Z,2024-11-27T22:00:01Z,-895.1,488.21
46380,STARLINK-1758,2024-11-27T22:00:01Z,2024-11-28T14:00:01Z,-1555.1,488.21
46380,STARLINK-1758,2024-11-28T14:00:01Z,2024-11-28T22:00:01Z,-791.0,488.21
46380,STARLINK-1758,2024-11-28T22:00:01Z,2024-11-29T06:00:01Z,-693.1,488.21
46380,STARLINK-1758,2024-11-29T06:00:01Z,2024-11-29T14:00:01Z,-835.0,488.21
46380,STARLINK-1758,2024-11-29T14:00:01Z,2024-11-29T22:00:01Z,-812.7,488.21
46380,STARLINK-1758,2024-11-29T22:00:01Z,2024-11-30T14:00:01Z,-1520.6,488.21
46383,STARLINK-1770,2024-11-26T11:16:41Z,2024-11-26T22:25:29Z,179.5,554.35
46383,STARLINK-1770,2024-11-27T15:56:26Z,2024-11-28T22:11:42Z,-107.6,554.35
46383,STARLINK-1770,2024-11-29T15:42:38Z,2024-11-30T07:38:00Z,-147.2,554.35
46384,STARLINK-1771,2024-11-26T09:46:28Z,2024-11-27T08:04:03Z,158.6,554.32
46384,STARLINK-1771,2024-11-29T15:47:56Z,2024-11-30T04:32:14Z,-101.6,554.32
46532,STARLINK-1644,2024-11-26T06:00:02Z,2024-11-26T22:00:01Z,-1289.5,423.94
46532,STARLINK-1644,2024-11-26T22:00:01Z,2024-11-27T06:00:01Z,-449.4,423.94
46532,STARLINK-1644,2024-11-27T06:00:01Z,2024-11-27T14:00:01Z,-600.3,423.94
46532,STARLINK-1644,2024-11-27T14:00:01Z,2024-11-27T22:00:01Z,-478.4,423.94
46532,STARLINK-1644,2024-11-27T22:00:01Z,2024-11-28T14:00:01Z,-1025.3,423.94
46532,STARLINK-1644,2024-11-28T14:00:01Z,2024-11-28T22:00:01Z,-501.0,423.94
46532,STARLINK-1644,2024-11-28T22:00:01Z,2024-11-29T06:00:01Z,-419.5,423.94
46532,STARLINK-1644,2024-11-29T06:00:01Z,2024-11-29T14:00:01Z,-583.6,423.94
46532,STARLINK-1644,2024-11-29T14:00:01Z,2024-11-29T22:00:01Z,-512.6,423.94
46532,STARLINK-1644,2024-11-29T22:00:01Z,2024-11-30T14:00:01Z,-986.3,423.94
46534,STARLINK-1659,2024-11-26T06:00:02Z,2024-11-26T22:00:01Z,-2688.1,469.42
46534,STARLINK-1659,2024-11-26T22:00:01Z,2024-11-27T06:00:01Z,-997.5,469.42
46534,STARLINK-1659,2024-11-27T06:00:01Z,2024-11-27T14:00:01Z,-1141.7,469.42
46534,STARLINK-1659,2024-11-27T14:00:01Z,2024-11-27T22:00:01Z,-1024.7,469.42
46534,STARLINK-1659,2024-11-27T22:00:01Z,2024-11-28T14:00:01Z,-2113.1,469.42
46534,STARLINK-1659,2024-11-28T14:00:01Z,2024-11-28T22:00:01Z,-1033.9,469.42
46534,STARLINK-1659,2024-11-28T22:00:01Z,2024-11-29T06:00:01Z,-966.6,469.42
46534,STARLINK-1659,2024-11-29T06:00:01Z,2024-11-29T14:00:01Z,-1136.8,469.42
46534,STARLINK-1659,2024-11-29T14:00:01Z,2024-11-29T22:00:01Z,-1049.3,469.42
46534,STARLINK-1659,2024-11-29T22:00:01Z,2024-11-30T14:00:01Z,-1960.8,469.42
46541,STARLINK-1687,2024-11-26T08:56:02Z,2024-11-26T18:29:17Z,149.3,554.35
46541,STARLINK-1687,2024-11-28T16:39:56Z,2024-11-29T16:33:03Z,101.8,554.35
46541,STARLINK-1687,2024-11-29T16:33:03Z,2024-11-30T06:52:53Z,-104.7,554.35
46543,STARLINK-1693,2024-11-26T17:57:46Z,2024-11-27T20:46:36Z,-692.3,509.79
46543,STARLINK-1693,2024-11-27T20:46:36Z,2024-11-28T06:00:01Z,-151.5,509.79
46543,STARLINK-1693,2024-11-28T06:00:01Z,2024-11-28T14:00:01Z,-384.0,509.79
46543,STARLINK-1693,2024-11-28T14:00:01Z,2024-11-28T22:00:01Z,-183.0,509.79
46543,STARLINK-1693,2024-11-28T22:00:01Z,2024-11-29T14:00:01Z,-451.7,509.79
46543,STARLINK-1693,2024-11-29T14:00:01Z,2024-11-29T22:00:01Z,-217.6,509.79
46543,STARLINK-1693,2024-11-29T22:00:01Z,2024-11-30T14:00:01Z,-512.6,509.79
46544,STARLINK-1694,2024-11-26T06:00:02Z,2024-11-26T22:00:01Z,-589.8,482.37
46544,STARLINK-1694,2024-11-27T06:00:01Z,2024-11-27T14:00:01Z,-380.9,482.37
46544,STARLINK-1694,2024-11-27T14:00:01Z,2024-11-27T22:00:01Z,-251.3,482.37
46544,STARLINK-1694,2024-11-27T22:00:01Z,2024-11-28T14:00:01Z,-538.0,482.37
46544,STARLINK-1694,2024-11-28T14:00:01Z,2024-11-28T22:00:01Z,-285.4,482.37
46544,STARLINK-1694,2024-11-28T22:00:01Z,2024-11-29T06:00:01Z,-168.3,482.37
46544,STARLINK-1694,2024-11-29T06:00:01Z,2024-11-29T14:00:01Z,-353.3,482.37
46544,STARLINK-1694,2024-11-29T14:00:01Z,2024-11-29T22:00:01Z,-287.8,482.37
46544,STARLINK-1694,2024-11-29T22:00:01Z,2024-11-30T14:00:01Z,-486.9,482.37
46546,STARLINK-1697,2024-11-26T14:00:01Z,2024-11-26T22:00:01Z,-1180.8,465.09
46546,STARLINK-1697,2024-11-26T22:00:01Z,2024-11-27T06:00:01Z,-1049.2,465.09
46546,STARLINK-1697,2024-11-27T06:00:01Z,2024-11-27T14:00:01Z,-1190.4,465.09
46546,STARLINK-1697,2024-11-27T14:00:01Z,2024-11-27T22:00:01Z,-1037.6,465.09
46546,STARLINK-1697,2024-11-27T22:00:01Z,2024-11-28T14:00:01Z,-2231.5,465.09
46546,STARLINK-1697,2024-11-28T14:00:01Z,2024-11-28T22:00:01Z,-1051.6,465.09
46546,STARLINK-1697,2024-11-28T22:00:01Z,2024-11-29T14:00:01Z,-2207.4,465.09
46546,STARLINK-1697,2024-11-29T14:00:01Z,2024-11-29T22:00:01Z,-1079.5,465.09
46546,STARLINK-1697,2024-11-29T22:00:01Z,2024-11-30T14:00:01Z,-1599.8,465.09
46549,STARLINK-1700,2024-11-28T18:34:04Z,2024-11-29T08:53:53Z,-115.3,554.33
46549,STARLINK-1700,2024-11-29T08:53:53Z,2024-11-29T16:51:36Z,146.1,554.33
46550,STARLINK-1701,2024-11-26T06:00:02Z,2024-11-26T22:00:01Z,-3080.5,473.22
46550,STARLINK-1701,2024-11-26T22:00:01Z,2024-11-27T06:00:01Z,-1482.7,473.22
46550,STARLINK-1701,2024-11-27T06:00:01Z,2024-11-27T14:00:01Z,-1212.6,473.22
46550,STARLINK-1701,2024-11-27T14:00:01Z,2024-11-27T22:00:01Z,-1077.6,473.22
46550,STARLINK-1701,2024-11-27T22:00:01Z,2024-11-28T14:00:01Z,-2239.3,473.22
46550,STARLINK-1701,2024-11-28T14:00:01Z,2024-11-28T22:00:01Z,-1090.7,473.22
46550,STARLINK-1701,2024-11-28T22:00:01Z,2024-11-29T14:00:01Z,-2198.4,473.22
46550,STARLINK-1701,2024-11-29T14:00:01Z,2024-11-29T22:00:01Z,-1125.6,473.22
46550,STARLINK-1701,2024-11-29T22:00:01Z,2024-11-30T06:00:01Z,-1041.8,473.22
46550,STARLINK-1701,2024-11-30T06:00:01Z,2024-11-30T14:00:01Z,-1152.3,473.22
46553,STARLINK-1664,2024-11-26T19:44:54Z,2024-11-27T14:51:23Z,177.6,554.28
46553,STARLINK-1664,2024-11-27T21:13:33Z,2024-11-28T16:20:01Z,-153.4,554.28
46553,STARLINK-1664,2024-11-28T16:20:01Z,2024-11-29T19:24:13Z,146.4,554.28
46553,STARLINK-1664,2024-11-29T19:24:13Z,2024-11-30T12:55:08Z,-126.7,554.28
46554,STARLINK-1671,2024-11-26T06:00:02Z,2024-11-26T22:00:01Z,-825.5,416.6
46554,STARLINK-1671,2024-11-26T22:00:01Z,2024-11-27T06:00:01Z,-325.2,416.6
46554,STARLINK-1671,2024-11-27T06:00:01Z,2024-11-27T14:00:01Z,-333.0,416.6
46554,STARLINK-1671,2024-11-27T14:00:01Z,2024-11-27T22:00:01Z,-378.6,416.6
46554,STARLINK-1671,2024-11-27T22:00:01Z,2024-11-28T06:00:01Z,-345.9,416.6
46554,STARLINK-1671,2024-11-28T06:00:01Z,2024-11-28T14:00:01Z,-303.6,416.6
46554,STARLINK-1671,2024-11-28T14:00:01Z,2024-11-28T22:00:01Z,-529.9,416.6
46554,STARLINK-1671,2024-11-28T22:00:01Z,2024-11-29T14:00:01Z,-294.2,416.6
46554,STARLINK-1671,2024-11-29T14:00:01Z,2024-11-29T22:00:01Z,-281.3,416.6
46554,STARLINK-1671,2024-11-29T22:00:01Z,2024-11-30T06:00:01Z,-167.7,416.6
46554,STARLINK-1671,2024-11-30T06:00:01Z,2024-11-30T14:00:01Z,-173.5,416.6
46557,STARLINK-1679,2024-11-28T18:37:11Z,2024-11-29T07:21:33Z,109.2,554.37
46559,STARLINK-1681,2024-11-28T18:20:44Z,2024-11-29T13:27:14Z,148.1,554.34
46561,STARLINK-1709,2024-11-26T14:00:01Z,2024-11-26T22:00:01Z,-224.9,395.45
46561,STARLINK-1709,2024-11-26T22:00:01Z,2024-11-27T06:00:01Z,-246.1,395.45
46561,STARLINK-1709,2024-11-27T06:00:01Z,2024-11-27T14:00:01Z,-522.9,395.45
46561,STARLINK-1709,2024-11-27T14:00:01Z,2024-11-27T22:00:01Z,-304.5,395.45
46561,STARLINK-1709,2024-11-27T22:00:01Z,2024-11-28T06:00:01Z,-355.6,395.45
46561,STARLINK-1709,2024-11-28T06:00:01Z,2024-11-28T14:00:01Z,-393.9,395.45
46561,STARLINK-1709,2024-11-28T14:00:01Z,2024-11-28T22:00:01Z,-405.6,395.45
46561,STARLINK-1709,2024-11-28T22:00:01Z,2024-11-29T06:00:01Z,-314.8,395.45
46561,STARLINK-1709,2024-11-29T06:00:01Z,2024-11-29T14:00:01Z,-292.0,395.45
46561,STARLINK-1709,2024-11-29T14:00:01Z,2024-11-29T22:00:01Z,-484.2,395.45
46561,STARLINK-1709,2024-11-29T22:00:01Z,2024-11-30T14:00:01Z,-665.7,395.45
46562,STARLINK-1714,2024-11-29T18:45:49Z,2024-11-30T13:52:16Z,-113.4,554.34
46564,STARLINK-1733,2024-11-26T17:20:17Z,2024-11-27T09:15:41Z,145.6,554.35
46564,STARLINK-1733,2024-11-29T16:59:37Z,2024-11-30T13:41:36Z,-156.4,554.35
46565,STARLINK-1735,2024-11-26T19:48:53Z,2024-11-27T14:55:23Z,143.7,554.38
46565,STARLINK-1735,2024-11-27T14:55:23Z,2024-11-27T19:42:01Z,141.5,554.38
46565,STARLINK-1735,2024-11-27T19:42:01Z,2024-11-28T17:59:35Z,-156.4,554.38
46566,STARLINK-1740,2024-11-29T14:20:20Z,2024-11-30T14:13:25Z,-137.4,554.28
46567,STARLINK-1741,2024-11-27T20:03:08Z,2024-11-27T21:38:47Z,271.1,554.3
46574,STARLINK-1660,2024-11-26T18:57:48Z,2024-11-27T09:17:40Z,121.9,554.35
46574,STARLINK-1660,2024-11-29T17:01:36Z,2024-11-30T16:54:39Z,-174.2,554.35
46576,STARLINK-1677,2024-11-26T17:11:39Z,2024-11-27T17:04:47Z,194.1,554.36
46576,STARLINK-1677,2024-11-27T17:04:47Z,2024-11-27T21:51:25Z,282.9,554.36
46576,STARLINK-1677,2024-11-27T21:51:25Z,2024-11-28T09:00:10Z,-313.0,554.36
46577,STARLINK-1682,2024-11-26T14:00:01Z,2024-11-26T22:00:01Z,-433.7,464.88
46577,STARLINK-1682,2024-11-26T22:00:01Z,2024-11-27T14:00:01Z,-798.7,464.88
46577,STARLINK-1682,2024-11-27T14:00:01Z,2024-11-27T22:00:01Z,-436.7,464.88
46577,STARLINK-1682,2024-11-27T22:00:01Z,2024-11-28T06:00:01Z,-316.1,464.88
46577,STARLINK-1682,2024-11-28T06:00:01Z,2024-11-28T14:00:01Z,-471.4,464.88
46577,STARLINK-1682,2024-11-28T14:00:01Z,2024-11-28T22:00:01Z,-443.4,464.88
46577,STARLINK-1682,2024-11-28T22:00:01Z,2024-11-29T14:00:01Z,-780.0,464.88
46577,STARLINK-1682,2024-11-29T14:00:01Z,2024-11-29T22:00:01Z,-440.3,464.88
46577,STARLINK-1682,2024-11-29T22:00:01Z,2024-11-30T06:00:01Z,-350.5,464.88
46577,STARLINK-1682,2024-11-30T06:00:01Z,2024-11-30T14:00:01Z,-413.1,464.88
46579,STARLINK-1705,2024-11-26T09:35:16Z,2024-11-27T09:28:19Z,-127.4,554.34
46580,STARLINK-1708,2024-11-26T20:12:06Z,2024-11-27T15:18:35Z,137.4,554.35
46580,STARLINK-1708,2024-11-27T20:05:13Z,2024-11-28T19:58:17Z,-101.8,554.35
46580,STARLINK-1708,2024-11-28T19:58:17Z,2024-11-29T15:04:47Z,122.5,554.35
46582,STARLINK-1728,2024-11-29T18:40:25Z,2024-11-30T16:57:57Z,-108.0,554.36
46583,STARLINK-1729,2024-11-26T12:00:01Z,2024-11-26T22:00:01Z,-2079.1,437.7
46583,STARLINK-1729,2024-11-26T22:00:01Z,2024-11-27T14:00:01Z,-3474.1,437.7
46583,STARLINK-1729,2024-11-27T14:00:01Z,2024-11-27T22:00:01Z,-1705.0,437.7
46583,STARLINK-1729,2024-11-27T22:00:01Z,2024-11-28T06:00:01Z,-1635.4,437.7
46583,STARLINK-1729,2024-11-28T06:00:01Z,2024-11-28T14:00:01Z,-1340.9,437.7
46583,STARLINK-1729,2024-11-28T14:00:01Z,2024-11-28T20:00:01Z,-809.9,437.7
46583,STARLINK-1729,2024-11-28T20:00:01Z,2024-11-28T22:00:01Z,-383.2,437.7
46583,STARLINK-1729,2024-11-28T22:00:01Z,2024-11-29T06:00:01Z,-1398.2,437.7
46583,STARLINK-1729,2024-11-29T06:00:01Z,2024-11-29T14:00:01Z,-881.8,437.7
46583,STARLINK-1729,2024-11-29T14:00:01Z,2024-11-29T20:00:01Z,332.1,437.7
46583,STARLINK-1729,2024-11-29T20:00:01Z,2024-11-29T22:00:01Z,-245.1,437.7
46583,STARLINK-1729,2024-11-29T22:00:01Z,2024-11-30T14:00:01Z,-2231.3,437.7
46584,STARLINK-1732,2024-11-26T22:00:01Z,2024-11-27T06:00:01Z,-1354.4,436.56
46584,STARLINK-1732,2024-11-27T06:00:01Z,2024-11-27T14:00:01Z,-1467.1,436.56
46584,STARLINK-1732,2024-11-27T14:00:01Z,2024-11-27T22:00:01Z,-1444.0,436.56
46584,STARLINK-1732,2024-11-27T22:00:01Z,2024-11-28T14:00:01Z,-2809.5,436.56
46584,STARLINK-1732,2024-11-28T14:00:01Z,2024-11-28T22:00:01Z,-1450.8,436.56
46584,STARLINK-1732,2024-11-28T22:00:01Z,2024-11-29T14:00:01Z,-3055.1,436.56
46584,STARLINK-1732,2024-11-29T14:00:01Z,2024-11-29T22:00:01Z,-2142.9,436.56
46584,STARLINK-1732,2024-11-29T22:00:01Z,2024-11-30T14:00:01Z,-4123.1,436.56
46585,STARLINK-1736,2024-11-26T09:12:04Z,2024-11-26T18:45:17Z,-102.2,554.29
46585,STARLINK-1736,2024-11-28T16:55:54Z,2024-11-29T13:37:56Z,126.3,554.29
46586,STARLINK-1737,2024-11-26T06:00:02Z,2024-11-26T22:00:01Z,-4513.4,396.35
46586,STARLINK-1737,2024-11-26T22:00:01Z,2024-11-27T06:00:01Z,-2126.1,396.35
46586,STARLINK-1737,2024-11-27T06:00:01Z,2024-11-27T14:00:01Z,-2258.3,396.35
46586,STARLINK-1737,2024-11-27T14:00:01Z,2024-11-27T22:00:01Z,-2239.3,396.35
46586,STARLINK-1737,2024-11-27T22:00:01Z,2024-11-28T14:00:01Z,-2322.4,396.35
46586,STARLINK-1737,2024-11-28T14:00:01Z,2024-11-28T22:00:01Z,-267.3,396.35
46586,STARLINK-1737,2024-11-28T22:00:01Z,2024-11-29T14:00:01Z,-610.1,396.35
46586,STARLINK-1737,2024-11-29T14:00:01Z,2024-11-29T22:00:01Z,-391.5,396.35
46586,STARLINK-1737,2024-11-29T22:00:01Z,2024-11-30T06:00:01Z,-294.3,396.35
46586,STARLINK-1737,2024-11-30T06:00:01Z,2024-11-30T14:00:01Z,-415.8,396.35
46588,STARLINK-1746,2024-11-28T17:01:08Z,2024-11-29T13:43:12Z,101.0,554.37
46588,STARLINK-1746,2024-11-29T16:54:17Z,2024-11-30T16:47:19Z,-133.3,554.37
46589,STARLINK-1749,2024-11-26T07:37:32Z,2024-11-26T22:00:01Z,-414.5,428.2
46589,STARLINK-1749,2024-11-27T00:00:01Z,2024-11-27T06:51:57Z,-120.0,428.2
46589,STARLINK-1749,2024-11-27T06:51:57Z,2024-11-27T14:36:42Z,-205.0,428.2
46589,STARLINK-1749,2024-11-27T14:36:42Z,2024-11-27T22:00:01Z,-244.6,428.2
46589,STARLINK-1749,2024-11-27T22:00:01Z,2024-11-28T07:39:06Z,-219.0,428.2
46589,STARLINK-1749,2024-11-28T07:39:06Z,2024-11-28T13:50:52Z,-164.4,428.2
46589,STARLINK-1749,2024-11-28T13:50:52Z,2024-11-28T22:00:01Z,-281.8,428.2
46589,STARLINK-1749,2024-11-29T00:00:01Z,2024-11-29T13:04:49Z,-302.8,428.2
46589,STARLINK-1749,2024-11-29T16:10:40Z,2024-11-30T06:06:56Z,-438.2,428.2
46589,STARLINK-1749,2024-11-30T06:06:56Z,2024-11-30T13:51:30Z,-207.9,428.2
46591,STARLINK-1755,2024-11-26T14:00:01Z,2024-11-26T22:00:01Z,-629.8,428.64
46591,STARLINK-1755,2024-11-26T22:00:01Z,2024-11-27T06:00:01Z,-555.1,428.64
46591,STARLINK-1755,2024-11-27T06:00:01Z,2024-11-27T14:00:01Z,-686.3,428.64
46591,STARLINK-1755,2024-11-27T14:00:01Z,2024-11-27T22:00:01Z,-511.9,428.64
46591,STARLINK-1755,2024-11-27T22:00:01Z,2024-11-28T14:00:01Z,-904.2,428.64
46591,STARLINK-1755,2024-11-28T14:00:01Z,2024-11-28T22:00:01Z,-491.8,428.64
46591,STARLINK-1755,2024-11-28T22:00:01Z,2024-11-29T06:00:01Z,-389.3,428.64
46591,STARLINK-1755,2024-11-29T06:00:01Z,2024-11-29T14:00:01Z,-488.6,428.64
46591,STARLINK-1755,2024-11-29T14:00:01Z,2024-11-29T22:00:01Z,-542.1,428.64
46591,STARLINK-1755,2024-11-29T22:00:01Z,2024-11-30T14:00:01Z,-863.5,428.64
46671,STARLINK-1715,2024-11-26T06:00:02Z,2024-11-26T22:00:01Z,-2904.1,491.61
46671,STARLINK-1715,2024-11-26T22:00:01Z,2024-11-27T14:00:01Z,-3329.3,491.61
46671,STARLINK-1715,2024-11-27T14:00:01Z,2024-11-27T22:00:01Z,-1640.7,491.61
46671,STARLINK-1715,2024-11-27T22:00:01Z,2024-11-28T14:00:01Z,-3348.7,491.61
46671,STARLINK-1715,2024-11-28T14:00:01Z,2024-11-28T22:00:01Z,-1611.6,491.61
46671,STARLINK-1715,2024-11-28T22:00:01Z,2024-11-29T14:00:01Z,-3366.1,491.61
46671,STARLINK-1715,2024-11-29T14:00:01Z,2024-11-29T22:00:01Z,-1601.8,491.61
46671,STARLINK-1715,2024-11-29T22:00:01Z,2024-11-30T14:00:01Z,-3400.4,491.61
46674,STARLINK-1718,2024-11-29T07:01:45Z,2024-11-29T22:57:10Z,156.9,554.35
46675,STARLINK-1720,2024-11-26T22:00:01Z,2024-11-27T06:00:01Z,-2270.6,396.85
46675,STARLINK-1720,2024-11-27T06:00:01Z,2024-11-27T14:00:01Z,-272.4,396.85
46675,STARLINK-1720,2024-11-27T14:00:01Z,2024-11-27T22:00:01Z,-211.9,396.85
46675,STARLINK-1720,2024-11-28T06:00:01Z,2024-11-28T14:00:01Z,-1246.1,396.85
46675,STARLINK-1720,2024-11-28T14:00:01Z,2024-11-28T22:00:01Z,-2096.9,396.85
46675,STARLINK-1720,2024-11-28T22:00:01Z,2024-11-29T14:00:01Z,-4469.6,396.85
46675,STARLINK-1720,2024-11-29T14:00:01Z,2024-11-29T22:00:01Z,-2141.4,396.85
46675,STARLINK-1720,2024-11-29T22:00:01Z,2024-11-30T06:00:01Z,-2221.3,396.85
46675,STARLINK-1720,2024-11-30T06:00:01Z,2024-11-30T14:00:01Z,-2188.0,396.85
46682,STARLINK-1776,2024-11-26T06:00:02Z,2024-11-26T22:00:01Z,-4447.9,500.64
46682,STARLINK-1776,2024-11-26T22:00:01Z,2024-11-27T14:00:01Z,-4470.1,500.64
46682,STARLINK-1776,2024-11-27T14:00:01Z,2024-11-27T22:00:01Z,-2274.2,500.64
46682,STARLINK-1776,2024-11-27T22:00:01Z,2024-11-28T06:00:01Z,-2304.5,500.64
46682,STARLINK-1776,2024-11-28T06:00:01Z,2024-11-28T14:00:01Z,-2155.9,500.64
46682,STARLINK-1776,2024-11-28T14:00:01Z,2024-11-28T22:00:01Z,-2267.0,500.64
46682,STARLINK-1776,2024-11-28T22:00:01Z,2024-11-29T14:00:01Z,-4463.3,500.64
46682,STARLINK-1776,2024-11-29T14:00:01Z,2024-11-29T22:00:01Z,-2251.0,500.64
46682,STARLINK-1776,2024-11-29T22:00:01Z,2024-11-30T14:00:01Z,-4570.3,500.64
46684,STARLINK-1780,2024-11-26T14:00:01Z,2024-11-26T22:00:01Z,-1596.0,486.19
46684,STARLINK-1780,2024-11-26T22:00:01Z,2024-11-27T06:00:01Z,-1658.1,486.19
46684,STARLINK-1780,2024-11-27T06:00:01Z,2024-11-27T14:00:01Z,-1525.2,486.19
46684,STARLINK-1780,2024-11-27T14:00:01Z,2024-11-27T22:00:01Z,-1561.4,486.19
46684,STARLINK-1780,2024-11-27T22:00:01Z,2024-11-28T14:00:01Z,-3272.7,486.19
46684,STARLINK-1780,2024-11-28T14:00:01Z,2024-11-28T22:00:01Z,-1647.2,486.19
46684,STARLINK-1780,2024-11-28T22:00:01Z,2024-11-29T06:00:01Z,-1758.5,486.19
46684,STARLINK-1780,2024-11-29T06:00:01Z,2024-11-29T14:00:01Z,-1675.5,486.19
46684,STARLINK-1780,2024-11-29T14:00:01Z,2024-11-29T22:00:01Z,-1645.8,486.19
46684,STARLINK-1780,2024-11-29T22:00:01Z,2024-11-30T14:00:01Z,-3414.4,486.19
46690,STARLINK-1789,2024-11-29T06:15:21Z,2024-11-29T12:37:33Z,248.9,554.36
46690,STARLINK-1789,2024-11-29T18:59:42Z,2024-11-29T20:35:13Z,-204.7,554.36
46690,STARLINK-1789,2024-11-29T20:35:13Z,2024-11-30T12:30:35Z,-118.2,554.36
46692,STARLINK-1791,2024-11-26T22:00:01Z,2024-11-27T14:00:01Z,-3775.8,480.08
46692,STARLINK-1791,2024-11-27T14:00:01Z,2024-11-27T22:00:01Z,-2206.0,480.08
46692,STARLINK-1791,2024-11-27T22:00:01Z,2024-11-28T06:00:01Z,-2308.0,480.08
46692,STARLINK-1791,2024-11-28T06:00:01Z,2024-11-28T14:00:01Z,-2177.8,480.08
46692,STARLINK-1791,2024-11-28T14:00:01Z,2024-11-28T22:00:01Z,-2197.7,480.08
46692,STARLINK-1791,2024-11-28T22:00:01Z,2024-11-29T14:00:01Z,-4490.8,480.08
46692,STARLINK-1791,2024-11-29T14:00:01Z,2024-11-29T22:00:01Z,-2165.1,480.08
46692,STARLINK-1791,2024-11-29T22:00:01Z,2024-11-30T14:00:01Z,-4491.2,480.08
46693,STARLINK-1792,2024-11-26T21:34:18Z,2024-11-27T13:19:42Z,-233.7,505.4
46693,STARLINK-1792,2024-11-27T13:19:42Z,2024-11-27T21:12:23Z,-129.5,505.4
46693,STARLINK-1792,2024-11-27T21:12:23Z,2024-11-28T12:57:42Z,-258.0,505.4
46693,STARLINK-1792,2024-11-28T12:57:42Z,2024-11-28T20:50:21Z,-136.9,505.4
46693,STARLINK-1792,2024-11-28T20:50:21Z,2024-11-29T12:35:36Z,-259.2,505.4
46693,STARLINK-1792,2024-11-29T12:35:36Z,2024-11-29T18:53:41Z,-114.2,505.4
46693,STARLINK-1792,2024-11-29T20:28:12Z,2024-11-30T12:13:19Z,-429.8,505.4
46698,STARLINK-1797,2024-11-26T23:07:24Z,2024-11-27T13:27:17Z,117.5,554.31
46698,STARLINK-1797,2024-11-27T13:27:17Z,2024-11-28T13:20:22Z,-104.1,554.31
46699,STARLINK-1799,2024-11-28T21:39:13Z,2024-11-29T21:32:18Z,-134.2,554.38
46703,STARLINK-1803,2024-11-26T22:00:01Z,2024-11-27T14:00:01Z,-4256.0,459.4
46703,STARLINK-1803,2024-11-27T14:00:01Z,2024-11-27T22:00:01Z,-2096.7,459.4
46703,STARLINK-1803,2024-11-27T22:00:01Z,2024-11-28T14:00:01Z,-4483.3,459.4
46703,STARLINK-1803,2024-11-28T14:00:01Z,2024-11-28T22:00:01Z,-2564.2,459.4
46703,STARLINK-1803,2024-11-28T22:00:01Z,2024-11-29T06:00:01Z,-216.9,459.4
46703,STARLINK-1803,2024-11-29T22:00:01Z,2024-11-30T14:00:01Z,617.7,459.4
46705,STARLINK-1805,2024-11-28T21:50:27Z,2024-11-29T10:34:50Z,313.2,554.36
46705,STARLINK-1805,2024-11-29T10:34:50Z,2024-11-30T04:05:42Z,-298.0,554.36
46706,STARLINK-1807,2024-11-27T13:21:53Z,2024-11-28T06:52:48Z,-101.2,554.35
46707,STARLINK-1808,2024-11-26T22:00:01Z,2024-11-27T14:00:01Z,-633.0,451.0
46707,STARLINK-1808,2024-11-27T14:00:01Z,2024-11-27T22:00:01Z,-215.5,451.0
46707,STARLINK-1808,2024-11-27T22:00:01Z,2024-11-28T12:16:32Z,-591.4,451.0
46707,STARLINK-1808,2024-11-28T12:16:32Z,2024-11-28T22:00:01Z,-303.5,451.0
46707,STARLINK-1808,2024-11-28T22:00:01Z,2024-11-29T14:00:01Z,-635.7,451.0
46707,STARLINK-1808,2024-11-29T14:00:01Z,2024-11-29T22:00:01Z,-220.4,451.0
46707,STARLINK-1808,2024-11-29T22:00:01Z,2024-11-30T06:00:01Z,-218.0,451.0
46707,STARLINK-1808,2024-11-30T06:00:01Z,2024-11-30T14:00:01Z,-246.3,451.0
46709,STARLINK-1810,2024-11-27T08:35:55Z,2024-11-27T22:55:50Z,163.2,554.32
46709,STARLINK-1810,2024-11-27T22:55:50Z,2024-11-28T19:37:48Z,-201.0,554.32
46711,STARLINK-1813,2024-11-26T22:00:01Z,2024-11-27T14:00:01Z,-4519.3,392.36
46711,STARLINK-1813,2024-11-27T14:00:01Z,2024-11-27T22:00:01Z,-2071.8,392.36
46711,STARLINK-1813,2024-11-27T22:00:01Z,2024-11-28T14:00:01Z,-4470.0,392.36
46711,STARLINK-1813,2024-11-28T14:00:01Z,2024-11-28T22:00:01Z,-2138.3,392.36
46711,STARLINK-1813,2024-11-28T22:00:01Z,2024-11-29T14:00:01Z,-4440.0,392.36
46711,STARLINK-1813,2024-11-29T14:00:01Z,2024-11-29T22:00:01Z,-2138.5,392.36
46711,STARLINK-1813,2024-11-29T22:00:01Z,2024-11-30T06:00:01Z,-2227.6,392.36
46711,STARLINK-1813,2024-11-30T06:00:01Z,2024-11-30T14:00:01Z,-2204.9,392.36
46714,STARLINK-1816,2024-11-27T21:56:40Z,2024-11-28T21:49:47Z,102.1,554.31
46715,STARLINK-1817,2024-11-28T21:44:27Z,2024-11-29T21:37:34Z,106.4,554.35
46715,STARLINK-1817,2024-11-29T21:37:34Z,2024-11-30T13:32:56Z,-157.9,554.35
46716,STARLINK-1818,2024-11-26T06:06:39Z,2024-11-27T01:01:34Z,-329.0,507.06
46716,STARLINK-1818,2024-11-27T01:01:34Z,2024-11-27T05:45:17Z,-130.8,507.06
46716,STARLINK-1818,2024-11-27T05:45:17Z,2024-11-27T23:05:30Z,-419.9,507.06
46716,STARLINK-1818,2024-11-27T23:05:30Z,2024-11-28T19:34:44Z,-521.3,507.06
46716,STARLINK-1818,2024-11-28T19:34:44Z,2024-11-29T00:18:23Z,-123.5,507.06
46716,STARLINK-1818,2024-11-29T00:18:23Z,2024-11-29T22:21:58Z,-556.9,507.06
46719,STARLINK-1822,2024-11-28T13:12:18Z,2024-11-28T19:34:29Z,136.8,554.42
46719,STARLINK-1822,2024-11-28T19:34:29Z,2024-11-29T11:29:53Z,-135.7,554.42
46719,STARLINK-1822,2024-11-29T11:29:53Z,2024-11-29T19:27:34Z,-113.4,554.42
46726,STARLINK-1829,2024-11-26T06:00:02Z,2024-11-26T22:00:01Z,-4012.1,462.61
46726,STARLINK-1829,2024-11-26T22:00:01Z,2024-11-27T06:00:01Z,-2120.5,462.61
46726,STARLINK-1829,2024-11-27T06:00:01Z,2024-11-27T14:00:01Z,-1986.0,462.61
46726,STARLINK-1829,2024-11-27T14:00:01Z,2024-11-27T22:00:01Z,-2003.4,462.61
46726,STARLINK-1829,2024-11-27T22:00:01Z,2024-11-28T14:00:01Z,-4127.6,462.61
46726,STARLINK-1829,2024-11-28T14:00:01Z,2024-11-28T22:00:01Z,-1964.2,462.61
46726,STARLINK-1829,2024-11-28T22:00:01Z,2024-11-29T14:00:01Z,-4182.7,462.61
46726,STARLINK-1829,2024-11-29T14:00:01Z,2024-11-29T22:00:01Z,-2056.4,462.61
46726,STARLINK-1829,2024-11-29T22:00:01Z,2024-11-30T14:00:01Z,-4439.5,462.61
46740,STARLINK-1848,2024-11-29T02:17:10Z,2024-11-29T11:50:24Z,167.4,554.34
46741,STARLINK-1865,2024-11-26T06:00:02Z,2024-11-26T14:00:01Z,-2274.6,405.18
46741,STARLINK-1865,2024-11-26T14:00:01Z,2024-11-26T22:00:01Z,-2272.9,405.18
46741,STARLINK-1865,2024-11-26T22:00:01Z,2024-11-27T14:00:01Z,-4357.4,405.18
46741,STARLINK-1865,2024-11-27T14:00:01Z,2024-11-27T22:00:01Z,-2135.0,405.18
46741,STARLINK-1865,2024-11-27T22:00:01Z,2024-11-28T06:00:01Z,347.9,405.18
46741,STARLINK-1865,2024-11-28T06:00:01Z,2024-11-28T14:00:01Z,-1907.6,405.18
46741,STARLINK-1865,2024-11-28T14:00:01Z,2024-11-28T22:00:01Z,-2322.5,405.18
46741,STARLINK-1865,2024-11-28T22:00:01Z,2024-11-29T06:00:01Z,-604.2,405.18
46741,STARLINK-1865,2024-11-29T06:00:01Z,2024-11-29T14:00:01Z,-203.4,405.18
46741,STARLINK-1865,2024-11-29T14:00:01Z,2024-11-29T22:00:01Z,-349.9,405.18
46741,STARLINK-1865,2024-11-29T22:00:01Z,2024-11-30T14:00:01Z,-699.4,405.18
46743,STARLINK-1892,2024-11-28T12:11:16Z,2024-11-29T00:55:34Z,-150.6,554.34
46743,STARLINK-1892,2024-11-29T00:55:34Z,2024-11-29T12:04:20Z,111.5,554.34
46744,STARLINK-1894,2024-11-27T05:24:11Z,2024-11-27T19:44:03Z,194.0,554.37
46746,STARLINK-1905,2024-11-29T17:38:43Z,2024-11-30T11:09:40Z,131.8,554.31
46747,STARLINK-1908,2024-11-26T06:00:02Z,2024-11-26T22:00:01Z,-4515.7,398.21
46747,STARLINK-1908,2024-11-26T22:00:01Z,2024-11-27T14:00:01Z,-4359.3,398.21
46747,STARLINK-1908,2024-11-27T14:00:01Z,2024-11-27T22:00:01Z,-2237.3,398.21
46747,STARLINK-1908,2024-11-27T22:00:01Z,2024-11-28T14:00:01Z,-4347.2,398.21
46747,STARLINK-1908,2024-11-28T14:00:01Z,2024-11-28T22:00:01Z,-2264.5,398.21
46747,STARLINK-1908,2024-11-28T22:00:01Z,2024-11-29T14:00:01Z,-4317.6,398.21
46747,STARLINK-1908,2024-11-29T14:00:01Z,2024-11-29T22:00:01Z,-2292.2,398.21
46747,STARLINK-1908,2024-11-29T22:00:01Z,2024-11-30T14:00:01Z,-1848.7,398.21
46748,STARLINK-1910,2024-11-26T14:00:01Z,2024-11-26T22:00:01Z,-504.9,424.1
46748,STARLINK-1910,2024-11-26T22:00:01Z,2024-11-27T14:00:01Z,-760.6,424.1
46748,STARLINK-1910,2024-11-27T14:00:01Z,2024-11-27T22:00:01Z,-498.1,424.1
46748,STARLINK-1910,2024-11-27T22:00:01Z,2024-11-28T14:00:01Z,-755.4,424.1
46748,STARLINK-1910,2024-11-28T14:00:01Z,2024-11-28T22:00:01Z,-526.2,424.1
46748,STARLINK-1910,2024-11-28T22:00:01Z,2024-11-29T06:00:01Z,-338.4,424.1
46748,STARLINK-1910,2024-11-29T06:00:01Z,2024-11-29T14:00:01Z,-389.1,424.1
46748,STARLINK-1910,2024-11-29T14:00:01Z,2024-11-29T22:00:01Z,-503.6,424.1
46748,STARLINK-1910,2024-11-29T22:00:01Z,2024-11-30T14:00:01Z,-944.6,424.1
46749,STARLINK-1911,2024-11-27T19:22:47Z,2024-11-28T01:44:57Z,113.7,554.31
46749,STARLINK-1911,2024-11-28T04:56:02Z,2024-11-29T00:02:29Z,-145.8,554.31
46751,STARLINK-1920,2024-11-26T14:00:01Z,2024-11-26T22:00:01Z,-387.4,469.14
46751,STARLINK-1920,2024-11-26T22:00:01Z,2024-11-27T14:00:01Z,-606.9,469.14
46751,STARLINK-1920,2024-11-27T14:00:01Z,2024-11-27T22:00:01Z,-623.4,469.14
46751,STARLINK-1920,2024-11-27T22:00:01Z,2024-11-28T14:00:01Z,-239.7,469.14
46751,STARLINK-1920,2024-11-28T14:00:01Z,2024-11-28T22:00:01Z,-210.9,469.14
46751,STARLINK-1920,2024-11-29T14:00:01Z,2024-11-29T22:00:01Z,-207.5,469.14
46751,STARLINK-1920,2024-11-29T22:00:01Z,2024-11-30T11:20:36Z,-134.6,469.14
46752,STARLINK-1921,2024-11-26T14:00:01Z,2024-11-26T22:00:01Z,-969.3,462.76
46752,STARLINK-1921,2024-11-26T22:00:01Z,2024-11-27T14:00:01Z,-1758.6,462.76
46752,STARLINK-1921,2024-11-27T14:00:01Z,2024-11-27T22:00:01Z,-969.6,462.76
46752,STARLINK-1921,2024-11-27T22:00:01Z,2024-11-28T14:00:01Z,-1746.0,462.76
46752,STARLINK-1921,2024-11-28T14:00:01Z,2024-11-28T22:00:01Z,-986.4,462.76
46752,STARLINK-1921,2024-11-28T22:00:01Z,2024-11-29T14:00:01Z,-1800.1,462.76
46752,STARLINK-1921,2024-11-29T14:00:01Z,2024-11-29T22:00:01Z,-1083.6,462.76
46752,STARLINK-1921,2024-11-29T22:00:01Z,2024-11-30T06:00:01Z,-891.0,462.76
46752,STARLINK-1921,2024-11-30T06:00:01Z,2024-11-30T14:00:01Z,-941.9,462.76
46753,STARLINK-1922,2024-11-28T18:38:43Z,2024-11-29T04:11:55Z,-108.7,554.36
46753,STARLINK-1922,2024-11-29T04:11:55Z,2024-11-29T12:09:39Z,166.4,554.36
46754,STARLINK-1923,2024-11-26T17:09:30Z,2024-11-26T23:07:47Z,-1607.1,250.37
46754,STARLINK-1923,2024-11-26T23:07:47Z,2024-11-27T22:59:35Z,-6962.8,250.37
46754,STARLINK-1923,2024-11-27T23:17:14Z,2024-11-29T03:48:44Z,-9816.9,250.37
46754,STARLINK-1923,2024-11-29T03:48:44Z,2024-11-29T23:06:41Z,-7926.4,250.37
46754,STARLINK-1923,2024-11-29T23:06:41Z,2024-11-30T06:26:38Z,-3654.2,250.37
46754,STARLINK-1923,2024-11-30T06:26:38Z,2024-11-30T16:46:24Z,-8523.5,250.37
46755,STARLINK-1924,2024-11-27T12:41:23Z,2024-11-27T23:50:10Z,151.2,554.33
46755,STARLINK-1924,2024-11-27T23:50:10Z,2024-11-28T12:34:29Z,-121.8,554.33
46755,STARLINK-1924,2024-11-28T18:56:38Z,2024-11-29T01:18:45Z,-265.3,554.33
46755,STARLINK-1924,2024-11-29T01:18:45Z,2024-11-29T12:27:33Z,287.9,554.33
46755,STARLINK-1924,2024-11-29T12:27:33Z,2024-11-30T04:22:58Z,129.8,554.33
46756,STARLINK-1925,2024-11-26T19:29:51Z,2024-11-27T04:48:55Z,-239.3,439.16
46756,STARLINK-1925,2024-11-27T04:48:55Z,2024-11-27T12:34:46Z,-201.5,439.16
46756,STARLINK-1925,2024-11-27T12:34:46Z,2024-11-28T11:52:14Z,-623.8,439.16
46756,STARLINK-1925,2024-11-28T11:52:14Z,2024-11-28T18:04:51Z,-154.0,439.16
46756,STARLINK-1925,2024-11-28T18:04:51Z,2024-11-29T01:50:37Z,-224.0,439.16
46758,STARLINK-1928,2024-11-26T10:46:13Z,2024-11-27T12:14:50Z,-156.0,554.3
46758,STARLINK-1928,2024-11-27T18:37:01Z,2024-11-28T12:07:58Z,110.1,554.3
46758,STARLINK-1928,2024-11-28T18:30:06Z,2024-11-29T04:03:20Z,-183.8,554.3
46758,STARLINK-1928,2024-11-29T04:03:20Z,2024-11-29T12:01:02Z,117.6,554.3
46759,STARLINK-1833,2024-11-27T13:43:43Z,2024-11-28T02:28:03Z,187.6,554.29
46759,STARLINK-1833,2024-11-28T13:36:51Z,2024-11-29T00:45:36Z,-136.6,554.29
46759,STARLINK-1833,2024-11-29T02:21:08Z,2024-11-29T19:52:05Z,101.1,554.29
46760,STARLINK-1896,2024-11-26T06:00:02Z,2024-11-26T22:00:01Z,-2201.4,453.48
46760,STARLINK-1896,2024-11-26T22:00:01Z,2024-11-27T06:00:01Z,-958.8,453.48
46760,STARLINK-1896,2024-11-27T06:00:01Z,2024-11-27T14:00:01Z,-1133.1,453.48
46760,STARLINK-1896,2024-11-27T14:00:01Z,2024-11-27T22:00:01Z,-1075.8,453.48
46760,STARLINK-1896,2024-11-27T22:00:01Z,2024-11-28T14:00:01Z,-2071.7,453.48
46760,STARLINK-1896,2024-11-28T14:00:01Z,2024-11-28T22:00:01Z,-1090.0,453.48
46760,STARLINK-1896,2024-11-28T22:00:01Z,2024-11-29T06:00:01Z,-960.4,453.48
46760,STARLINK-1896,2024-11-29T06:00:01Z,2024-11-29T14:00:01Z,-1081.1,453.48
46760,STARLINK-1896,2024-11-29T14:00:01Z,2024-11-29T22:00:01Z,-1141.1,453.48
46760,STARLINK-1896,2024-11-29T22:00:01Z,2024-11-30T14:00:01Z,-2023.5,453.48
46764,STARLINK-1903,2024-11-26T06:08:56Z,2024-11-26T20:26:05Z,-242.0,539.19
46764,STARLINK-1903,2024-11-26T20:26:05Z,2024-11-27T13:53:38Z,-319.7,539.19
46764,STARLINK-1903,2024-11-27T13:53:38Z,2024-11-27T20:14:33Z,-101.3,539.19
46764,STARLINK-1903,2024-11-27T20:14:33Z,2024-11-28T02:35:27Z,-104.6,539.19
46764,STARLINK-1903,2024-11-28T05:45:53Z,2024-11-29T02:23:44Z,-350.1,539.19
46764,STARLINK-1903,2024-11-29T02:23:44Z,2024-11-30T05:22:19Z,-527.2,539.19
46765,STARLINK-1906,2024-11-26T06:00:02Z,2024-11-26T14:00:01Z,-896.4,422.61
46765,STARLINK-1906,2024-11-26T14:00:01Z,2024-11-26T22:00:01Z,-438.5,422.61
46765,STARLINK-1906,2024-11-26T22:00:01Z,2024-11-27T14:00:01Z,-2522.4,422.61
46765,STARLINK-1906,2024-11-27T14:00:01Z,2024-11-27T22:00:01Z,-1299.5,422.61
46765,STARLINK-1906,2024-11-27T22:00:01Z,2024-11-28T06:00:01Z,-1141.1,422.61
46765,STARLINK-1906,2024-11-28T06:00:01Z,2024-11-28T14:00:01Z,-1306.8,422.61
46765,STARLINK-1906,2024-11-28T14:00:01Z,2024-11-28T22:00:01Z,-1337.6,422.61
46765,STARLINK-1906,2024-11-28T22:00:01Z,2024-11-29T14:00:01Z,-2458.2,422.61
46765,STARLINK-1906,2024-11-29T14:00:01Z,2024-11-29T22:00:01Z,-1307.0,422.61
46765,STARLINK-1906,2024-11-29T22:00:01Z,2024-11-30T14:00:01Z,-2449.0,422.61
46766,STARLINK-1916,2024-11-29T13:08:41Z,2024-11-30T05:04:06Z,156.6,554.36
46767,STARLINK-1917,2024-11-26T06:00:02Z,2024-11-26T22:00:01Z,-1398.7,486.63
46767,STARLINK-1917,2024-11-26T22:00:01Z,2024-11-27T06:00:01Z,-580.7,486.63
46767,STARLINK-1917,2024-11-27T06:00:01Z,2024-11-27T14:00:01Z,-735.8,486.63
46767,STARLINK-1917,2024-11-27T14:00:01Z,2024-11-27T22:00:01Z,-681.2,486.63
46767,STARLINK-1917,2024-11-27T22:00:01Z,2024-11-28T14:00:01Z,-1290.3,486.63
46767,STARLINK-1917,2024-11-28T14:00:01Z,2024-11-28T22:00:01Z,-705.3,486.63
46767,STARLINK-1917,2024-11-28T22:00:01Z,2024-11-29T14:00:01Z,-1269.4,486.63
46767,STARLINK-1917,2024-11-29T14:00:01Z,2024-11-29T22:00:01Z,-710.2,486.63
46767,STARLINK-1917,2024-11-29T22:00:01Z,2024-11-30T14:00:01Z,-1259.9,486.63
46768,STARLINK-1918,2024-11-26T06:00:02Z,2024-11-26T22:00:01Z,-1833.8,392.52
46768,STARLINK-1918,2024-11-26T22:00:01Z,2024-11-27T06:00:01Z,-684.3,392.52
46768,STARLINK-1918,2024-11-27T06:00:01Z,2024-11-27T14:00:01Z,-1130.7,392.52
46768,STARLINK-1918,2024-11-27T14:00:01Z,2024-11-27T22:00:01Z,-1224.1,392.52
46768,STARLINK-1918,2024-11-27T22:00:01Z,2024-11-28T06:00:01Z,-1035.6,392.52
46768,STARLINK-1918,2024-11-28T06:00:01Z,2024-11-28T14:00:01Z,-1139.8,392.52
46768,STARLINK-1918,2024-11-28T14:00:01Z,2024-11-28T22:00:01Z,-1273.7,392.52
46768,STARLINK-1918,2024-11-28T22:00:01Z,2024-11-29T14:00:01Z,-2202.7,392.52
46768,STARLINK-1918,2024-11-29T14:00:01Z,2024-11-29T22:00:01Z,-1262.8,392.52
46768,STARLINK-1918,2024-11-29T22:00:01Z,2024-11-30T14:00:01Z,-2175.4,392.52
46770,STARLINK-1932,2024-11-26T22:00:01Z,2024-11-27T06:00:01Z,-200.2,483.74
46770,STARLINK-1932,2024-11-27T06:00:01Z,2024-11-27T14:00:01Z,-364.9,483.74
46770,STARLINK-1932,2024-11-27T14:00:01Z,2024-11-27T22:00:01Z,-337.7,483.74
46770,STARLINK-1932,2024-11-27T22:00:01Z,2024-11-28T14:00:01Z,-552.2,483.74
46770,STARLINK-1932,2024-11-28T14:00:01Z,2024-11-28T22:00:01Z,-317.4,483.74
46770,STARLINK-1932,2024-11-28T22:00:01Z,2024-11-29T14:00:01Z,-877.9,483.74
46770,STARLINK-1932,2024-11-29T14:00:01Z,2024-11-29T22:00:01Z,-290.9,483.74
46770,STARLINK-1932,2024-11-29T22:00:01Z,2024-11-30T14:00:01Z,-572.7,483.74
46772,STARLINK-1936,2024-11-26T06:00:02Z,2024-11-26T22:00:01Z,-2353.9,471.5
46772,STARLINK-1936,2024-11-26T22:00:01Z,2024-11-27T06:00:01Z,-1040.4,471.5
46772,STARLINK-1936,2024-11-27T06:00:01Z,2024-11-27T14:00:01Z,-1196.1,471.5
46772,STARLINK-1936,2024-11-27T14:00:01Z,2024-11-27T22:00:01Z,-1166.1,471.5
46772,STARLINK-1936,2024-11-27T22:00:01Z,2024-11-28T14:00:01Z,-2229.8,471.5
46772,STARLINK-1936,2024-11-28T14:00:01Z,2024-11-28T22:00:01Z,-1178.5,471.5
46772,STARLINK-1936,2024-11-28T22:00:01Z,2024-11-29T06:00:01Z,-1022.0,471.5
46772,STARLINK-1936,2024-11-29T06:00:01Z,2024-11-29T14:00:01Z,-1180.1,471.5
46772,STARLINK-1936,2024-11-29T14:00:01Z,2024-11-29T22:00:01Z,-1197.7,471.5
46772,STARLINK-1936,2024-11-29T22:00:01Z,2024-11-30T14:00:01Z,-2200.3,471.5
46779,STARLINK-1798,2024-11-26T14:00:01Z,2024-11-26T22:00:01Z,-1102.6,465.52
46779,STARLINK-1798,2024-11-26T22:00:01Z,2024-11-27T14:00:01Z,-1924.0,465.52
46779,STARLINK-1798,2024-11-27T14:00:01Z,2024-11-27T22:00:01Z,-1164.2,465.52
46779,STARLINK-1798,2024-11-27T22:00:01Z,2024-11-28T06:00:01Z,-986.2,465.52
46779,STARLINK-1798,2024-11-28T06:00:01Z,2024-11-28T14:00:01Z,-1031.6,465.52
46779,STARLINK-1798,2024-11-28T14:00:01Z,2024-11-28T22:00:01Z,-1175.1,465.52
46779,STARLINK-1798,2024-11-28T22:00:01Z,2024-11-29T14:00:01Z,-2017.0,465.52
46779,STARLINK-1798,2024-11-29T14:00:01Z,2024-11-29T22:00:01Z,-1155.1,465.52
46779,STARLINK-1798,2024-11-29T22:00:01Z,2024-11-30T06:00:01Z,-1042.8,465.52
46779,STARLINK-1798,2024-11-30T06:00:01Z,2024-11-30T14:00:01Z,-980.3,465.52
46780,STARLINK-1832,2024-11-28T03:32:26Z,2024-11-29T00:14:26Z,-212.9,554.38
46780,STARLINK-1832,2024-11-29T11:23:12Z,2024-11-30T03:18:37Z,108.5,554.38
46781,STARLINK-1834,2024-11-26T22:00:01Z,2024-11-27T14:00:01Z,-1333.5,490.2
46781,STARLINK-1834,2024-11-27T14:00:01Z,2024-11-27T22:00:01Z,-755.8,490.2
46781,STARLINK-1834,2024-11-27T22:00:01Z,2024-11-28T14:00:01Z,-1313.8,490.2
46781,STARLINK-1834,2024-11-28T14:00:01Z,2024-11-28T22:00:01Z,-778.4,490.2
46781,STARLINK-1834,2024-11-28T22:00:01Z,2024-11-29T14:00:01Z,-1343.9,490.2
46781,STARLINK-1834,2024-11-29T14:00:01Z,2024-11-29T22:00:01Z,-804.4,490.2
46781,STARLINK-1834,2024-11-29T22:00:01Z,2024-11-30T06:00:01Z,-635.4,490.2
46781,STARLINK-1834,2024-11-30T06:00:01Z,2024-11-30T14:00:01Z,-715.4,490.2
46784,STARLINK-1882,2024-11-26T10:50:53Z,2024-11-27T04:21:50Z,-196.0,554.35
46784,STARLINK-1882,2024-11-27T04:21:50Z,2024-11-27T12:19:32Z,165.7,554.35
46784,STARLINK-1882,2024-11-27T18:41:42Z,2024-11-29T00:56:56Z,-222.7,554.35
46784,STARLINK-1882,2024-11-29T00:56:56Z,2024-11-29T10:30:11Z,183.7,554.35
46785,STARLINK-1883,2024-11-26T22:00:01Z,2024-11-27T06:00:01Z,-1648.4,459.58
46785,STARLINK-1883,2024-11-27T06:00:01Z,2024-11-27T14:00:01Z,-1745.8,459.58
46785,STARLINK-1883,2024-11-27T14:00:01Z,2024-11-27T22:00:01Z,-1823.5,459.58
46785,STARLINK-1883,2024-11-27T22:00:01Z,2024-11-28T14:00:01Z,-3350.6,459.58
46785,STARLINK-1883,2024-11-28T14:00:01Z,2024-11-28T22:00:01Z,-1877.7,459.58
46785,STARLINK-1883,2024-11-28T22:00:01Z,2024-11-29T14:00:01Z,-3690.3,459.58
46785,STARLINK-1883,2024-11-29T14:00:01Z,2024-11-29T22:00:01Z,-2009.3,459.58
46785,STARLINK-1883,2024-11-29T22:00:01Z,2024-11-30T06:00:01Z,-1811.2,459.58
46785,STARLINK-1883,2024-11-30T06:00:01Z,2024-11-30T14:00:01Z,-1851.4,459.58
46786,STARLINK-1893,2024-11-27T10:57:11Z,2024-11-27T17:19:22Z,136.8,554.31
46786,STARLINK-1893,2024-11-27T23:41:31Z,2024-11-28T21:59:04Z,-125.8,554.31
46786,STARLINK-1893,2024-11-29T09:07:51Z,2024-11-29T17:05:34Z,120.1,554.31
46786,STARLINK-1893,2024-11-29T17:05:34Z,2024-11-30T02:38:49Z,104.9,554.31
46786,STARLINK-1893,2024-11-30T02:38:49Z,2024-11-30T09:00:59Z,-207.5,554.31
46788,STARLINK-1929,2024-11-26T14:00:01Z,2024-11-26T22:00:01Z,-1278.5,467.43
46788,STARLINK-1929,2024-11-26T22:00:01Z,2024-11-27T06:00:01Z,-1134.2,467.43
46788,STARLINK-1929,2024-11-27T06:00:01Z,2024-11-27T14:00:01Z,-1123.6,467.43
46788,STARLINK-1929,2024-11-27T14:00:01Z,2024-11-27T22:00:01Z,-1281.9,467.43
46788,STARLINK-1929,2024-11-27T22:00:01Z,2024-11-28T06:00:01Z,-1152.1,467.43
46788,STARLINK-1929,2024-11-28T06:00:01Z,2024-11-28T14:00:01Z,-1097.0,467.43
46788,STARLINK-1929,2024-11-28T14:00:01Z,2024-11-28T22:00:01Z,-1286.6,467.43
46788,STARLINK-1929,2024-11-28T22:00:01Z,2024-11-29T06:00:01Z,-1168.4,467.43
46788,STARLINK-1929,2024-11-29T06:00:01Z,2024-11-29T14:00:01Z,-1072.3,467.43
46788,STARLINK-1929,2024-11-29T14:00:01Z,2024-11-29T22:00:01Z,-1201.3,467.43
46788,STARLINK-1929,2024-11-29T22:00:01Z,2024-11-30T14:00:01Z,-3121.0,467.43
46789,STARLINK-1930,2024-11-26T22:00:01Z,2024-11-27T06:00:01Z,-2102.2,394.0
46789,STARLINK-1930,2024-11-27T06:00:01Z,2024-11-27T14:00:01Z,-2252.6,394.0
46789,STARLINK-1930,2024-11-27T14:00:01Z,2024-11-27T22:00:01Z,-2254.9,394.0
46789,STARLINK-1930,2024-11-27T22:00:01Z,2024-11-28T06:00:01Z,-1649.6,394.0
46789,STARLINK-1930,2024-11-28T06:00:01Z,2024-11-28T14:00:01Z,-478.9,394.0
46789,STARLINK-1930,2024-11-28T14:00:01Z,2024-11-28T22:00:01Z,-319.0,394.0
46789,STARLINK-1930,2024-11-28T22:00:01Z,2024-11-29T14:00:01Z,-560.4,394.0
46789,STARLINK-1930,2024-11-29T14:00:01Z,2024-11-29T22:00:01Z,-447.3,394.0
46789,STARLINK-1930,2024-11-29T22:00:01Z,2024-11-30T06:00:01Z,-263.2,394.0
46789,STARLINK-1930,2024-11-30T06:00:01Z,2024-11-30T14:00:01Z,-289.5,394.0
46790,STARLINK-1931,2024-11-26T19:56:13Z,2024-11-27T11:51:39Z,122.0,554.36
46790,STARLINK-1931,2024-11-27T11:51:39Z,2024-11-27T22:00:01Z,-131.1,554.36
46790,STARLINK-1931,2024-11-28T11:44:43Z,2024-11-28T19:42:24Z,-140.1,554.36
46790,STARLINK-1931,2024-11-29T11:37:46Z,2024-11-30T11:30:54Z,162.7,554.36
46791,STARLINK-1933,2024-11-26T22:00:01Z,2024-11-27T06:00:01Z,-904.9,405.06
46791,STARLINK-1933,2024-11-27T06:00:01Z,2024-11-27T14:00:01Z,-1086.0,405.06
46791,STARLINK-1933,2024-11-27T14:00:01Z,2024-11-27T22:00:01Z,-1581.1,405.06
46791,STARLINK-1933,2024-11-27T22:00:01Z,2024-11-28T14:00:01Z,-2870.9,405.06
46791,STARLINK-1933,2024-11-28T14:00:01Z,2024-11-28T22:00:01Z,-1608.6,405.06
46791,STARLINK-1933,2024-11-28T22:00:01Z,2024-11-29T06:00:01Z,-1429.4,405.06
46791,STARLINK-1933,2024-11-29T06:00:01Z,2024-11-29T14:00:01Z,-1432.8,405.06
46791,STARLINK-1933,2024-11-29T14:00:01Z,2024-11-29T22:00:01Z,-1587.3,405.06
46791,STARLINK-1933,2024-11-29T22:00:01Z,2024-11-30T14:00:01Z,-2888.2,405.06
46793,STARLINK-1941,2024-11-26T22:00:01Z,2024-11-27T06:00:01Z,-333.3,498.13
46793,STARLINK-1941,2024-11-27T06:00:01Z,2024-11-27T14:00:01Z,-465.9,498.13
46793,STARLINK-1941,2024-11-27T14:00:01Z,2024-11-27T22:00:01Z,-513.6,498.13
46793,STARLINK-1941,2024-11-27T22:00:01Z,2024-11-28T14:00:01Z,-1199.3,498.13
46793,STARLINK-1941,2024-11-28T14:00:01Z,2024-11-28T22:00:01Z,-725.8,498.13
46793,STARLINK-1941,2024-11-28T22:00:01Z,2024-11-29T14:00:01Z,-1187.3,498.13
46793,STARLINK-1941,2024-11-29T14:00:01Z,2024-11-29T22:00:01Z,-722.1,498.13
46793,STARLINK-1941,2024-11-29T22:00:01Z,2024-11-30T06:00:01Z,-556.0,498.13
46793,STARLINK-1941,2024-11-30T06:00:01Z,2024-11-30T14:00:01Z,-632.4,498.13
46794,STARLINK-1942,2024-11-26T20:12:07Z,2024-11-27T05:45:21Z,-128.1,554.34
46794,STARLINK-1942,2024-11-27T05:45:21Z,2024-11-27T12:07:31Z,129.3,554.34
46794,STARLINK-1942,2024-11-28T12:00:38Z,2024-11-28T18:22:47Z,-100.3,554.34
46794,STARLINK-1942,2024-11-29T00:44:56Z,2024-11-29T11:53:42Z,104.9,554.34
46794,STARLINK-1942,2024-11-29T11:53:42Z,2024-11-30T03:49:08Z,172.0,554.34
46796,STARLINK-1944,2024-11-27T11:31:43Z,2024-11-28T03:27:06Z,-104.1,554.33
46798,STARLINK-1948,2024-11-26T06:00:02Z,2024-11-26T22:00:01Z,-1609.4,482.43
46798,STARLINK-1948,2024-11-26T22:00:01Z,2024-11-27T06:00:01Z,-693.3,482.43
46798,STARLINK-1948,2024-11-27T06:00:01Z,2024-11-27T14:00:01Z,-807.5,482.43
46798,STARLINK-1948,2024-11-27T14:00:01Z,2024-11-27T22:00:01Z,-806.7,482.43
46798,STARLINK-1948,2024-11-27T22:00:01Z,2024-11-28T14:00:01Z,-1471.2,482.43
46798,STARLINK-1948,2024-11-28T14:00:01Z,2024-11-28T22:00:01Z,-826.7,482.43
46798,STARLINK-1948,2024-11-28T22:00:01Z,2024-11-29T14:00:01Z,-1474.4,482.43
46798,STARLINK-1948,2024-11-29T14:00:01Z,2024-11-29T22:00:01Z,-810.7,482.43
46798,STARLINK-1948,2024-11-29T22:00:01Z,2024-11-30T14:00:01Z,-1463.0,482.43
47124,STARLINK-1785,2024-11-26T14:00:01Z,2024-11-26T22:00:01Z,-770.2,471.72
47124,STARLINK-1785,2024-11-26T22:00:01Z,2024-11-27T14:00:01Z,-1227.7,471.72
47124,STARLINK-1785,2024-11-27T14:00:01Z,2024-11-27T22:00:01Z,-768.3,471.72
47124,STARLINK-1785,2024-11-27T22:00:01Z,2024-11-28T06:00:01Z,-602.0,471.72
47124,STARLINK-1785,2024-11-28T06:00:01Z,2024-11-28T14:00:01Z,-588.4,471.72
47124,STARLINK-1785,2024-11-28T14:00:01Z,2024-11-28T22:00:01Z,-848.3,471.72
47124,STARLINK-1785,2024-11-28T22:00:01Z,2024-11-29T06:00:01Z,-789.2,471.72
47124,STARLINK-1785,2024-11-29T06:00:01Z,2024-11-29T14:00:01Z,-765.7,471.72
47124,STARLINK-1785,2024-11-29T14:00:01Z,2024-11-29T22:00:01Z,-940.7,471.72
47124,STARLINK-1785,2024-11-29T22:00:01Z,2024-11-30T06:00:01Z,-828.1,471.72
47124,STARLINK-1785,2024-11-30T06:00:01Z,2024-11-30T14:00:01Z,-951.7,471.72
47126,STARLINK-1812,2024-11-27T22:57:45Z,2024-11-28T19:39:45Z,-143.2,554.33
47126,STARLINK-1812,2024-11-29T09:59:36Z,2024-11-29T22:43:56Z,169.2,554.33
47128,STARLINK-1837,2024-11-26T22:00:01Z,2024-11-27T14:00:01Z,-2957.3,357.42
47128,STARLINK-1837,2024-11-27T14:00:01Z,2024-11-27T22:00:01Z,-1144.2,357.42
47128,STARLINK-1837,2024-11-27T22:00:01Z,2024-11-28T14:00:01Z,-2684.7,357.42
47128,STARLINK-1837,2024-11-28T14:00:01Z,2024-11-28T22:00:01Z,-1292.8,357.42
47128,STARLINK-1837,2024-11-28T22:00:01Z,2024-11-29T06:00:01Z,-1739.0,357.42
47128,STARLINK-1837,2024-11-29T06:00:01Z,2024-11-29T14:00:01Z,-1803.4,357.42
47128,STARLINK-1837,2024-11-29T14:00:01Z,2024-11-29T22:00:01Z,-1829.2,357.42
47128,STARLINK-1837,2024-11-29T22:00:01Z,2024-11-30T14:00:01Z,-3674.8,357.42
47129,STARLINK-1838,2024-11-26T14:00:01Z,2024-11-26T22:00:01Z,-592.6,507.91
47129,STARLINK-1838,2024-11-26T22:00:01Z,2024-11-27T06:00:01Z,-732.6,507.91
47129,STARLINK-1838,2024-11-27T06:00:01Z,2024-11-27T14:00:01Z,-738.4,507.91
47129,STARLINK-1838,2024-11-27T14:00:01Z,2024-11-27T22:00:01Z,-830.1,507.91
47129,STARLINK-1838,2024-11-27T22:00:01Z,2024-11-28T06:00:01Z,-778.6,507.91
47129,STARLINK-1838,2024-11-28T06:00:01Z,2024-11-28T14:00:01Z,-716.1,507.91
47129,STARLINK-1838,2024-11-28T14:00:01Z,2024-11-28T22:00:01Z,-822.6,507.91
47129,STARLINK-1838,2024-11-28T22:00:01Z,2024-11-29T14:00:01Z,-1496.5,507.91
47129,STARLINK-1838,2024-11-29T14:00:01Z,2024-11-29T22:00:01Z,-830.6,507.91
47129,STARLINK-1838,2024-11-29T22:00:01Z,2024-11-30T06:00:01Z,-783.6,507.91
47129,STARLINK-1838,2024-11-30T06:00:01Z,2024-11-30T14:00:01Z,-690.5,507.91
47133,STARLINK-1843,2024-11-26T22:34:08Z,2024-11-27T17:40:37Z,103.3,554.29
47134,STARLINK-1844,2024-11-27T03:58:37Z,2024-11-27T10:07:50Z,-788.1,394.62
47134,STARLINK-1844,2024-11-27T10:07:50Z,2024-11-28T01:30:38Z,-1737.4,394.62
47134,STARLINK-1844,2024-11-28T01:30:38Z,2024-11-28T09:11:53Z,-1055.3,394.62
47134,STARLINK-1844,2024-11-28T09:11:53Z,2024-11-28T23:01:51Z,-1914.8,394.62
47134,STARLINK-1844,2024-11-28T23:01:51Z,2024-11-30T14:57:29Z,-5961.5,394.62
47135,STARLINK-1845,2024-11-27T22:16:37Z,2024-11-28T23:45:14Z,-153.9,554.33
47135,STARLINK-1845,2024-11-29T09:18:27Z,2024-11-29T23:38:20Z,170.6,554.33
47136,STARLINK-1846,2024-11-26T22:00:01Z,2024-11-27T14:00:01Z,-1390.6,478.57
47136,STARLINK-1846,2024-11-27T14:00:01Z,2024-11-27T22:00:01Z,-871.7,478.57
47136,STARLINK-1846,2024-11-27T22:00:01Z,2024-11-28T06:00:01Z,-703.2,478.57
47136,STARLINK-1846,2024-11-28T06:00:01Z,2024-11-28T14:00:01Z,-701.8,478.57
47136,STARLINK-1846,2024-11-28T14:00:01Z,2024-11-28T22:00:01Z,-856.2,478.57
47136,STARLINK-1846,2024-11-28T22:00:01Z,2024-11-29T06:00:01Z,-711.7,478.57
47136,STARLINK-1846,2024-11-29T06:00:01Z,2024-11-29T14:00:01Z,-645.6,478.57
47136,STARLINK-1846,2024-11-29T14:00:01Z,2024-11-29T22:00:01Z,-1130.1,478.57
47136,STARLINK-1846,2024-11-29T22:00:01Z,2024-11-30T14:00:01Z,-1932.7,478.57
47137,STARLINK-1849,2024-11-27T10:41:16Z,2024-11-28T02:36:42Z,157.8,554.32
47138,STARLINK-1850,2024-11-26T22:00:01Z,2024-11-27T14:00:01Z,-823.9,500.17
47138,STARLINK-1850,2024-11-27T14:00:01Z,2024-11-27T22:00:01Z,-545.8,500.17
47138,STARLINK-1850,2024-11-27T22:00:01Z,2024-11-28T06:00:01Z,-430.9,500.17
47138,STARLINK-1850,2024-11-28T06:00:01Z,2024-11-28T14:00:01Z,-400.6,500.17
47138,STARLINK-1850,2024-11-28T14:00:01Z,2024-11-28T22:00:01Z,-543.1,500.17
47138,STARLINK-1850,2024-11-28T22:00:01Z,2024-11-29T14:00:01Z,-792.6,500.17
47138,STARLINK-1850,2024-11-29T14:00:01Z,2024-11-29T22:00:01Z,-595.9,500.17
47138,STARLINK-1850,2024-11-29T22:00:01Z,2024-11-30T06:00:01Z,-750.4,500.17
47138,STARLINK-1850,2024-11-30T06:00:01Z,2024-11-30T14:00:01Z,-672.3,500.17
47139,STARLINK-1852,2024-11-26T14:00:01Z,2024-11-26T22:00:01Z,-651.2,455.54
47139,STARLINK-1852,2024-11-26T22:00:01Z,2024-11-27T06:00:01Z,-484.3,455.54
47139,STARLINK-1852,2024-11-27T06:00:01Z,2024-11-27T14:00:01Z,-550.6,455.54
47139,STARLINK-1852,2024-11-27T14:00:01Z,2024-11-27T22:00:01Z,-672.3,455.54
47139,STARLINK-1852,2024-11-27T22:00:01Z,2024-11-28T14:00:01Z,-1031.4,455.54
47139,STARLINK-1852,2024-11-28T14:00:01Z,2024-11-28T22:00:01Z,-643.4,455.54
47139,STARLINK-1852,2024-11-28T22:00:01Z,2024-11-29T06:00:01Z,-528.0,455.54
47139,STARLINK-1852,2024-11-29T06:00:01Z,2024-11-29T14:00:01Z,-425.6,455.54
47139,STARLINK-1852,2024-11-29T14:00:01Z,2024-11-29T22:00:01Z,-883.9,455.54
47139,STARLINK-1852,2024-11-29T22:00:01Z,2024-11-30T14:00:01Z,-1728.1,455.54
47141,STARLINK-1854,2024-11-26T14:00:01Z,2024-11-26T22:00:01Z,-1599.0,485.96
47141,STARLINK-1854,2024-11-26T22:00:01Z,2024-11-27T06:00:01Z,-1441.2,485.96
47141,STARLINK-1854,2024-11-27T06:00:01Z,2024-11-27T14:00:01Z,-1423.5,485.96
47141,STARLINK-1854,2024-11-27T14:00:01Z,2024-11-27T22:00:01Z,-1577.0,485.96
47141,STARLINK-1854,2024-11-27T22:00:01Z,2024-11-28T06:00:01Z,-1467.2,485.96
47141,STARLINK-1854,2024-11-28T06:00:01Z,2024-11-28T14:00:01Z,-1410.7,485.96
47141,STARLINK-1854,2024-11-28T14:00:01Z,2024-11-28T22:00:01Z,-1545.5,485.96
47141,STARLINK-1854,2024-11-28T22:00:01Z,2024-11-29T06:00:01Z,-1684.1,485.96
47141,STARLINK-1854,2024-11-29T06:00:01Z,2024-11-29T14:00:01Z,-1169.3,485.96
47141,STARLINK-1854,2024-11-29T14:00:01Z,2024-11-29T22:00:01Z,-130.4,485.96
47141,STARLINK-1854,2024-11-29T22:00:01Z,2024-11-30T14:00:01Z,-893.3,485.96
47143,STARLINK-1856,2024-11-27T03:15:25Z,2024-11-27T17:35:17Z,173.7,554.33
47144,STARLINK-1857,2024-11-26T06:00:02Z,2024-11-26T22:00:01Z,-1541.1,481.54
47144,STARLINK-1857,2024-11-26T22:00:01Z,2024-11-27T14:00:01Z,-1420.1,481.54
47144,STARLINK-1857,2024-11-27T14:00:01Z,2024-11-27T22:00:01Z,-840.7,481.54
47144,STARLINK-1857,2024-11-27T22:00:01Z,2024-11-28T06:00:01Z,-787.2,481.54
47144,STARLINK-1857,2024-11-28T06:00:01Z,2024-11-28T14:00:01Z,-640.5,481.54
47144,STARLINK-1857,2024-11-28T14:00:01Z,2024-11-28T22:00:01Z,-843.0,481.54
47144,STARLINK-1857,2024-11-28T22:00:01Z,2024-11-29T14:00:01Z,-1480.6,481.54
47144,STARLINK-1857,2024-11-29T14:00:01Z,2024-11-29T22:00:01Z,-1235.9,481.54
47144,STARLINK-1857,2024-11-29T22:00:01Z,2024-11-30T06:00:01Z,-1205.2,481.54
47144,STARLINK-1857,2024-11-30T06:00:01Z,2024-11-30T14:00:01Z,-1072.1,481.54
47147,STARLINK-1860,2024-11-26T22:46:59Z,2024-11-27T17:36:10Z,-387.9,484.08
47147,STARLINK-1860,2024-11-27T22:18:26Z,2024-11-28T17:07:29Z,-397.5,484.08
47147,STARLINK-1860,2024-11-28T17:07:29Z,2024-11-28T23:23:49Z,-142.6,484.08
47147,STARLINK-1860,2024-11-28T23:23:49Z,2024-11-29T16:38:40Z,-365.7,484.08
47147,STARLINK-1860,2024-11-29T16:38:40Z,2024-11-29T22:54:57Z,-134.3,484.08
47148,STARLINK-1861,2024-11-26T23:43:06Z,2024-11-27T18:49:36Z,141.7,554.37
47151,STARLINK-1864,2024-11-26T14:00:01Z,2024-11-26T22:00:01Z,-811.3,492.28
47151,STARLINK-1864,2024-11-26T22:00:01Z,2024-11-27T14:00:01Z,-1317.6,492.28
47151,STARLINK-1864,2024-11-27T14:00:01Z,2024-11-27T22:00:01Z,-830.6,492.28
47151,STARLINK-1864,2024-11-27T22:00:01Z,2024-11-28T06:00:01Z,-646.6,492.28
47151,STARLINK-1864,2024-11-28T06:00:01Z,2024-11-28T14:00:01Z,-641.7,492.28
47151,STARLINK-1864,2024-11-28T14:00:01Z,2024-11-28T22:00:01Z,-871.2,492.28
47151,STARLINK-1864,2024-11-28T22:00:01Z,2024-11-29T06:00:01Z,-913.3,492.28
47151,STARLINK-1864,2024-11-29T06:00:01Z,2024-11-29T14:00:01Z,-886.5,492.28
47151,STARLINK-1864,2024-11-29T14:00:01Z,2024-11-29T22:00:01Z,-1014.4,492.28
47151,STARLINK-1864,2024-11-29T22:00:01Z,2024-11-30T06:00:01Z,-943.5,492.28
47151,STARLINK-1864,2024-11-30T06:00:01Z,2024-11-30T14:00:01Z,-837.2,492.28
47152,STARLINK-1866,2024-11-27T11:32:59Z,2024-11-28T00:11:05Z,-283.4,516.41
47152,STARLINK-1866,2024-11-28T00:11:05Z,2024-11-28T23:52:24Z,-582.7,516.41
47152,STARLINK-1866,2024-11-28T23:52:24Z,2024-11-30T02:43:02Z,-534.1,516.41
47153,STARLINK-1867,2024-11-27T03:56:58Z,2024-11-27T22:46:52Z,-411.6,486.18
47153,STARLINK-1867,2024-11-27T22:46:52Z,2024-11-28T17:36:38Z,-530.5,486.18
47153,STARLINK-1867,2024-11-28T17:36:38Z,2024-11-28T23:53:11Z,-360.2,486.18
47153,STARLINK-1867,2024-11-28T23:53:11Z,2024-11-29T10:52:06Z,-373.4,486.18
47153,STARLINK-1867,2024-11-29T10:52:06Z,2024-11-29T22:00:01Z,-461.8,486.18
47153,STARLINK-1867,2024-11-29T22:00:01Z,2024-11-30T06:00:01Z,-258.3,486.18
47153,STARLINK-1867,2024-11-30T06:00:01Z,2024-11-30T14:00:01Z,-242.1,486.18
47155,STARLINK-1869,2024-11-27T10:59:19Z,2024-11-27T23:19:32Z,-302.7,407.19
47155,STARLINK-1869,2024-11-27T23:19:32Z,2024-11-28T17:49:44Z,-469.3,407.19
47155,STARLINK-1869,2024-11-28T17:49:44Z,2024-11-29T10:47:19Z,-429.8,407.19
47155,STARLINK-1869,2024-11-29T10:47:19Z,2024-11-29T22:00:01Z,-327.0,407.19
47155,STARLINK-1869,2024-11-29T22:00:01Z,2024-11-30T09:54:47Z,-287.2,407.19
47161,STARLINK-1876,2024-11-28T02:10:08Z,2024-11-28T10:07:49Z,-237.6,554.33
47161,STARLINK-1876,2024-11-28T16:29:57Z,2024-11-28T19:41:02Z,279.4,554.33
47161,STARLINK-1876,2024-11-28T19:41:02Z,2024-11-29T02:03:13Z,149.1,554.33
47161,STARLINK-1876,2024-11-29T10:00:56Z,2024-11-29T22:45:16Z,-115.9,554.33
47162,STARLINK-1877,2024-11-27T05:20:24Z,2024-11-27T17:52:22Z,-305.1,479.49
47162,STARLINK-1877,2024-11-27T22:34:21Z,2024-11-28T11:06:17Z,-146.7,479.49
47162,STARLINK-1877,2024-11-28T11:06:17Z,2024-11-28T23:38:12Z,-140.8,479.49
47162,STARLINK-1877,2024-11-28T23:38:12Z,2024-11-29T10:36:07Z,-112.7,479.49
47162,STARLINK-1877,2024-11-29T10:36:07Z,2024-11-30T02:15:57Z,-150.5,479.49
47162,STARLINK-1877,2024-11-30T02:15:57Z,2024-11-30T10:05:52Z,-137.8,479.49
47163,STARLINK-1878,2024-11-26T22:00:01Z,2024-11-27T14:00:01Z,-2027.1,447.65
47163,STARLINK-1878,2024-11-27T14:00:01Z,2024-11-27T22:00:01Z,-1130.3,447.65
47163,STARLINK-1878,2024-11-27T22:00:01Z,2024-11-28T14:00:01Z,-2220.5,447.65
47163,STARLINK-1878,2024-11-28T14:00:01Z,2024-11-28T22:00:01Z,-1274.2,447.65
47163,STARLINK-1878,2024-11-28T22:00:01Z,2024-11-29T14:00:01Z,-2258.5,447.65
47163,STARLINK-1878,2024-11-29T14:00:01Z,2024-11-29T22:00:01Z,-1222.4,447.65
47163,STARLINK-1878,2024-11-29T22:00:01Z,2024-11-30T14:00:01Z,-2244.5,447.65
47164,STARLINK-1879,2024-11-26T06:00:02Z,2024-11-26T22:00:01Z,-593.7,494.83
47164,STARLINK-1879,2024-11-26T22:00:01Z,2024-11-27T14:00:01Z,-949.1,494.83
47164,STARLINK-1879,2024-11-27T14:00:01Z,2024-11-27T22:00:01Z,-623.2,494.83
47164,STARLINK-1879,2024-11-27T22:00:01Z,2024-11-28T06:00:01Z,-525.7,494.83
47164,STARLINK-1879,2024-11-28T06:00:01Z,2024-11-28T14:00:01Z,-429.1,494.83
47164,STARLINK-1879,2024-11-28T14:00:01Z,2024-11-28T22:00:01Z,-614.8,494.83
47164,STARLINK-1879,2024-11-28T22:00:01Z,2024-11-29T06:00:01Z,-535.1,494.83
47164,STARLINK-1879,2024-11-29T06:00:01Z,2024-11-29T14:00:01Z,-441.5,494.83
47164,STARLINK-1879,2024-11-29T14:00:01Z,2024-11-29T22:00:01Z,-584.7,494.83
47164,STARLINK-1879,2024-11-29T22:00:01Z,2024-11-30T14:00:01Z,-992.7,494.83
47165,STARLINK-1880,2024-11-26T14:00:01Z,2024-11-26T22:00:01Z,-853.4,472.31
47165,STARLINK-1880,2024-11-26T22:00:01Z,2024-11-27T06:00:01Z,-675.7,472.31
47165,STARLINK-1880,2024-11-27T06:00:01Z,2024-11-27T14:00:01Z,-698.2,472.31
47165,STARLINK-1880,2024-11-27T14:00:01Z,2024-11-27T22:00:01Z,-850.8,472.31
47165,STARLINK-1880,2024-11-27T22:00:01Z,2024-11-28T14:00:01Z,-1382.2,472.31
47165,STARLINK-1880,2024-11-28T14:00:01Z,2024-11-28T22:00:01Z,-762.9,472.31
47165,STARLINK-1880,2024-11-28T22:00:01Z,2024-11-29T14:00:01Z,-1828.7,472.31
47165,STARLINK-1880,2024-11-29T14:00:01Z,2024-11-29T22:00:01Z,-1082.4,472.31
47165,STARLINK-1880,2024-11-29T22:00:01Z,2024-11-30T06:00:01Z,-1007.1,472.31
47165,STARLINK-1880,2024-11-30T06:00:01Z,2024-11-30T14:00:01Z,-1070.4,472.31
47167,STARLINK-1884,2024-11-26T14:00:01Z,2024-11-26T22:00:01Z,-1932.2,465.21
47167,STARLINK-1884,2024-11-26T22:00:01Z,2024-11-27T06:00:01Z,-1819.0,465.21
47167,STARLINK-1884,2024-11-27T14:00:01Z,2024-11-27T22:00:01Z,228.2,465.21
47167,STARLINK-1884,2024-11-27T22:00:01Z,2024-11-28T06:00:01Z,-954.0,465.21
47167,STARLINK-1884,2024-11-28T06:00:01Z,2024-11-28T14:00:01Z,-1957.6,465.21
47167,STARLINK-1884,2024-11-28T14:00:01Z,2024-11-28T22:00:01Z,-2132.3,465.21
47167,STARLINK-1884,2024-11-28T22:00:01Z,2024-11-29T14:00:01Z,-3915.3,465.21
47167,STARLINK-1884,2024-11-29T14:00:01Z,2024-11-29T22:00:01Z,-2100.7,465.21
47167,STARLINK-1884,2024-11-29T22:00:01Z,2024-11-30T06:00:01Z,-1966.7,465.21
47167,STARLINK-1884,2024-11-30T06:00:01Z,2024-11-30T14:00:01Z,-1951.3,465.21
47170,STARLINK-1887,2024-11-26T14:00:01Z,2024-11-26T22:00:01Z,-972.5,465.85
47170,STARLINK-1887,2024-11-26T22:00:01Z,2024-11-27T06:00:01Z,-782.6,465.85
47170,STARLINK-1887,2024-11-27T06:00:01Z,2024-11-27T14:00:01Z,-841.1,465.85
47170,STARLINK-1887,2024-11-27T14:00:01Z,2024-11-27T22:00:01Z,-942.3,465.85
47170,STARLINK-1887,2024-11-27T22:00:01Z,2024-11-28T14:00:01Z,-1834.8,465.85
47170,STARLINK-1887,2024-11-28T14:00:01Z,2024-11-28T22:00:01Z,-1188.2,465.85
47170,STARLINK-1887,2024-11-28T22:00:01Z,2024-11-29T06:00:01Z,-1035.6,465.85
47170,STARLINK-1887,2024-11-29T06:00:01Z,2024-11-29T14:00:01Z,-987.1,465.85
47170,STARLINK-1887,2024-11-29T14:00:01Z,2024-11-29T22:00:01Z,-1164.2,465.85
47170,STARLINK-1887,2024-11-29T22:00:01Z,2024-11-30T06:00:01Z,-1066.8,465.85
47170,STARLINK-1887,2024-11-30T06:00:01Z,2024-11-30T14:00:01Z,-982.2,465.85
47171,STARLINK-1888,2024-11-27T10:30:39Z,2024-11-27T16:52:49Z,180.8,554.37
47171,STARLINK-1888,2024-11-29T02:19:09Z,2024-11-29T16:39:01Z,115.2,554.37
47173,STARLINK-1890,2024-11-26T06:00:02Z,2024-11-26T14:00:01Z,-1223.5,494.26
47173,STARLINK-1890,2024-11-26T14:00:01Z,2024-11-26T22:00:01Z,-1296.5,494.26
47173,STARLINK-1890,2024-11-26T22:00:01Z,2024-11-27T06:00:01Z,-1148.9,494.26
47173,STARLINK-1890,2024-11-27T06:00:01Z,2024-11-27T14:00:01Z,-1192.1,494.26
47173,STARLINK-1890,2024-11-27T14:00:01Z,2024-11-27T22:00:01Z,-1309.5,494.26
47173,STARLINK-1890,2024-11-27T22:00:01Z,2024-11-28T06:00:01Z,-1155.8,494.26
47173,STARLINK-1890,2024-11-28T06:00:01Z,2024-11-28T14:00:01Z,-1171.6,494.26
47173,STARLINK-1890,2024-11-28T14:00:01Z,2024-11-28T22:00:01Z,-1246.3,494.26
47173,STARLINK-1890,2024-11-28T22:00:01Z,2024-11-29T06:00:01Z,-1510.9,494.26
47173,STARLINK-1890,2024-11-29T06:00:01Z,2024-11-29T14:00:01Z,-1246.6,494.26
47173,STARLINK-1890,2024-11-29T14:00:01Z,2024-11-29T22:00:01Z,-191.4,494.26
47173,STARLINK-1890,2024-11-29T22:00:01Z,2024-11-30T06:00:01Z,363.2,494.26
47173,STARLINK-1890,2024-11-30T06:00:01Z,2024-11-30T14:00:01Z,-1216.2,494.26
47174,STARLINK-1891,2024-11-26T14:00:01Z,2024-11-26T22:00:01Z,-1272.4,444.69
47174,STARLINK-1891,2024-11-26T22:00:01Z,2024-11-27T06:00:01Z,-1150.1,444.69
47174,STARLINK-1891,2024-11-27T06:00:01Z,2024-11-27T14:00:01Z,-1163.6,444.69
47174,STARLINK-1891,2024-11-27T14:00:01Z,2024-11-27T22:00:01Z,-1277.4,444.69
47174,STARLINK-1891,2024-11-27T22:00:01Z,2024-11-28T14:00:01Z,-2301.5,444.69
47174,STARLINK-1891,2024-11-28T14:00:01Z,2024-11-28T22:00:01Z,-1253.9,444.69
47174,STARLINK-1891,2024-11-28T22:00:01Z,2024-11-29T14:00:01Z,-2462.7,444.69
47174,STARLINK-1891,2024-11-29T14:00:01Z,2024-11-29T22:00:01Z,-1607.2,444.69
47174,STARLINK-1891,2024-11-29T22:00:01Z,2024-11-30T06:00:01Z,-1479.0,444.69
47174,STARLINK-1891,2024-11-30T06:00:01Z,2024-11-30T14:00:01Z,-1432.1,444.69
47175,STARLINK-1895,2024-11-26T06:00:02Z,2024-11-26T22:00:01Z,-2458.8,441.77
47175,STARLINK-1895,2024-11-26T22:00:01Z,2024-11-27T14:00:01Z,-2442.2,441.77
47175,STARLINK-1895,2024-11-27T14:00:01Z,2024-11-27T22:00:01Z,-1278.9,441.77
47175,STARLINK-1895,2024-11-27T22:00:01Z,2024-11-28T06:00:01Z,-1267.1,441.77
47175,STARLINK-1895,2024-11-28T06:00:01Z,2024-11-28T14:00:01Z,-1189.2,441.77
47175,STARLINK-1895,2024-11-28T14:00:01Z,2024-11-28T22:00:01Z,-1258.5,441.77
47175,STARLINK-1895,2024-11-28T22:00:01Z,2024-11-29T06:00:01Z,-1234.2,441.77
47175,STARLINK-1895,2024-11-29T06:00:01Z,2024-11-29T14:00:01Z,-1298.2,441.77
47175,STARLINK-1895,2024-11-29T14:00:01Z,2024-11-29T22:00:01Z,-1399.2,441.77
47175,STARLINK-1895,2024-11-29T22:00:01Z,2024-11-30T06:00:01Z,-1396.9,441.77
47175,STARLINK-1895,2024-11-30T06:00:01Z,2024-11-30T14:00:01Z,-1290.4,441.77
47177,STARLINK-1907,2024-11-26T06:00:02Z,2024-11-26T22:00:01Z,-2023.2,480.65
47177,STARLINK-1907,2024-11-26T22:00:01Z,2024-11-27T06:00:01Z,-918.3,480.65
47177,STARLINK-1907,2024-11-27T06:00:01Z,2024-11-27T14:00:01Z,-939.0,480.65
47177,STARLINK-1907,2024-11-27T14:00:01Z,2024-11-27T22:00:01Z,-1062.1,480.65
47177,STARLINK-1907,2024-11-27T22:00:01Z,2024-11-28T06:00:01Z,-947.9,480.65
47177,STARLINK-1907,2024-11-28T06:00:01Z,2024-11-28T14:00:01Z,-913.9,480.65
47177,STARLINK-1907,2024-11-28T14:00:01Z,2024-11-28T22:00:01Z,-992.1,480.65
47177,STARLINK-1907,2024-11-28T22:00:01Z,2024-11-29T06:00:01Z,-1093.8,480.65
47177,STARLINK-1907,2024-11-29T06:00:01Z,2024-11-29T14:00:01Z,-1242.1,480.65
47177,STARLINK-1907,2024-11-29T14:00:01Z,2024-11-29T22:00:01Z,-1414.6,480.65
47177,STARLINK-1907,2024-11-29T22:00:01Z,2024-11-30T14:00:01Z,-2887.7,480.65
47178,STARLINK-1912,2024-11-28T03:12:32Z,2024-11-28T19:07:55Z,-135.0,554.34
47179,STARLINK-1913,2024-11-27T04:37:43Z,2024-11-27T23:44:12Z,148.2,554.33
47179,STARLINK-1913,2024-11-27T23:44:12Z,2024-11-28T17:15:08Z,-128.2,554.33
47179,STARLINK-1913,2024-11-28T23:37:16Z,2024-11-29T10:46:02Z,139.7,554.33
47352,STARLINK-2034,2024-11-26T14:08:33Z,2024-11-27T02:52:53Z,107.5,554.31
47352,STARLINK-2034,2024-11-27T10:50:35Z,2024-11-29T01:03:33Z,-118.8,554.31
47352,STARLINK-2034,2024-11-30T00:56:37Z,2024-11-30T07:18:45Z,-100.3,554.31
47354,STARLINK-2046,2024-11-26T09:50:33Z,2024-11-27T06:32:35Z,129.4,554.35
47354,STARLINK-2046,2024-11-27T06:32:35Z,2024-11-28T06:25:40Z,-177.5,554.35
47354,STARLINK-2046,2024-11-28T06:25:40Z,2024-11-28T15:58:51Z,-256.8,554.35
47354,STARLINK-2046,2024-11-28T15:58:51Z,2024-11-28T22:21:00Z,210.0,554.35
47354,STARLINK-2046,2024-11-28T22:21:00Z,2024-11-29T03:07:37Z,192.8,554.35
47354,STARLINK-2046,2024-11-30T10:58:27Z,2024-11-30T12:34:00Z,134.5,554.35
47355,STARLINK-2047,2024-11-29T15:08:48Z,2024-11-30T03:53:05Z,-113.8,554.34
47356,STARLINK-2049,2024-11-26T11:49:14Z,2024-11-27T00:33:34Z,144.1,554.33
47356,STARLINK-2049,2024-11-27T16:28:58Z,2024-11-28T09:59:53Z,-111.8,554.33
47357,STARLINK-2050,2024-11-26T14:35:09Z,2024-11-27T09:41:38Z,166.9,554.29
47358,STARLINK-2055,2024-11-29T16:29:42Z,2024-11-30T08:25:04Z,-140.6,554.35
47358,STARLINK-2055,2024-11-30T08:25:04Z,2024-11-30T16:22:47Z,188.5,554.35
47359,STARLINK-2069,2024-11-26T12:51:03Z,2024-11-27T01:29:11Z,-199.5,516.44
47359,STARLINK-2069,2024-11-27T01:29:11Z,2024-11-27T07:48:14Z,-105.8,516.44
47359,STARLINK-2069,2024-11-27T07:48:14Z,2024-11-27T23:35:50Z,-262.5,516.44
47359,STARLINK-2069,2024-11-27T23:35:50Z,2024-11-28T07:29:36Z,-140.1,516.44
47359,STARLINK-2069,2024-11-28T07:29:36Z,2024-11-29T00:51:52Z,-238.6,516.44
47359,STARLINK-2069,2024-11-29T07:10:52Z,2024-11-30T10:01:30Z,-408.7,516.44
47361,STARLINK-2071,2024-11-28T12:01:57Z,2024-11-28T16:48:34Z,139.9,554.38
47361,STARLINK-2071,2024-11-29T16:41:41Z,2024-11-30T05:25:59Z,-106.3,554.38
47363,STARLINK-2077,2024-11-26T06:00:02Z,2024-11-26T14:00:01Z,-2096.3,368.86
47363,STARLINK-2077,2024-11-26T14:00:01Z,2024-11-26T22:00:01Z,-1729.6,368.86
47363,STARLINK-2077,2024-11-26T22:00:01Z,2024-11-27T14:00:01Z,-4405.2,368.86
47363,STARLINK-2077,2024-11-27T14:00:01Z,2024-11-27T22:00:01Z,-2113.0,368.86
47363,STARLINK-2077,2024-11-27T22:00:01Z,2024-11-28T06:00:01Z,-2280.0,368.86
47363,STARLINK-2077,2024-11-28T06:00:01Z,2024-11-28T14:00:01Z,-2160.0,368.86
47363,STARLINK-2077,2024-11-28T14:00:01Z,2024-11-28T22:00:01Z,-2114.4,368.86
47363,STARLINK-2077,2024-11-28T22:00:01Z,2024-11-29T14:00:01Z,-4437.1,368.86
47363,STARLINK-2077,2024-11-29T14:00:01Z,2024-11-29T22:00:01Z,-2038.2,368.86
47363,STARLINK-2077,2024-11-29T22:00:01Z,2024-11-30T14:00:01Z,-3179.6,368.86
47366,STARLINK-2081,2024-11-26T14:03:14Z,2024-11-27T02:47:34Z,193.2,554.31
47368,STARLINK-2084,2024-11-26T14:29:46Z,2024-11-27T01:38:33Z,110.4,554.36
47368,STARLINK-2084,2024-11-29T12:33:33Z,2024-11-30T10:51:04Z,-146.9,554.36
47370,STARLINK-2086,2024-11-29T08:29:23Z,2024-11-30T05:11:22Z,-100.7,554.33
47371,STARLINK-2088,2024-11-29T11:19:15Z,2024-11-30T01:39:06Z,-106.8,554.3
47372,STARLINK-2089,2024-11-26T14:00:01Z,2024-11-26T22:00:01Z,-2099.3,410.23
47372,STARLINK-2089,2024-11-26T22:00:01Z,2024-11-27T06:00:01Z,-2235.8,410.23
47372,STARLINK-2089,2024-11-27T06:00:01Z,2024-11-27T14:00:01Z,-2113.7,410.23
47372,STARLINK-2089,2024-11-27T14:00:01Z,2024-11-27T22:00:01Z,-2123.0,410.23
47372,STARLINK-2089,2024-11-27T22:00:01Z,2024-11-28T14:00:01Z,-4330.1,410.23
47372,STARLINK-2089,2024-11-28T14:00:01Z,2024-11-28T22:00:01Z,-2075.6,410.23
47372,STARLINK-2089,2024-11-28T22:00:01Z,2024-11-29T14:00:01Z,-4379.3,410.23
47372,STARLINK-2089,2024-11-29T14:00:01Z,2024-11-29T22:00:01Z,-2055.0,410.23
47372,STARLINK-2089,2024-11-29T22:00:01Z,2024-11-30T14:00:01Z,-4332.3,410.23
47374,STARLINK-2093,2024-11-26T13:36:41Z,2024-11-27T02:21:01Z,202.7,554.33
47374,STARLINK-2093,2024-11-27T10:18:43Z,2024-11-28T10:11:49Z,-140.6,554.33
47374,STARLINK-2093,2024-11-29T08:29:23Z,2024-11-30T09:58:00Z,-158.8,554.33
47375,STARLINK-2094,2024-11-26T10:36:14Z,2024-11-27T10:29:21Z,121.6,554.33
47375,STARLINK-2094,2024-11-29T18:13:15Z,2024-11-30T13:19:41Z,-116.7,554.33
47376,STARLINK-2096,2024-11-26T13:52:37Z,2024-11-27T10:34:40Z,116.4,554.33
47377,STARLINK-2097,2024-11-26T13:31:24Z,2024-11-26T23:04:38Z,222.4,554.32
47377,STARLINK-2097,2024-11-27T13:24:30Z,2024-11-28T08:30:58Z,-126.9,554.32
47377,STARLINK-2097,2024-11-29T17:57:19Z,2024-11-30T13:03:46Z,-110.9,554.32
47378,STARLINK-2098,2024-11-26T10:09:41Z,2024-11-27T16:24:59Z,112.2,554.29
47379,STARLINK-2099,2024-11-26T07:07:52Z,2024-11-27T08:36:32Z,111.8,554.33
47379,STARLINK-2099,2024-11-29T05:11:38Z,2024-11-30T05:04:43Z,-123.3,554.33
47380,STARLINK-2100,2024-11-29T09:05:13Z,2024-11-30T05:47:11Z,-277.3,554.3
47380,STARLINK-2100,2024-11-30T05:47:11Z,2024-11-30T15:20:25Z,209.6,554.3
47381,STARLINK-2101,2024-11-27T06:31:11Z,2024-11-28T00:02:07Z,-126.4,554.24
47381,STARLINK-2101,2024-11-28T17:33:02Z,2024-11-28T23:55:12Z,130.6,554.24
47381,STARLINK-2101,2024-11-29T06:17:22Z,2024-11-30T10:57:02Z,-331.9,554.24
47382,STARLINK-2102,2024-11-26T10:50:50Z,2024-11-27T09:08:24Z,109.6,554.35
47382,STARLINK-2102,2024-11-27T09:08:24Z,2024-11-27T17:06:06Z,-119.4,554.35
47382,STARLINK-2102,2024-11-27T17:06:06Z,2024-11-28T05:50:23Z,-107.9,554.35
47382,STARLINK-2102,2024-11-28T16:59:09Z,2024-11-28T23:21:19Z,133.7,554.35
47383,STARLINK-2103,2024-11-26T07:09:17Z,2024-11-27T08:37:56Z,103.0,554.37
47383,STARLINK-2103,2024-11-29T08:24:08Z,2024-11-30T08:17:10Z,-213.2,554.37
47384,STARLINK-2104,2024-11-29T16:31:06Z,2024-11-30T08:26:29Z,-132.7,554.34
47384,STARLINK-2104,2024-11-30T08:26:29Z,2024-11-30T16:24:12Z,188.7,554.34
47385,STARLINK-2105,2024-11-26T23:08:38Z,2024-11-27T07:06:22Z,127.7,554.31
47385,STARLINK-2105,2024-11-27T23:01:46Z,2024-11-28T16:32:40Z,-146.8,554.31
47386,STARLINK-2106,2024-11-29T09:10:31Z,2024-11-30T05:52:31Z,-120.2,554.32
47388,STARLINK-2109,2024-11-26T12:43:37Z,2024-11-27T11:01:13Z,161.1,554.3
47389,STARLINK-2110,2024-11-26T12:13:04Z,2024-11-27T23:14:57Z,130.7,554.33
47389,STARLINK-2110,2024-11-28T16:45:52Z,2024-11-28T23:08:03Z,124.1,554.33
47389,STARLINK-2110,2024-11-29T16:38:59Z,2024-11-30T11:45:27Z,-126.2,554.33
47389,STARLINK-2110,2024-11-30T11:45:27Z,2024-11-30T16:32:04Z,143.1,554.33
47390,STARLINK-2111,2024-11-26T13:42:00Z,2024-11-27T02:26:20Z,125.6,554.34
47390,STARLINK-2111,2024-11-27T10:24:02Z,2024-11-28T10:17:08Z,-136.2,554.34
47390,STARLINK-2111,2024-11-29T18:07:56Z,2024-11-30T13:14:23Z,-126.9,554.34
47391,STARLINK-2112,2024-11-26T10:44:09Z,2024-11-27T09:01:44Z,161.3,554.33
47391,STARLINK-2112,2024-11-29T16:45:37Z,2024-11-30T10:16:32Z,-110.9,554.33
47392,STARLINK-2113,2024-11-29T16:47:00Z,2024-11-30T10:17:54Z,-136.0,554.37
47393,STARLINK-2114,2024-11-27T08:05:27Z,2024-11-28T04:47:27Z,-114.4,554.3
47394,STARLINK-2115,2024-11-26T14:00:01Z,2024-11-26T22:00:01Z,-2117.5,398.87
47394,STARLINK-2115,2024-11-26T22:00:01Z,2024-11-27T14:00:01Z,-4494.7,398.87
47394,STARLINK-2115,2024-11-27T14:00:01Z,2024-11-27T22:00:01Z,-2151.0,398.87
47394,STARLINK-2115,2024-11-27T22:00:01Z,2024-11-28T14:00:01Z,-4467.4,398.87
47394,STARLINK-2115,2024-11-28T14:00:01Z,2024-11-28T22:00:01Z,-2106.5,398.87
47394,STARLINK-2115,2024-11-28T22:00:01Z,2024-11-29T14:00:01Z,-4502.2,398.87
47394,STARLINK-2115,2024-11-29T14:00:01Z,2024-11-29T22:00:01Z,-2096.7,398.87
47394,STARLINK-2115,2024-11-29T22:00:01Z,2024-11-30T14:00:01Z,-4464.5,398.87
47395,STARLINK-2117,2024-11-29T08:18:46Z,2024-11-30T05:00:45Z,-170.1,554.3
47397,STARLINK-2119,2024-11-26T12:48:56Z,2024-11-27T11:06:31Z,153.1,554.33
47397,STARLINK-2119,2024-11-29T07:41:38Z,2024-11-30T07:34:42Z,-132.4,554.33
47398,STARLINK-2120,2024-11-26T06:00:02Z,2024-11-26T14:00:01Z,-308.2,293.19
47398,STARLINK-2120,2024-11-26T14:00:01Z,2024-11-26T22:00:01Z,-1531.4,293.19
47398,STARLINK-2120,2024-11-26T22:00:01Z,2024-11-27T06:00:01Z,-1404.3,293.19
47398,STARLINK-2120,2024-11-27T06:00:01Z,2024-11-27T14:00:01Z,-1535.5,293.19
47398,STARLINK-2120,2024-11-27T14:00:01Z,2024-11-27T22:00:01Z,-1321.0,293.19
47398,STARLINK-2120,2024-11-27T22:00:01Z,2024-11-28T14:00:01Z,-3458.2,293.19
47398,STARLINK-2120,2024-11-28T14:00:01Z,2024-11-28T22:00:01Z,-1338.6,293.19
47398,STARLINK-2120,2024-11-28T22:00:01Z,2024-11-29T06:00:01Z,-1659.0,293.19
47398,STARLINK-2120,2024-11-29T06:00:01Z,2024-11-29T14:00:01Z,-1947.3,293.19
47398,STARLINK-2120,2024-11-29T14:00:01Z,2024-11-29T22:00:01Z,-1458.1,293.19
47398,STARLINK-2120,2024-11-29T22:00:01Z,2024-11-30T06:00:01Z,-1929.1,293.19
47398,STARLINK-2120,2024-11-30T06:00:01Z,2024-11-30T14:00:01Z,-2259.8,293.19
47399,STARLINK-2121,2024-11-26T11:26:42Z,2024-11-27T00:11:04Z,284.2,554.23
47399,STARLINK-2121,2024-11-27T00:11:04Z,2024-11-28T06:26:19Z,-326.2,554.23
47399,STARLINK-2121,2024-11-28T17:35:04Z,2024-11-29T09:30:29Z,160.3,554.23
47399,STARLINK-2121,2024-11-29T09:30:29Z,2024-11-30T10:59:04Z,-193.2,554.23
47400,STARLINK-2122,2024-11-29T08:34:42Z,2024-11-30T05:16:41Z,-145.1,554.31
47401,STARLINK-2123,2024-11-26T12:31:40Z,2024-11-26T23:40:28Z,150.0,554.31
47401,STARLINK-2123,2024-11-29T08:59:54Z,2024-11-30T05:41:54Z,-148.9,554.31
47402,STARLINK-2124,2024-11-26T14:00:01Z,2024-11-26T22:00:01Z,-2199.7,483.5
47402,STARLINK-2124,2024-11-26T22:00:01Z,2024-11-27T14:00:01Z,-4648.1,483.5
47402,STARLINK-2124,2024-11-27T14:00:01Z,2024-11-27T22:00:01Z,-2179.5,483.5
47402,STARLINK-2124,2024-11-27T22:00:01Z,2024-11-28T14:00:01Z,-4637.0,483.5
47402,STARLINK-2124,2024-11-28T14:00:01Z,2024-11-28T22:00:01Z,-2180.2,483.5
47402,STARLINK-2124,2024-11-28T22:00:01Z,2024-11-29T14:00:01Z,-4613.4,483.5
47402,STARLINK-2124,2024-11-29T14:00:01Z,2024-11-29T22:00:01Z,-2201.5,483.5
47402,STARLINK-2124,2024-11-29T22:00:01Z,2024-11-30T14:00:01Z,-4580.5,483.5
47403,STARLINK-2127,2024-11-26T11:33:18Z,2024-11-27T06:39:47Z,120.3,554.27
47403,STARLINK-2127,2024-11-28T16:06:06Z,2024-11-29T06:25:59Z,153.9,554.27
47403,STARLINK-2127,2024-11-29T06:25:59Z,2024-11-30T07:54:35Z,-145.5,554.27
47404,STARLINK-2128,2024-11-29T06:20:40Z,2024-11-30T07:49:17Z,-145.0,554.3
47405,STARLINK-2130,2024-11-26T14:13:51Z,2024-11-27T01:22:39Z,182.3,554.25
47405,STARLINK-2130,2024-11-27T10:55:54Z,2024-11-29T07:31:01Z,-186.2,554.25
47406,STARLINK-2133,2024-11-26T11:43:54Z,2024-11-27T06:50:24Z,127.9,554.34
47406,STARLINK-2133,2024-11-28T16:16:43Z,2024-11-29T00:14:26Z,132.8,554.34
47406,STARLINK-2133,2024-11-29T16:09:50Z,2024-11-30T08:05:12Z,-122.2,554.34
47406,STARLINK-2133,2024-11-30T08:05:12Z,2024-11-30T16:02:55Z,124.4,554.34
47407,STARLINK-2134,2024-11-28T16:27:20Z,2024-11-28T22:49:30Z,136.8,554.33
47408,STARLINK-2135,2024-11-26T12:47:36Z,2024-11-26T23:56:24Z,147.6,554.33
47408,STARLINK-2135,2024-11-27T06:18:34Z,2024-11-28T09:22:44Z,-130.7,554.33
47408,STARLINK-2135,2024-11-29T09:15:50Z,2024-11-30T09:08:54Z,-147.6,554.33
47408,STARLINK-2135,2024-11-30T09:08:54Z,2024-11-30T15:31:04Z,141.5,554.33
47548,STARLINK-1782,2024-11-26T06:00:02Z,2024-11-26T22:00:01Z,-1725.2,460.25
47548,STARLINK-1782,2024-11-26T22:00:01Z,2024-11-27T06:00:01Z,-862.4,460.25
47548,STARLINK-1782,2024-11-27T06:00:01Z,2024-11-27T14:00:01Z,-909.0,460.25
47548,STARLINK-1782,2024-11-27T14:00:01Z,2024-11-27T22:00:01Z,-748.7,460.25
47548,STARLINK-1782,2024-11-27T22:00:01Z,2024-11-28T14:00:01Z,-1765.7,460.25
47548,STARLINK-1782,2024-11-28T14:00:01Z,2024-11-28T22:00:01Z,-752.8,460.25
47548,STARLINK-1782,2024-11-28T22:00:01Z,2024-11-29T06:00:01Z,-829.9,460.25
47548,STARLINK-1782,2024-11-29T06:00:01Z,2024-11-29T14:00:01Z,-919.9,460.25
47548,STARLINK-1782,2024-11-29T14:00:01Z,2024-11-29T22:00:01Z,-799.1,460.25
47548,STARLINK-1782,2024-11-29T22:00:01Z,2024-11-30T06:00:01Z,-756.5,460.25
47548,STARLINK-1782,2024-11-30T06:00:01Z,2024-11-30T14:00:01Z,-833.9,460.25
47549,STARLINK-1806,2024-11-26T11:14:42Z,2024-11-27T14:18:55Z,156.4,554.33
47549,STARLINK-1806,2024-11-29T04:31:52Z,2024-11-30T04:24:56Z,-203.7,554.33
47550,STARLINK-1909,2024-11-26T06:00:02Z,2024-11-26T22:00:01Z,-805.7,499.35
47550,STARLINK-1909,2024-11-26T22:00:01Z,2024-11-27T06:00:01Z,-252.4,499.35
47550,STARLINK-1909,2024-11-27T06:00:01Z,2024-11-27T14:00:01Z,-315.2,499.35
47550,STARLINK-1909,2024-11-27T14:00:01Z,2024-11-27T22:00:01Z,-246.7,499.35
47550,STARLINK-1909,2024-11-27T22:00:01Z,2024-11-28T14:00:01Z,-555.0,499.35
47550,STARLINK-1909,2024-11-28T14:00:01Z,2024-11-28T22:00:01Z,-252.5,499.35
47550,STARLINK-1909,2024-11-28T22:00:01Z,2024-11-29T06:00:01Z,-202.5,499.35
47550,STARLINK-1909,2024-11-29T06:00:01Z,2024-11-29T14:00:01Z,-339.1,499.35
47550,STARLINK-1909,2024-11-29T14:00:01Z,2024-11-29T22:00:01Z,-263.7,499.35
47550,STARLINK-1909,2024-11-29T22:00:01Z,2024-11-30T06:00:01Z,-191.9,499.35
47550,STARLINK-1909,2024-11-30T06:00:01Z,2024-11-30T14:00:01Z,-326.9,499.35
47551,STARLINK-1938,2024-11-26T06:00:02Z,2024-11-26T22:00:01Z,-3114.9,446.58
47551,STARLINK-1938,2024-11-26T22:00:01Z,2024-11-27T14:00:01Z,-3301.3,446.58
47551,STARLINK-1938,2024-11-27T14:00:01Z,2024-11-27T22:00:01Z,-1500.5,446.58
47551,STARLINK-1938,2024-11-27T22:00:01Z,2024-11-28T06:00:01Z,-1608.8,446.58
47551,STARLINK-1938,2024-11-28T06:00:01Z,2024-11-28T14:00:01Z,-2035.0,446.58
47551,STARLINK-1938,2024-11-28T14:00:01Z,2024-11-28T22:00:01Z,-654.5,446.58
47551,STARLINK-1938,2024-11-28T22:00:01Z,2024-11-29T06:00:01Z,218.8,446.58
47551,STARLINK-1938,2024-11-29T06:00:01Z,2024-11-29T14:00:01Z,-1403.0,446.58
47551,STARLINK-1938,2024-11-29T14:00:01Z,2024-11-29T22:00:01Z,-1357.3,446.58
47551,STARLINK-1938,2024-11-29T22:00:01Z,2024-11-30T14:00:01Z,-2863.9,446.58
47552,STARLINK-1940,2024-11-26T11:30:39Z,2024-11-27T08:12:41Z,133.7,554.3
47552,STARLINK-1940,2024-11-27T16:10:23Z,2024-11-28T04:54:41Z,-106.3,554.3
47552,STARLINK-1940,2024-11-29T07:58:52Z,2024-11-30T04:40:51Z,-177.3,554.3
47554,STARLINK-1953,2024-11-26T22:00:01Z,2024-11-27T06:00:01Z,-740.8,474.09
47554,STARLINK-1953,2024-11-27T06:00:01Z,2024-11-27T14:00:01Z,-679.7,474.09
47554,STARLINK-1953,2024-11-27T14:00:01Z,2024-11-27T22:00:01Z,-560.6,474.09
47554,STARLINK-1953,2024-11-27T22:00:01Z,2024-11-28T06:00:01Z,-708.8,474.09
47554,STARLINK-1953,2024-11-28T06:00:01Z,2024-11-28T14:00:01Z,-727.7,474.09
47554,STARLINK-1953,2024-11-28T14:00:01Z,2024-11-28T22:00:01Z,-428.3,474.09
47554,STARLINK-1953,2024-11-28T22:00:01Z,2024-11-29T14:00:01Z,-1112.4,474.09
47554,STARLINK-1953,2024-11-29T14:00:01Z,2024-11-29T22:00:01Z,-418.5,474.09
47554,STARLINK-1953,2024-11-29T22:00:01Z,2024-11-30T06:00:01Z,-535.5,474.09
47554,STARLINK-1953,2024-11-30T06:00:01Z,2024-11-30T14:00:01Z,-571.7,474.09
47555,STARLINK-1954,2024-11-26T09:27:14Z,2024-11-27T09:20:21Z,187.9,554.31
47556,STARLINK-1955,2024-11-29T06:45:53Z,2024-11-30T09:50:02Z,-119.5,554.34
47557,STARLINK-1956,2024-11-26T14:00:01Z,2024-11-26T22:00:01Z,380.9,443.05
47557,STARLINK-1956,2024-11-26T22:00:01Z,2024-11-27T06:00:01Z,-944.3,443.05
47557,STARLINK-1956,2024-11-27T06:00:01Z,2024-11-27T14:00:01Z,-1022.4,443.05
47557,STARLINK-1956,2024-11-27T14:00:01Z,2024-11-27T22:00:01Z,-905.4,443.05
47557,STARLINK-1956,2024-11-27T22:00:01Z,2024-11-28T14:00:01Z,-2234.9,443.05
47557,STARLINK-1956,2024-11-28T14:00:01Z,2024-11-28T22:00:01Z,-405.0,443.05
47557,STARLINK-1956,2024-11-28T22:00:01Z,2024-11-29T14:00:01Z,114.3,443.05
47557,STARLINK-1956,2024-11-29T14:00:01Z,2024-11-29T22:00:01Z,-361.8,443.05
47557,STARLINK-1956,2024-11-29T22:00:01Z,2024-11-30T14:00:01Z,-1822.4,443.05
47558,STARLINK-1957,2024-11-26T08:56:42Z,2024-11-27T05:38:44Z,113.4,554.35
47558,STARLINK-1957,2024-11-28T05:31:50Z,2024-11-28T23:02:46Z,115.2,554.35
47559,STARLINK-1958,2024-11-29T14:06:26Z,2024-11-30T06:01:48Z,-169.2,554.33
47559,STARLINK-1958,2024-11-30T06:01:48Z,2024-11-30T13:59:30Z,129.9,554.33
47560,STARLINK-1959,2024-11-27T22:05:57Z,2024-11-28T09:14:42Z,-100.8,554.36
47560,STARLINK-1959,2024-11-28T09:14:42Z,2024-11-28T18:47:58Z,161.3,554.36
47562,STARLINK-1961,2024-11-26T22:00:01Z,2024-11-27T06:00:01Z,-653.3,388.92
47562,STARLINK-1961,2024-11-27T06:00:01Z,2024-11-27T14:00:01Z,-636.0,388.92
47562,STARLINK-1961,2024-11-27T14:00:01Z,2024-11-27T22:00:01Z,-114.2,388.92
47562,STARLINK-1961,2024-11-27T22:00:01Z,2024-11-28T06:00:01Z,-622.5,388.92
47562,STARLINK-1961,2024-11-28T06:00:01Z,2024-11-28T14:00:01Z,-452.6,388.92
47562,STARLINK-1961,2024-11-28T14:00:01Z,2024-11-28T22:00:01Z,-335.8,388.92
47562,STARLINK-1961,2024-11-28T22:00:01Z,2024-11-29T06:00:01Z,-536.6,388.92
47562,STARLINK-1961,2024-11-29T06:00:01Z,2024-11-29T14:00:01Z,-384.1,388.92
47562,STARLINK-1961,2024-11-29T14:00:01Z,2024-11-29T22:00:01Z,-374.5,388.92
47562,STARLINK-1961,2024-11-29T22:00:01Z,2024-11-30T06:00:01Z,-538.9,388.92
47562,STARLINK-1961,2024-11-30T06:00:01Z,2024-11-30T14:00:01Z,-472.9,388.92
47563,STARLINK-1962,2024-11-26T10:04:23Z,2024-11-27T08:21:58Z,159.5,554.33
47563,STARLINK-1962,2024-11-29T16:05:51Z,2024-11-30T09:36:45Z,-185.0,554.33
47564,STARLINK-1963,2024-11-27T08:23:18Z,2024-11-28T09:51:54Z,-166.3,554.36
47564,STARLINK-1963,2024-11-28T09:51:54Z,2024-11-28T22:36:15Z,200.5,554.36
47564,STARLINK-1963,2024-11-28T22:36:15Z,2024-11-29T04:58:26Z,190.6,554.36
47564,STARLINK-1963,2024-11-29T04:58:26Z,2024-11-29T14:31:40Z,-265.4,554.36
47564,STARLINK-1963,2024-11-29T14:31:40Z,2024-11-29T22:29:21Z,-112.8,554.36
47565,STARLINK-1964,2024-11-28T05:00:00Z,2024-11-29T04:53:06Z,125.2,554.29
47566,STARLINK-1965,2024-11-26T08:15:35Z,2024-11-27T04:57:37Z,139.1,554.31
47566,STARLINK-1965,2024-11-27T04:57:37Z,2024-11-28T04:50:42Z,-106.9,554.31
47566,STARLINK-1965,2024-11-29T14:17:02Z,2024-11-30T14:10:07Z,-102.8,554.31
47567,STARLINK-1966,2024-11-26T12:35:14Z,2024-11-27T07:36:05Z,-421.4,530.66
47567,STARLINK-1966,2024-11-27T07:36:05Z,2024-11-27T22:00:01Z,-258.7,530.66
47567,STARLINK-1966,2024-11-27T22:00:01Z,2024-11-28T14:00:01Z,-508.8,530.66
47567,STARLINK-1966,2024-11-28T22:00:01Z,2024-11-29T08:42:45Z,-326.7,530.66
47567,STARLINK-1966,2024-11-29T08:42:45Z,2024-11-29T16:37:57Z,-198.4,530.66
47567,STARLINK-1966,2024-11-29T16:37:57Z,2024-11-30T06:53:15Z,-373.0,530.66
47571,STARLINK-1970,2024-11-26T06:00:02Z,2024-11-26T22:00:01Z,-561.3,505.96
47571,STARLINK-1970,2024-11-26T22:00:01Z,2024-11-27T14:00:01Z,-621.9,505.96
47571,STARLINK-1970,2024-11-27T14:00:01Z,2024-11-27T22:00:01Z,-243.8,505.96
47571,STARLINK-1970,2024-11-27T22:00:01Z,2024-11-28T06:00:01Z,-271.4,505.96
47571,STARLINK-1970,2024-11-28T06:00:01Z,2024-11-28T14:00:01Z,-349.8,505.96
47571,STARLINK-1970,2024-11-28T14:00:01Z,2024-11-28T22:00:01Z,-136.1,505.96
47571,STARLINK-1970,2024-11-28T22:00:01Z,2024-11-29T14:00:01Z,-375.4,505.96
47571,STARLINK-1970,2024-11-29T14:00:01Z,2024-11-29T22:00:01Z,-138.7,505.96
47571,STARLINK-1970,2024-11-29T22:00:01Z,2024-11-30T04:37:23Z,-119.9,505.96
47571,STARLINK-1970,2024-11-30T04:37:23Z,2024-11-30T14:04:30Z,-197.4,505.96
47573,STARLINK-1975,2024-11-26T10:26:55Z,2024-11-27T05:33:25Z,168.6,554.34
47573,STARLINK-1975,2024-11-28T14:59:45Z,2024-11-28T22:57:28Z,125.2,554.34
47573,STARLINK-1975,2024-11-29T14:52:52Z,2024-11-30T06:48:15Z,-150.0,554.34
47573,STARLINK-1975,2024-11-30T06:48:15Z,2024-11-30T14:45:57Z,147.4,554.34
47574,STARLINK-1976,2024-11-26T14:00:01Z,2024-11-26T22:00:01Z,-1005.9,491.13
47574,STARLINK-1976,2024-11-26T22:00:01Z,2024-11-27T14:00:01Z,-2222.9,491.13
47574,STARLINK-1976,2024-11-27T14:00:01Z,2024-11-27T22:00:01Z,-1013.8,491.13
47574,STARLINK-1976,2024-11-27T22:00:01Z,2024-11-28T14:00:01Z,-2223.9,491.13
47574,STARLINK-1976,2024-11-28T14:00:01Z,2024-11-28T22:00:01Z,-999.0,491.13
47574,STARLINK-1976,2024-11-28T22:00:01Z,2024-11-29T14:00:01Z,-2259.7,491.13
47574,STARLINK-1976,2024-11-29T14:00:01Z,2024-11-29T22:00:01Z,-839.1,491.13
47574,STARLINK-1976,2024-11-29T22:00:01Z,2024-11-30T06:00:01Z,-1003.4,491.13
47574,STARLINK-1976,2024-11-30T06:00:01Z,2024-11-30T14:00:01Z,-957.9,491.13
47575,STARLINK-1977,2024-11-26T14:00:01Z,2024-11-26T22:00:01Z,-670.2,463.49
47575,STARLINK-1977,2024-11-26T22:00:01Z,2024-11-27T14:00:01Z,-1597.9,463.49
47575,STARLINK-1977,2024-11-27T14:00:01Z,2024-11-27T22:00:01Z,-648.4,463.49
47575,STARLINK-1977,2024-11-27T22:00:01Z,2024-11-28T14:00:01Z,-1499.1,463.49
47575,STARLINK-1977,2024-11-28T14:00:01Z,2024-11-28T22:00:01Z,-543.5,463.49
47575,STARLINK-1977,2024-11-28T22:00:01Z,2024-11-29T06:00:01Z,-712.0,463.49
47575,STARLINK-1977,2024-11-29T06:00:01Z,2024-11-29T14:00:01Z,-679.6,463.49
47575,STARLINK-1977,2024-11-29T14:00:01Z,2024-11-29T22:00:01Z,-559.9,463.49
47575,STARLINK-1977,2024-11-29T22:00:01Z,2024-11-30T06:00:01Z,-674.2,463.49
47575,STARLINK-1977,2024-11-30T06:00:01Z,2024-11-30T14:00:01Z,-710.5,463.49
47576,STARLINK-1978,2024-11-26T08:10:18Z,2024-11-27T08:03:22Z,-142.6,554.34
47576,STARLINK-1978,2024-11-28T04:45:23Z,2024-11-29T04:38:29Z,104.8,554.34
47576,STARLINK-1978,2024-11-29T14:11:44Z,2024-11-30T06:07:06Z,-166.0,554.34
47576,STARLINK-1978,2024-11-30T06:07:06Z,2024-11-30T14:04:49Z,147.2,554.34
47578,STARLINK-1980,2024-11-26T14:00:01Z,2024-11-26T22:00:01Z,-197.1,475.86
47578,STARLINK-1980,2024-11-26T22:00:01Z,2024-11-27T06:00:01Z,-370.5,475.86
47578,STARLINK-1980,2024-11-27T06:00:01Z,2024-11-27T14:00:01Z,-342.4,475.86
47578,STARLINK-1980,2024-11-27T14:00:01Z,2024-11-27T22:00:01Z,-209.0,475.86
47578,STARLINK-1980,2024-11-27T22:00:01Z,2024-11-28T14:00:01Z,-712.7,475.86
47578,STARLINK-1980,2024-11-28T14:00:01Z,2024-11-28T22:00:01Z,-203.5,475.86
47578,STARLINK-1980,2024-11-28T22:00:01Z,2024-11-29T06:00:01Z,-312.9,475.86
47578,STARLINK-1980,2024-11-29T06:00:01Z,2024-11-29T14:00:01Z,-390.2,475.86
47578,STARLINK-1980,2024-11-29T14:00:01Z,2024-11-29T22:00:01Z,-209.3,475.86
47578,STARLINK-1980,2024-11-29T22:00:01Z,2024-11-30T14:00:01Z,-686.3,475.86
47579,STARLINK-1981,2024-11-26T06:00:02Z,2024-11-26T22:00:01Z,-3116.2,478.78
47579,STARLINK-1981,2024-11-26T22:00:01Z,2024-11-27T14:00:01Z,-3162.2,478.78
47579,STARLINK-1981,2024-11-27T14:00:01Z,2024-11-27T22:00:01Z,-1292.1,478.78
47579,STARLINK-1981,2024-11-27T22:00:01Z,2024-11-28T06:00:01Z,-1337.5,478.78
47579,STARLINK-1981,2024-11-28T06:00:01Z,2024-11-28T14:00:01Z,-1408.8,478.78
47579,STARLINK-1981,2024-11-28T14:00:01Z,2024-11-28T22:00:01Z,-1294.0,478.78
47579,STARLINK-1981,2024-11-28T22:00:01Z,2024-11-29T14:00:01Z,-2721.8,478.78
47579,STARLINK-1981,2024-11-29T14:00:01Z,2024-11-29T22:00:01Z,-1306.5,478.78
47579,STARLINK-1981,2024-11-29T22:00:01Z,2024-11-30T06:00:01Z,-1314.4,478.78
47579,STARLINK-1981,2024-11-30T06:00:01Z,2024-11-30T14:00:01Z,-1392.0,478.78
47580,STARLINK-1982,2024-11-26T12:17:05Z,2024-11-26T23:25:53Z,101.2,554.37
47580,STARLINK-1982,2024-11-28T05:41:09Z,2024-11-29T05:34:12Z,-185.2,554.37
47580,STARLINK-1982,2024-11-29T15:07:25Z,2024-11-29T23:05:08Z,206.2,554.37
47582,STARLINK-1986,2024-11-28T22:24:18Z,2024-11-29T22:17:23Z,-101.6,554.32
47583,STARLINK-1987,2024-11-26T06:00:02Z,2024-11-26T22:00:01Z,-1712.7,448.01
47583,STARLINK-1987,2024-11-26T22:00:01Z,2024-11-27T14:00:01Z,-1826.6,448.01
47583,STARLINK-1987,2024-11-27T14:00:01Z,2024-11-27T22:00:01Z,-835.1,448.01
47583,STARLINK-1987,2024-11-27T22:00:01Z,2024-11-28T14:00:01Z,-1599.1,448.01
47583,STARLINK-1987,2024-11-28T14:00:01Z,2024-11-28T22:00:01Z,-641.8,448.01
47583,STARLINK-1987,2024-11-28T22:00:01Z,2024-11-29T14:00:01Z,-1460.5,448.01
47583,STARLINK-1987,2024-11-29T14:00:01Z,2024-11-29T22:00:01Z,-668.0,448.01
47583,STARLINK-1987,2024-11-29T22:00:01Z,2024-11-30T06:00:01Z,-693.1,448.01
47583,STARLINK-1987,2024-11-30T06:00:01Z,2024-11-30T14:00:01Z,-912.6,448.01
47585,STARLINK-1989,2024-11-26T14:00:01Z,2024-11-26T22:00:01Z,-1352.3,461.89
47585,STARLINK-1989,2024-11-26T22:00:01Z,2024-11-27T06:00:01Z,-1457.0,461.89
47585,STARLINK-1989,2024-11-27T06:00:01Z,2024-11-27T14:00:01Z,-1502.9,461.89
47585,STARLINK-1989,2024-11-27T14:00:01Z,2024-11-27T22:00:01Z,-1335.3,461.89
47585,STARLINK-1989,2024-11-27T22:00:01Z,2024-11-28T14:00:01Z,-2958.2,461.89
47585,STARLINK-1989,2024-11-28T14:00:01Z,2024-11-28T22:00:01Z,-1392.0,461.89
47585,STARLINK-1989,2024-11-28T22:00:01Z,2024-11-29T06:00:01Z,-1243.8,461.89
47585,STARLINK-1989,2024-11-29T06:00:01Z,2024-11-29T14:00:01Z,-1312.6,461.89
47585,STARLINK-1989,2024-11-29T14:00:01Z,2024-11-29T22:00:01Z,-1140.7,461.89
47585,STARLINK-1989,2024-11-29T22:00:01Z,2024-11-30T14:00:01Z,-2507.8,461.89
47586,STARLINK-1990,2024-11-26T14:00:01Z,2024-11-26T22:00:01Z,-867.8,502.41
47586,STARLINK-1990,2024-11-26T22:00:01Z,2024-11-27T14:00:01Z,-1972.5,502.41
47586,STARLINK-1990,2024-11-27T14:00:01Z,2024-11-27T22:00:01Z,-843.2,502.41
47586,STARLINK-1990,2024-11-27T22:00:01Z,2024-11-28T14:00:01Z,-1990.5,502.41
47586,STARLINK-1990,2024-11-28T14:00:01Z,2024-11-28T22:00:01Z,-768.7,502.41
47586,STARLINK-1990,2024-11-28T22:00:01Z,2024-11-29T06:00:01Z,-968.4,502.41
47586,STARLINK-1990,2024-11-29T06:00:01Z,2024-11-29T14:00:01Z,-915.8,502.41
47586,STARLINK-1990,2024-11-29T14:00:01Z,2024-11-29T22:00:01Z,-772.3,502.41
47586,STARLINK-1990,2024-11-29T22:00:01Z,2024-11-30T06:00:01Z,-958.7,502.41
47586,STARLINK-1990,2024-11-30T06:00:01Z,2024-11-30T14:00:01Z,-916.2,502.41
47587,STARLINK-1991,2024-11-26T09:28:32Z,2024-11-27T07:46:08Z,260.0,554.36
47587,STARLINK-1991,2024-11-27T15:43:50Z,2024-11-28T15:36:54Z,-294.4,554.36
47587,STARLINK-1991,2024-11-28T15:36:54Z,2024-11-28T21:59:04Z,253.5,554.36
47587,STARLINK-1991,2024-11-29T15:30:00Z,2024-11-30T04:14:18Z,-132.5,554.36
47588,STARLINK-1993,2024-11-28T15:24:59Z,2024-11-28T23:22:41Z,189.1,554.25
47588,STARLINK-1993,2024-11-29T05:44:51Z,2024-11-29T23:15:46Z,-134.4,554.25
47589,STARLINK-1994,2024-11-26T06:32:05Z,2024-11-27T06:25:12Z,119.0,554.34
47589,STARLINK-1994,2024-11-29T15:44:37Z,2024-11-30T04:28:55Z,-101.2,554.34
47590,STARLINK-1995,2024-11-29T17:06:54Z,2024-11-30T09:02:17Z,-105.2,554.36
47590,STARLINK-1995,2024-11-30T09:02:17Z,2024-11-30T16:59:59Z,110.9,554.36
47591,STARLINK-1996,2024-11-26T14:00:01Z,2024-11-26T22:00:01Z,-787.7,436.11
47591,STARLINK-1996,2024-11-26T22:00:01Z,2024-11-27T06:00:01Z,-2156.5,436.11
47591,STARLINK-1996,2024-11-27T06:00:01Z,2024-11-27T14:00:01Z,-2157.6,436.11
47591,STARLINK-1996,2024-11-27T14:00:01Z,2024-11-27T22:00:01Z,-2013.0,436.11
47591,STARLINK-1996,2024-11-27T22:00:01Z,2024-11-28T06:00:01Z,-2154.1,436.11
47591,STARLINK-1996,2024-11-28T06:00:01Z,2024-11-28T14:00:01Z,-2173.0,436.11
47591,STARLINK-1996,2024-11-28T14:00:01Z,2024-11-28T22:00:01Z,-2004.0,436.11
47591,STARLINK-1996,2024-11-28T22:00:01Z,2024-11-29T06:00:01Z,-2113.4,436.11
47591,STARLINK-1996,2024-11-29T06:00:01Z,2024-11-29T14:00:01Z,-2175.0,436.11
47591,STARLINK-1996,2024-11-29T14:00:01Z,2024-11-29T22:00:01Z,-2024.9,436.11
47591,STARLINK-1996,2024-11-29T22:00:01Z,2024-11-30T06:00:01Z,-2128.8,436.11
47591,STARLINK-1996,2024-11-30T06:00:01Z,2024-11-30T14:00:01Z,-2129.1,436.11
47592,STARLINK-1997,2024-11-29T16:24:26Z,2024-11-30T06:44:16Z,-100.0,554.3
47593,STARLINK-1998,2024-11-26T14:00:01Z,2024-11-26T22:00:01Z,-1635.0,405.34
47593,STARLINK-1998,2024-11-26T22:00:01Z,2024-11-27T06:00:01Z,-1551.5,405.34
47593,STARLINK-1998,2024-11-27T06:00:01Z,2024-11-27T14:00:01Z,-1052.8,405.34
47593,STARLINK-1998,2024-11-27T14:00:01Z,2024-11-27T22:00:01Z,-1554.7,405.34
47593,STARLINK-1998,2024-11-27T22:00:01Z,2024-11-28T14:00:01Z,-3331.1,405.34
47593,STARLINK-1998,2024-11-28T14:00:01Z,2024-11-28T22:00:01Z,-1569.8,405.34
47593,STARLINK-1998,2024-11-28T22:00:01Z,2024-11-29T14:00:01Z,-3326.7,405.34
47593,STARLINK-1998,2024-11-29T14:00:01Z,2024-11-29T22:00:01Z,-1510.6,405.34
47593,STARLINK-1998,2024-11-29T22:00:01Z,2024-11-30T06:00:01Z,-1701.2,405.34
47593,STARLINK-1998,2024-11-30T06:00:01Z,2024-11-30T14:00:01Z,-1666.4,405.34
47594,STARLINK-1999,2024-11-26T06:00:02Z,2024-11-26T14:00:01Z,-873.7,314.43
47594,STARLINK-1999,2024-11-26T14:00:01Z,2024-11-26T22:00:01Z,-608.4,314.43
47594,STARLINK-1999,2024-11-26T22:00:01Z,2024-11-27T06:00:01Z,-874.2,314.43
47594,STARLINK-1999,2024-11-27T06:00:01Z,2024-11-27T14:00:01Z,-849.9,314.43
47594,STARLINK-1999,2024-11-27T14:00:01Z,2024-11-27T22:00:01Z,-648.1,314.43
47594,STARLINK-1999,2024-11-27T22:00:01Z,2024-11-28T06:00:01Z,-992.2,314.43
47594,STARLINK-1999,2024-11-28T06:00:01Z,2024-11-28T14:00:01Z,-1546.0,314.43
47594,STARLINK-1999,2024-11-28T14:00:01Z,2024-11-28T22:00:01Z,-552.0,314.43
47594,STARLINK-1999,2024-11-28T22:00:01Z,2024-11-29T06:00:01Z,-1765.9,314.43
47594,STARLINK-1999,2024-11-29T06:00:01Z,2024-11-29T14:00:01Z,-891.1,314.43
47594,STARLINK-1999,2024-11-29T14:00:01Z,2024-11-29T22:00:01Z,-843.7,314.43
47594,STARLINK-1999,2024-11-29T22:00:01Z,2024-11-30T06:00:01Z,-678.1,314.43
47594,STARLINK-1999,2024-11-30T06:00:01Z,2024-11-30T14:00:01Z,-1483.4,314.43
47595,STARLINK-2000,2024-11-26T14:00:01Z,2024-11-26T22:00:01Z,-925.1,459.37
47595,STARLINK-2000,2024-11-26T22:00:01Z,2024-11-27T14:00:01Z,-2046.0,459.37
47595,STARLINK-2000,2024-11-27T14:00:01Z,2024-11-27T22:00:01Z,-910.8,459.37
47595,STARLINK-2000,2024-11-27T22:00:01Z,2024-11-28T14:00:01Z,-2050.7,459.37
47595,STARLINK-2000,2024-11-28T14:00:01Z,2024-11-28T22:00:01Z,-939.7,459.37
47595,STARLINK-2000,2024-11-28T22:00:01Z,2024-11-29T06:00:01Z,-894.7,459.37
47595,STARLINK-2000,2024-11-29T06:00:01Z,2024-11-29T14:00:01Z,-895.2,459.37
47595,STARLINK-2000,2024-11-29T14:00:01Z,2024-11-29T22:00:01Z,-765.5,459.37
47595,STARLINK-2000,2024-11-29T22:00:01Z,2024-11-30T06:00:01Z,-917.6,459.37
47595,STARLINK-2000,2024-11-30T06:00:01Z,2024-11-30T14:00:01Z,-1080.1,459.37
47596,STARLINK-2001,2024-11-26T10:12:21Z,2024-11-27T00:32:13Z,123.5,554.34
47596,STARLINK-2001,2024-11-27T18:03:10Z,2024-11-28T09:58:33Z,-107.5,554.34
47596,STARLINK-2001,2024-11-30T09:44:43Z,2024-11-30T16:06:55Z,310.2,554.34
47597,STARLINK-2002,2024-11-26T14:00:01Z,2024-11-26T22:00:01Z,-880.2,499.49
47597,STARLINK-2002,2024-11-26T22:00:01Z,2024-11-27T14:00:01Z,-1941.2,499.49
47597,STARLINK-2002,2024-11-27T14:00:01Z,2024-11-27T22:00:01Z,-877.7,499.49
47597,STARLINK-2002,2024-11-27T22:00:01Z,2024-11-28T14:00:01Z,-1959.4,499.49
47597,STARLINK-2002,2024-11-28T14:00:01Z,2024-11-28T22:00:01Z,-859.2,499.49
47597,STARLINK-2002,2024-11-28T22:00:01Z,2024-11-29T14:00:01Z,-1959.0,499.49
47597,STARLINK-2002,2024-11-29T14:00:01Z,2024-11-29T22:00:01Z,-863.5,499.49
47597,STARLINK-2002,2024-11-29T22:00:01Z,2024-11-30T14:00:01Z,-1899.4,499.49
47598,STARLINK-2003,2024-11-26T14:00:01Z,2024-11-26T22:00:01Z,-907.8,490.23
47598,STARLINK-2003,2024-11-26T22:00:01Z,2024-11-27T06:00:01Z,-996.7,490.23
47598,STARLINK-2003,2024-11-27T06:00:01Z,2024-11-27T14:00:01Z,-1061.6,490.23
47598,STARLINK-2003,2024-11-27T14:00:01Z,2024-11-27T22:00:01Z,-924.4,490.23
47598,STARLINK-2003,2024-11-27T22:00:01Z,2024-11-28T14:00:01Z,-1994.1,490.23
47598,STARLINK-2003,2024-11-28T14:00:01Z,2024-11-28T22:00:01Z,-706.8,490.23
47598,STARLINK-2003,2024-11-28T22:00:01Z,2024-11-29T06:00:01Z,-725.6,490.23
47598,STARLINK-2003,2024-11-29T06:00:01Z,2024-11-29T14:00:01Z,-850.0,490.23
47598,STARLINK-2003,2024-11-29T14:00:01Z,2024-11-29T22:00:01Z,-735.1,490.23
47598,STARLINK-2003,2024-11-29T22:00:01Z,2024-11-30T06:00:01Z,-705.7,490.23
47598,STARLINK-2003,2024-11-30T06:00:01Z,2024-11-30T14:00:01Z,-843.4,490.23
47600,STARLINK-2005,2024-11-26T06:00:02Z,2024-11-26T22:00:01Z,-586.5,476.63
47600,STARLINK-2005,2024-11-26T22:00:01Z,2024-11-27T14:00:01Z,-556.2,476.63
47600,STARLINK-2005,2024-11-27T14:00:01Z,2024-11-27T22:00:01Z,-245.3,476.63
47600,STARLINK-2005,2024-11-28T00:00:01Z,2024-11-28T14:00:01Z,-459.2,476.63
47600,STARLINK-2005,2024-11-28T14:00:01Z,2024-11-28T22:00:01Z,-258.3,476.63
47600,STARLINK-2005,2024-11-28T22:00:01Z,2024-11-29T14:00:01Z,-533.0,476.63
47600,STARLINK-2005,2024-11-29T14:00:01Z,2024-11-29T22:00:01Z,-286.2,476.63
47600,STARLINK-2005,2024-11-30T00:00:01Z,2024-11-30T14:00:01Z,-457.9,476.63
47601,STARLINK-2006,2024-11-26T06:00:02Z,2024-11-26T22:00:01Z,-1698.7,484.02
47601,STARLINK-2006,2024-11-26T22:00:01Z,2024-11-27T14:00:01Z,-1775.2,484.02
47601,STARLINK-2006,2024-11-27T14:00:01Z,2024-11-27T22:00:01Z,-811.0,484.02
47601,STARLINK-2006,2024-11-27T22:00:01Z,2024-11-28T06:00:01Z,-779.1,484.02
47601,STARLINK-2006,2024-11-28T06:00:01Z,2024-11-28T14:00:01Z,-795.7,484.02
47601,STARLINK-2006,2024-11-28T14:00:01Z,2024-11-28T22:00:01Z,-660.0,484.02
47601,STARLINK-2006,2024-11-28T22:00:01Z,2024-11-29T06:00:01Z,-661.7,484.02
47601,STARLINK-2006,2024-11-29T06:00:01Z,2024-11-29T14:00:01Z,-785.9,484.02
47601,STARLINK-2006,2024-11-29T14:00:01Z,2024-11-29T22:00:01Z,-689.9,484.02
47601,STARLINK-2006,2024-11-29T22:00:01Z,2024-11-30T14:00:01Z,-1413.6,484.02
47602,STARLINK-2007,2024-11-26T12:00:01Z,2024-11-26T22:00:01Z,-102.1,475.29
47602,STARLINK-2007,2024-11-26T22:00:01Z,2024-11-27T12:00:02Z,-297.5,475.29
47602,STARLINK-2007,2024-11-27T22:00:01Z,2024-11-28T04:00:01Z,-149.2,475.29
47602,STARLINK-2007,2024-11-28T04:00:01Z,2024-11-28T12:00:01Z,-183.2,475.29
47602,STARLINK-2007,2024-11-28T14:00:01Z,2024-11-28T22:00:01Z,-120.5,475.29
47602,STARLINK-2007,2024-11-29T00:00:01Z,2024-11-29T14:09:07Z,-171.7,475.29
47602,STARLINK-2007,2024-11-29T14:09:07Z,2024-11-30T13:37:30Z,-428.3,475.29
47603,STARLINK-2008,2024-11-26T22:00:01Z,2024-11-27T06:00:01Z,-788.7,471.0
47603,STARLINK-2008,2024-11-27T06:00:01Z,2024-11-27T14:00:01Z,-740.5,471.0
47603,STARLINK-2008,2024-11-27T14:00:01Z,2024-11-27T22:00:01Z,-633.7,471.0
47603,STARLINK-2008,2024-11-27T22:00:01Z,2024-11-28T14:00:01Z,-1521.9,471.0
47603,STARLINK-2008,2024-11-28T14:00:01Z,2024-11-28T22:00:01Z,-621.0,471.0
47603,STARLINK-2008,2024-11-28T22:00:01Z,2024-11-29T06:00:01Z,-752.0,471.0
47603,STARLINK-2008,2024-11-29T06:00:01Z,2024-11-29T14:00:01Z,-765.0,471.0
47603,STARLINK-2008,2024-11-29T14:00:01Z,2024-11-29T22:00:01Z,-648.1,471.0
47603,STARLINK-2008,2024-11-29T22:00:01Z,2024-11-30T06:00:01Z,-722.3,471.0
47603,STARLINK-2008,2024-11-30T06:00:01Z,2024-11-30T14:00:01Z,-801.6,471.0
47604,STARLINK-2021,2024-11-29T04:05:20Z,2024-11-29T21:36:15Z,-103.5,554.31
47606,STARLINK-2024,2024-11-29T15:19:24Z,2024-11-30T04:03:42Z,-103.4,554.36
47607,STARLINK-2025,2024-11-26T06:00:02Z,2024-11-26T22:00:01Z,-2696.3,485.23
47607,STARLINK-2025,2024-11-26T22:00:01Z,2024-11-27T14:00:01Z,-2824.7,485.23
47607,STARLINK-2025,2024-11-27T14:00:01Z,2024-11-27T22:00:01Z,-1127.4,485.23
47607,STARLINK-2025,2024-11-27T22:00:01Z,2024-11-28T14:00:01Z,-2260.2,485.23
47607,STARLINK-2025,2024-11-28T14:00:01Z,2024-11-28T22:00:01Z,-1030.5,485.23
47607,STARLINK-2025,2024-11-28T22:00:01Z,2024-11-29T14:00:01Z,-2245.8,485.23
47607,STARLINK-2025,2024-11-29T14:00:01Z,2024-11-29T22:00:01Z,-1089.0,485.23
47607,STARLINK-2025,2024-11-29T22:00:01Z,2024-11-30T06:00:01Z,-1023.0,485.23
47607,STARLINK-2025,2024-11-30T06:00:01Z,2024-11-30T14:00:01Z,-1178.4,485.23
47620,STARLINK-1528,2024-11-26T22:00:01Z,2024-11-27T04:00:01Z,-1594.8,456.76
47620,STARLINK-1528,2024-11-27T04:00:01Z,2024-11-27T14:00:01Z,-2423.2,456.76
47620,STARLINK-1528,2024-11-27T14:00:01Z,2024-11-27T22:00:01Z,-2017.6,456.76
47620,STARLINK-1528,2024-11-27T22:00:01Z,2024-11-28T14:00:01Z,-4000.3,456.76
47620,STARLINK-1528,2024-11-28T14:00:01Z,2024-11-28T22:00:01Z,-1979.7,456.76
47620,STARLINK-1528,2024-11-28T22:00:01Z,2024-11-29T04:00:02Z,-1550.7,456.76
47620,STARLINK-1528,2024-11-29T04:00:02Z,2024-11-29T14:00:01Z,-2692.9,456.76
47620,STARLINK-1528,2024-11-29T14:00:01Z,2024-11-29T22:00:01Z,-2186.0,456.76
47620,STARLINK-1528,2024-11-29T22:00:01Z,2024-11-30T04:00:01Z,-1722.2,456.76
47620,STARLINK-1528,2024-11-30T04:00:01Z,2024-11-30T14:00:01Z,-2710.5,456.76
47621,STARLINK-1609,2024-11-26T12:10:26Z,2024-11-27T10:28:02Z,100.2,554.35
47621,STARLINK-1609,2024-11-29T05:27:36Z,2024-11-30T10:07:18Z,-166.3,554.35
47622,STARLINK-1645,2024-11-26T15:14:51Z,2024-11-27T11:56:53Z,244.6,554.27
47622,STARLINK-1645,2024-11-27T11:56:53Z,2024-11-28T10:14:27Z,-136.7,554.27
47622,STARLINK-1645,2024-11-28T10:14:27Z,2024-11-29T08:32:01Z,106.8,554.27
47623,STARLINK-1655,2024-11-26T09:10:39Z,2024-11-27T07:28:15Z,144.7,554.28
47623,STARLINK-1655,2024-11-27T07:28:15Z,2024-11-28T07:21:19Z,-117.5,554.28
47623,STARLINK-1655,2024-11-29T04:03:21Z,2024-11-29T21:34:16Z,-101.5,554.28
47625,STARLINK-1704,2024-11-26T15:25:28Z,2024-11-27T08:56:26Z,249.4,554.27
47625,STARLINK-1704,2024-11-27T08:56:26Z,2024-11-28T08:49:31Z,-157.2,554.27
47625,STARLINK-1704,2024-11-29T11:53:42Z,2024-11-30T10:11:14Z,-107.4,554.27
47626,STARLINK-1761,2024-11-26T11:54:32Z,2024-11-27T02:14:24Z,144.2,554.32
47626,STARLINK-1761,2024-11-29T08:22:45Z,2024-11-30T11:26:54Z,-124.1,554.32
47627,STARLINK-1972,2024-11-26T10:34:16Z,2024-11-26T12:09:48Z,112.4,554.36
47627,STARLINK-1972,2024-11-27T05:40:44Z,2024-11-27T13:38:26Z,101.4,554.36
47627,STARLINK-1972,2024-11-29T05:26:55Z,2024-11-29T19:46:47Z,160.5,554.36
47628,STARLINK-1973,2024-11-26T14:21:46Z,2024-11-27T11:03:49Z,197.9,554.33
47629,STARLINK-1974,2024-11-28T18:29:26Z,2024-11-29T00:51:35Z,-121.1,554.35
47629,STARLINK-1974,2024-11-29T00:51:35Z,2024-11-29T18:22:32Z,112.9,554.35
47632,STARLINK-1992,2024-11-28T12:31:48Z,2024-11-29T02:51:38Z,-166.9,554.34
47632,STARLINK-1992,2024-11-29T12:24:52Z,2024-11-29T20:22:35Z,128.0,554.34
47633,STARLINK-2009,2024-11-26T22:00:01Z,2024-11-27T12:00:02Z,-830.0,491.78
47633,STARLINK-2009,2024-11-27T12:00:02Z,2024-11-27T14:00:01Z,-141.9,491.78
47633,STARLINK-2009,2024-11-27T14:00:01Z,2024-11-27T22:00:01Z,-458.6,491.78
47633,STARLINK-2009,2024-11-27T22:00:01Z,2024-11-28T04:00:01Z,-452.3,491.78
47633,STARLINK-2009,2024-11-28T04:00:01Z,2024-11-28T14:00:01Z,-547.9,491.78
47633,STARLINK-2009,2024-11-28T14:00:01Z,2024-11-28T22:00:01Z,-430.6,491.78
47633,STARLINK-2009,2024-11-28T22:00:01Z,2024-11-29T04:00:02Z,-475.6,491.78
47633,STARLINK-2009,2024-11-29T04:00:02Z,2024-11-29T14:00:01Z,-564.8,491.78
47633,STARLINK-2009,2024-11-29T14:00:01Z,2024-11-29T22:00:01Z,-299.5,491.78
47633,STARLINK-2009,2024-11-29T22:00:01Z,2024-11-30T04:00:01Z,-381.4,491.78
47633,STARLINK-2009,2024-11-30T04:00:01Z,2024-11-30T14:00:01Z,-398.2,491.78
47634,STARLINK-2010,2024-11-29T09:05:13Z,2024-11-30T10:33:50Z,-150.4,554.32
47635,STARLINK-2012,2024-11-26T22:00:01Z,2024-11-27T12:00:02Z,-2539.5,469.16
47635,STARLINK-2012,2024-11-27T12:00:02Z,2024-11-27T14:00:01Z,-311.1,469.16
47635,STARLINK-2012,2024-11-27T14:00:01Z,2024-11-27T20:00:01Z,-1028.1,469.16
47635,STARLINK-2012,2024-11-27T20:00:01Z,2024-11-27T22:00:01Z,-405.4,469.16
47635,STARLINK-2012,2024-11-27T22:00:01Z,2024-11-28T14:00:01Z,-2809.6,469.16
47635,STARLINK-2012,2024-11-28T14:00:01Z,2024-11-28T22:00:01Z,-1469.0,469.16
47635,STARLINK-2012,2024-11-28T22:00:01Z,2024-11-29T14:00:01Z,-2784.0,469.16
47635,STARLINK-2012,2024-11-29T14:00:01Z,2024-11-29T20:00:01Z,-1071.2,469.16
47635,STARLINK-2012,2024-11-29T20:00:01Z,2024-11-29T22:00:01Z,-394.6,469.16
47635,STARLINK-2012,2024-11-29T22:00:01Z,2024-11-30T12:00:01Z,-2495.6,469.16
47635,STARLINK-2012,2024-11-30T12:00:01Z,2024-11-30T14:00:01Z,-293.3,469.16
47636,STARLINK-2013,2024-11-26T22:00:01Z,2024-11-27T12:00:02Z,-1034.1,456.47
47636,STARLINK-2013,2024-11-27T12:00:02Z,2024-11-27T14:00:01Z,-224.6,456.47
47636,STARLINK-2013,2024-11-27T14:00:01Z,2024-11-27T20:00:01Z,-421.4,456.47
47636,STARLINK-2013,2024-11-27T20:00:01Z,2024-11-27T22:00:01Z,-105.1,456.47
47636,STARLINK-2013,2024-11-27T22:00:01Z,2024-11-28T14:00:01Z,-1284.3,456.47
47636,STARLINK-2013,2024-11-28T14:00:01Z,2024-11-28T20:00:01Z,-397.6,456.47
47636,STARLINK-2013,2024-11-28T20:00:01Z,2024-11-28T22:00:01Z,-126.2,456.47
47636,STARLINK-2013,2024-11-28T22:00:01Z,2024-11-29T14:00:01Z,-1264.6,456.47
47636,STARLINK-2013,2024-11-29T14:00:01Z,2024-11-29T20:00:01Z,-341.7,456.47
47636,STARLINK-2013,2024-11-29T20:00:01Z,2024-11-29T22:00:01Z,-130.0,456.47
47636,STARLINK-2013,2024-11-29T22:00:01Z,2024-11-30T12:00:01Z,-1065.1,456.47
47636,STARLINK-2013,2024-11-30T12:00:01Z,2024-11-30T14:00:01Z,-212.1,456.47
47637,STARLINK-2014,2024-11-26T22:00:01Z,2024-11-27T04:00:01Z,-737.8,455.29
47637,STARLINK-2014,2024-11-27T04:00:01Z,2024-11-27T14:00:01Z,-993.0,455.29
47637,STARLINK-2014,2024-11-27T14:00:01Z,2024-11-27T22:00:01Z,-785.9,455.29
47637,STARLINK-2014,2024-11-27T22:00:01Z,2024-11-28T04:00:01Z,-726.9,455.29
47637,STARLINK-2014,2024-11-28T04:00:01Z,2024-11-28T14:00:01Z,-1001.0,455.29
47637,STARLINK-2014,2024-11-28T14:00:01Z,2024-11-28T20:00:01Z,-571.7,455.29
47637,STARLINK-2014,2024-11-28T20:00:01Z,2024-11-28T22:00:01Z,-197.0,455.29
47637,STARLINK-2014,2024-11-28T22:00:01Z,2024-11-29T14:00:01Z,-1746.0,455.29
47637,STARLINK-2014,2024-11-29T14:00:01Z,2024-11-29T22:00:01Z,-739.2,455.29
47637,STARLINK-2014,2024-11-29T22:00:01Z,2024-11-30T12:00:01Z,-1343.8,455.29
47637,STARLINK-2014,2024-11-30T12:00:01Z,2024-11-30T14:00:01Z,-272.7,455.29
47638,STARLINK-2015,2024-11-27T13:01:16Z,2024-11-27T20:58:59Z,236.0,554.34
47639,STARLINK-2016,2024-11-26T12:00:01Z,2024-11-26T22:00:01Z,-1667.5,471.85
47639,STARLINK-2016,2024-11-26T22:00:01Z,2024-11-27T12:00:02Z,-2324.7,471.85
47639,STARLINK-2016,2024-11-27T12:00:02Z,2024-11-27T14:00:01Z,-397.4,471.85
47639,STARLINK-2016,2024-11-27T14:00:01Z,2024-11-27T20:00:01Z,-978.0,471.85
47639,STARLINK-2016,2024-11-27T20:00:01Z,2024-11-27T22:00:01Z,-276.2,471.85
47639,STARLINK-2016,2024-11-27T22:00:01Z,2024-11-28T14:00:01Z,-2727.6,471.85
47639,STARLINK-2016,2024-11-28T14:00:01Z,2024-11-28T20:00:01Z,-945.4,471.85
47639,STARLINK-2016,2024-11-28T20:00:01Z,2024-11-28T22:00:01Z,-315.9,471.85
47639,STARLINK-2016,2024-11-28T22:00:01Z,2024-11-29T14:00:01Z,-2862.3,471.85
47640,STARLINK-2018,2024-11-26T22:00:01Z,2024-11-27T12:00:02Z,-1844.1,467.54
47640,STARLINK-2018,2024-11-27T12:00:02Z,2024-11-27T14:00:01Z,-278.8,467.54
47640,STARLINK-2018,2024-11-27T14:00:01Z,2024-11-27T22:00:01Z,-1064.4,467.54
47640,STARLINK-2018,2024-11-27T22:00:01Z,2024-11-28T04:00:01Z,-868.4,467.54
47640,STARLINK-2018,2024-11-28T04:00:01Z,2024-11-28T14:00:01Z,-1533.5,467.54
47640,STARLINK-2018,2024-11-28T14:00:01Z,2024-11-28T20:00:01Z,-529.7,467.54
47640,STARLINK-2018,2024-11-28T22:00:01Z,2024-11-29T14:00:01Z,266.6,467.54
47640,STARLINK-2018,2024-11-29T14:00:01Z,2024-11-29T20:00:01Z,-334.8,467.54
47640,STARLINK-2018,2024-11-29T20:00:01Z,2024-11-29T22:00:01Z,-285.4,467.54
47640,STARLINK-2018,2024-11-29T22:00:01Z,2024-11-30T14:00:01Z,-2551.7,467.54
47641,STARLINK-2019,2024-11-28T12:33:10Z,2024-11-29T02:52:59Z,-234.6,554.32
47641,STARLINK-2019,2024-11-29T02:52:59Z,2024-11-29T12:26:14Z,140.8,554.32
47641,STARLINK-2019,2024-11-29T12:26:14Z,2024-11-30T05:57:11Z,151.9,554.32
47642,STARLINK-2020,2024-11-26T22:00:01Z,2024-11-27T04:00:01Z,-1778.1,441.37
47642,STARLINK-2020,2024-11-27T04:00:01Z,2024-11-27T14:00:01Z,-2732.6,441.37
47642,STARLINK-2020,2024-11-27T14:00:01Z,2024-11-27T22:00:01Z,-2217.8,441.37
47642,STARLINK-2020,2024-11-27T22:00:01Z,2024-11-28T04:00:01Z,-1765.4,441.37
47642,STARLINK-2020,2024-11-28T04:00:01Z,2024-11-28T14:00:01Z,-2728.5,441.37
47642,STARLINK-2020,2024-11-28T14:00:01Z,2024-11-28T22:00:01Z,-2225.1,441.37
47642,STARLINK-2020,2024-11-28T22:00:01Z,2024-11-29T04:00:02Z,-1730.9,441.37
47642,STARLINK-2020,2024-11-29T04:00:02Z,2024-11-29T14:00:01Z,-2747.8,441.37
47642,STARLINK-2020,2024-11-29T14:00:01Z,2024-11-29T22:00:01Z,-2191.6,441.37
47642,STARLINK-2020,2024-11-29T22:00:01Z,2024-11-30T04:00:01Z,-1768.7,441.37
47642,STARLINK-2020,2024-11-30T04:00:01Z,2024-11-30T14:00:01Z,-2747.8,441.37
47643,STARLINK-2022,2024-11-26T13:00:52Z,2024-11-27T00:09:40Z,132.8,554.31
47643,STARLINK-2022,2024-11-29T11:04:38Z,2024-11-30T09:22:11Z,-124.4,554.31
47645,STARLINK-2027,2024-11-26T12:00:01Z,2024-11-26T22:00:01Z,-1830.8,391.02
47645,STARLINK-2027,2024-11-26T22:00:01Z,2024-11-27T06:00:01Z,-1528.8,391.02
47645,STARLINK-2027,2024-11-27T06:00:01Z,2024-11-27T14:00:01Z,-1470.1,391.02
47645,STARLINK-2027,2024-11-27T14:00:01Z,2024-11-27T22:00:01Z,-1446.1,391.02
47645,STARLINK-2027,2024-11-27T22:00:01Z,2024-11-28T14:00:01Z,-2706.3,391.02
47645,STARLINK-2027,2024-11-28T14:00:01Z,2024-11-28T22:00:01Z,-1181.7,391.02
47645,STARLINK-2027,2024-11-28T22:00:01Z,2024-11-29T04:00:02Z,-1072.8,391.02
47645,STARLINK-2027,2024-11-29T04:00:02Z,2024-11-29T14:00:01Z,-1640.6,391.02
47645,STARLINK-2027,2024-11-29T14:00:01Z,2024-11-29T20:00:01Z,-854.7,391.02
47645,STARLINK-2027,2024-11-29T20:00:01Z,2024-11-29T22:00:01Z,-359.4,391.02
47645,STARLINK-2027,2024-11-29T22:00:01Z,2024-11-30T12:00:01Z,-2307.1,391.02
47645,STARLINK-2027,2024-11-30T12:00:01Z,2024-11-30T14:00:01Z,-358.8,391.02
47646,STARLINK-2028,2024-11-26T22:00:01Z,2024-11-27T06:00:01Z,-2254.7,445.23
47646,STARLINK-2028,2024-11-27T06:00:01Z,2024-11-27T14:00:01Z,-2294.3,445.23
47646,STARLINK-2028,2024-11-27T14:00:01Z,2024-11-27T22:00:01Z,-2199.8,445.23
47646,STARLINK-2028,2024-11-27T22:00:01Z,2024-11-28T04:00:01Z,-1686.2,445.23
47646,STARLINK-2028,2024-11-28T04:00:01Z,2024-11-28T14:00:01Z,-2824.4,445.23
47646,STARLINK-2028,2024-11-28T14:00:01Z,2024-11-28T22:00:01Z,-2227.1,445.23
47646,STARLINK-2028,2024-11-28T22:00:01Z,2024-11-29T04:00:02Z,-1668.7,445.23
47646,STARLINK-2028,2024-11-29T04:00:02Z,2024-11-29T14:00:01Z,-2799.1,445.23
47646,STARLINK-2028,2024-11-29T14:00:01Z,2024-11-29T22:00:01Z,-2187.0,445.23
47646,STARLINK-2028,2024-11-29T22:00:01Z,2024-11-30T04:00:01Z,-1655.7,445.23
47646,STARLINK-2028,2024-11-30T04:00:01Z,2024-11-30T14:00:01Z,-2838.1,445.23
47647,STARLINK-2030,2024-11-26T15:10:54Z,2024-11-27T15:04:01Z,180.5,554.27
47647,STARLINK-2030,2024-11-29T18:01:18Z,2024-11-30T09:56:40Z,-111.5,554.27
47648,STARLINK-2031,2024-11-26T13:22:05Z,2024-11-27T02:06:25Z,211.0,554.33
47648,STARLINK-2031,2024-11-27T18:01:51Z,2024-11-28T09:57:14Z,-101.1,554.33
47650,STARLINK-2033,2024-11-26T13:06:11Z,2024-11-27T00:14:58Z,164.6,554.27
47650,STARLINK-2033,2024-11-27T08:12:40Z,2024-11-28T09:41:18Z,-124.7,554.27
47650,STARLINK-2033,2024-11-28T09:41:18Z,2024-11-28T17:38:59Z,-101.9,554.27
47650,STARLINK-2033,2024-11-28T17:38:59Z,2024-11-29T07:58:51Z,203.0,554.27
47650,STARLINK-2033,2024-11-29T07:58:51Z,2024-11-30T12:38:33Z,-133.2,554.27
47651,STARLINK-2035,2024-11-26T15:37:27Z,2024-11-27T10:43:57Z,236.3,554.35
47651,STARLINK-2035,2024-11-27T10:43:57Z,2024-11-28T09:01:30Z,-170.5,554.35
47651,STARLINK-2035,2024-11-28T09:01:30Z,2024-11-29T02:32:27Z,103.9,554.35
47651,STARLINK-2035,2024-11-29T18:27:50Z,2024-11-30T10:23:13Z,-134.4,554.35
47652,STARLINK-2036,2024-11-26T14:32:23Z,2024-11-26T22:30:06Z,110.1,554.34
47652,STARLINK-2036,2024-11-27T11:14:26Z,2024-11-28T11:07:31Z,-107.2,554.34
47652,STARLINK-2036,2024-11-29T01:27:23Z,2024-11-30T09:18:09Z,-150.3,554.34
47653,STARLINK-2037,2024-11-26T22:00:01Z,2024-11-27T06:00:01Z,-1483.5,469.61
47653,STARLINK-2037,2024-11-27T06:00:01Z,2024-11-27T14:00:01Z,-1394.5,469.61
47653,STARLINK-2037,2024-11-27T14:00:01Z,2024-11-27T22:00:01Z,-1345.5,469.61
47653,STARLINK-2037,2024-11-27T22:00:01Z,2024-11-28T04:00:01Z,-1159.1,469.61
47653,STARLINK-2037,2024-11-28T04:00:01Z,2024-11-28T14:00:01Z,-2031.1,469.61
47653,STARLINK-2037,2024-11-28T14:00:01Z,2024-11-28T20:00:01Z,-759.0,469.61
47653,STARLINK-2037,2024-11-29T22:00:01Z,2024-11-30T12:00:01Z,-161.7,469.61
47653,STARLINK-2037,2024-11-30T12:00:01Z,2024-11-30T14:00:01Z,-235.7,469.61
47654,STARLINK-2038,2024-11-26T22:00:01Z,2024-11-27T06:00:01Z,-586.6,492.96
47654,STARLINK-2038,2024-11-27T06:00:01Z,2024-11-27T14:00:01Z,-398.3,492.96
47654,STARLINK-2038,2024-11-27T14:00:01Z,2024-11-27T20:00:01Z,-460.5,492.96
47654,STARLINK-2038,2024-11-27T22:00:01Z,2024-11-28T14:00:01Z,-1001.6,492.96
47654,STARLINK-2038,2024-11-28T14:00:01Z,2024-11-28T22:00:01Z,-502.6,492.96
47654,STARLINK-2038,2024-11-28T22:00:01Z,2024-11-29T04:00:02Z,-379.5,492.96
47654,STARLINK-2038,2024-11-29T04:00:02Z,2024-11-29T14:00:01Z,-690.8,492.96
47654,STARLINK-2038,2024-11-29T14:00:01Z,2024-11-29T20:00:01Z,-404.9,492.96
47654,STARLINK-2038,2024-11-29T22:00:01Z,2024-11-30T14:00:01Z,-1101.3,492.96
47655,STARLINK-2039,2024-11-26T14:28:27Z,2024-11-27T03:12:47Z,114.1,554.28
47655,STARLINK-2039,2024-11-27T11:10:29Z,2024-11-28T03:05:53Z,-111.4,554.28
47655,STARLINK-2039,2024-11-28T03:05:53Z,2024-11-28T09:28:00Z,-363.7,554.28
47655,STARLINK-2039,2024-11-28T09:28:00Z,2024-11-29T22:05:26Z,354.0,554.28
47656,STARLINK-2040,2024-11-26T13:16:48Z,2024-11-27T02:01:08Z,122.7,554.3
47657,STARLINK-2041,2024-11-26T13:24:45Z,2024-11-27T11:42:21Z,217.8,554.28
47657,STARLINK-2041,2024-11-27T13:17:54Z,2024-11-28T08:24:22Z,-106.6,554.28
47658,STARLINK-2042,2024-11-26T22:00:01Z,2024-11-27T06:00:01Z,-747.3,467.56
47658,STARLINK-2042,2024-11-27T06:00:01Z,2024-11-27T14:00:01Z,-709.6,467.56
47658,STARLINK-2042,2024-11-27T14:00:01Z,2024-11-27T22:00:01Z,-766.1,467.56
47658,STARLINK-2042,2024-11-27T22:00:01Z,2024-11-28T04:00:01Z,-647.5,467.56
47658,STARLINK-2042,2024-11-28T04:00:01Z,2024-11-28T14:00:01Z,-909.3,467.56
47658,STARLINK-2042,2024-11-28T14:00:01Z,2024-11-28T22:00:01Z,-753.0,467.56
47658,STARLINK-2042,2024-11-28T22:00:01Z,2024-11-29T04:00:02Z,-662.5,467.56
47658,STARLINK-2042,2024-11-29T04:00:02Z,2024-11-29T14:00:01Z,-905.8,467.56
47658,STARLINK-2042,2024-11-29T14:00:01Z,2024-11-29T22:00:01Z,-741.2,467.56
47658,STARLINK-2042,2024-11-29T22:00:01Z,2024-11-30T04:00:01Z,-669.8,467.56
47658,STARLINK-2042,2024-11-30T04:00:01Z,2024-11-30T14:00:01Z,-903.7,467.56
47659,STARLINK-2043,2024-11-28T18:24:08Z,2024-11-29T00:46:17Z,-104.2,554.33
47659,STARLINK-2043,2024-11-29T00:46:17Z,2024-11-29T18:17:13Z,119.4,554.33
47660,STARLINK-2044,2024-11-26T12:00:01Z,2024-11-26T22:00:01Z,-781.5,503.15
47660,STARLINK-2044,2024-11-26T22:00:01Z,2024-11-27T06:00:01Z,-768.7,503.15
47660,STARLINK-2044,2024-11-27T06:00:01Z,2024-11-27T14:00:01Z,-885.2,503.15
47660,STARLINK-2044,2024-11-27T14:00:01Z,2024-11-27T20:00:01Z,-808.4,503.15
47660,STARLINK-2044,2024-11-27T20:00:01Z,2024-11-27T22:00:01Z,-235.2,503.15
47660,STARLINK-2044,2024-11-27T22:00:01Z,2024-11-28T14:00:01Z,-1770.7,503.15
47660,STARLINK-2044,2024-11-28T14:00:01Z,2024-11-28T20:00:01Z,-789.2,503.15
47660,STARLINK-2044,2024-11-28T20:00:01Z,2024-11-28T22:00:01Z,-218.9,503.15
47660,STARLINK-2044,2024-11-28T22:00:01Z,2024-11-29T14:00:01Z,-1771.2,503.15
47660,STARLINK-2044,2024-11-29T14:00:01Z,2024-11-29T22:00:01Z,-1004.1,503.15
47660,STARLINK-2044,2024-11-29T22:00:01Z,2024-11-30T04:00:01Z,-630.4,503.15
47660,STARLINK-2044,2024-11-30T04:00:01Z,2024-11-30T14:00:01Z,-1134.5,503.15
47661,STARLINK-2051,2024-11-26T12:00:01Z,2024-11-26T22:00:01Z,-1625.3,493.89
47661,STARLINK-2051,2024-11-26T22:00:01Z,2024-11-27T12:00:02Z,-2215.8,493.89
47661,STARLINK-2051,2024-11-27T12:00:02Z,2024-11-27T14:00:01Z,-388.1,493.89
47661,STARLINK-2051,2024-11-27T14:00:01Z,2024-11-27T20:00:01Z,-925.3,493.89
47661,STARLINK-2051,2024-11-27T20:00:01Z,2024-11-27T22:00:01Z,-282.0,493.89
47661,STARLINK-2051,2024-11-27T22:00:01Z,2024-11-28T14:00:01Z,-2614.9,493.89
47661,STARLINK-2051,2024-11-28T14:00:01Z,2024-11-28T20:00:01Z,-904.4,493.89
47661,STARLINK-2051,2024-11-28T20:00:01Z,2024-11-28T22:00:01Z,-301.0,493.89
47661,STARLINK-2051,2024-11-28T22:00:01Z,2024-11-29T14:00:01Z,-2620.8,493.89
47661,STARLINK-2051,2024-11-29T14:00:01Z,2024-11-29T22:00:01Z,-1192.3,493.89
47661,STARLINK-2051,2024-11-29T22:00:01Z,2024-11-30T14:00:01Z,-2595.1,493.89
47662,STARLINK-2052,2024-11-26T13:31:21Z,2024-11-27T10:13:18Z,-101.2,553.89
47662,STARLINK-2052,2024-11-27T10:13:18Z,2024-11-28T10:06:18Z,-136.1,553.89
47662,STARLINK-2052,2024-11-28T10:06:18Z,2024-11-29T06:48:11Z,-135.9,553.89
47662,STARLINK-2052,2024-11-29T17:56:52Z,2024-11-30T09:52:08Z,-121.9,553.89
47663,STARLINK-2053,2024-11-26T06:14:24Z,2024-11-28T02:19:22Z,-205.7,501.83
47663,STARLINK-2053,2024-11-28T02:19:22Z,2024-11-28T19:38:21Z,-241.9,501.83
47663,STARLINK-2053,2024-11-28T19:38:21Z,2024-11-29T01:56:09Z,-178.4,501.83
47663,STARLINK-2053,2024-11-29T01:56:09Z,2024-11-29T12:57:15Z,-191.8,501.83
47663,STARLINK-2053,2024-11-29T12:57:15Z,2024-11-29T22:23:55Z,-131.2,501.83
47664,STARLINK-2054,2024-11-26T22:00:01Z,2024-11-27T06:00:01Z,-1640.9,486.81
47664,STARLINK-2054,2024-11-27T06:00:01Z,2024-11-27T14:00:01Z,-1494.1,486.81
47664,STARLINK-2054,2024-11-27T14:00:01Z,2024-11-27T20:00:01Z,-1129.7,486.81
47664,STARLINK-2054,2024-11-27T20:00:01Z,2024-11-27T22:00:01Z,-320.0,486.81
47664,STARLINK-2054,2024-11-27T22:00:01Z,2024-11-28T14:00:01Z,-3333.3,486.81
47664,STARLINK-2054,2024-11-28T14:00:01Z,2024-11-28T22:00:01Z,-1545.5,486.81
47664,STARLINK-2054,2024-11-28T22:00:01Z,2024-11-29T04:00:02Z,-1344.7,486.81
47664,STARLINK-2054,2024-11-29T04:00:02Z,2024-11-29T14:00:01Z,-2004.2,486.81
47664,STARLINK-2054,2024-11-29T14:00:01Z,2024-11-29T20:00:01Z,-1136.6,486.81
47664,STARLINK-2054,2024-11-29T20:00:01Z,2024-11-29T22:00:01Z,-396.4,486.81
47664,STARLINK-2054,2024-11-29T22:00:01Z,2024-11-30T12:00:01Z,-2875.2,486.81
47664,STARLINK-2054,2024-11-30T12:00:01Z,2024-11-30T14:00:01Z,-478.3,486.81
47665,STARLINK-2056,2024-11-26T12:00:01Z,2024-11-26T22:00:01Z,-925.2,461.07
47665,STARLINK-2056,2024-11-26T22:00:01Z,2024-11-27T12:00:02Z,-1323.1,461.07
47665,STARLINK-2056,2024-11-27T12:00:02Z,2024-11-27T14:00:01Z,-262.5,461.07
47665,STARLINK-2056,2024-11-27T14:00:01Z,2024-11-27T22:00:01Z,-657.5,461.07
47665,STARLINK-2056,2024-11-27T22:00:01Z,2024-11-28T04:00:01Z,-670.2,461.07
47665,STARLINK-2056,2024-11-28T04:00:01Z,2024-11-28T14:00:01Z,-921.7,461.07
47665,STARLINK-2056,2024-11-28T14:00:01Z,2024-11-28T20:00:01Z,-473.0,461.07
47665,STARLINK-2056,2024-11-28T20:00:01Z,2024-11-28T22:00:01Z,-185.6,461.07
47665,STARLINK-2056,2024-11-28T22:00:01Z,2024-11-29T14:00:01Z,-1495.2,461.07
47665,STARLINK-2056,2024-11-29T14:00:01Z,2024-11-29T22:00:01Z,-593.9,461.07
47665,STARLINK-2056,2024-11-29T22:00:01Z,2024-11-30T04:00:01Z,-592.9,461.07
47665,STARLINK-2056,2024-11-30T04:00:01Z,2024-11-30T14:00:01Z,-862.5,461.07
47666,STARLINK-2057,2024-11-26T12:00:01Z,2024-11-26T22:00:01Z,-1086.5,335.2
47666,STARLINK-2057,2024-11-26T22:00:01Z,2024-11-27T12:00:02Z,-1973.0,335.2
47666,STARLINK-2057,2024-11-27T12:00:02Z,2024-11-27T14:00:01Z,-324.7,335.2
47666,STARLINK-2057,2024-11-27T14:00:01Z,2024-11-27T22:00:01Z,-1040.3,335.2
47666,STARLINK-2057,2024-11-27T22:00:01Z,2024-11-28T04:00:01Z,-939.9,335.2
47666,STARLINK-2057,2024-11-28T04:00:01Z,2024-11-28T14:00:01Z,-1442.0,335.2
47666,STARLINK-2057,2024-11-28T14:00:01Z,2024-11-28T20:00:01Z,-757.8,335.2
47666,STARLINK-2057,2024-11-28T20:00:01Z,2024-11-28T22:00:01Z,-298.1,335.2
47666,STARLINK-2057,2024-11-28T22:00:01Z,2024-11-29T14:00:01Z,-2377.8,335.2
47666,STARLINK-2057,2024-11-29T14:00:01Z,2024-11-29T22:00:01Z,-1055.5,335.2
47666,STARLINK-2057,2024-11-29T22:00:01Z,2024-11-30T04:00:01Z,-869.0,335.2
47666,STARLINK-2057,2024-11-30T04:00:01Z,2024-11-30T14:00:01Z,-1427.5,335.2
47667,STARLINK-2058,2024-11-26T14:17:50Z,2024-11-27T03:02:10Z,184.0,554.32
47667,STARLINK-2058,2024-11-27T10:59:52Z,2024-11-28T10:52:57Z,-145.6,554.32
47668,STARLINK-2059,2024-11-26T12:00:01Z,2024-11-26T22:00:01Z,-2582.7,508.27
47668,STARLINK-2059,2024-11-26T22:00:01Z,2024-11-27T12:00:02Z,-3558.6,508.27
47668,STARLINK-2059,2024-11-27T12:00:02Z,2024-11-27T14:00:01Z,-588.3,508.27
47668,STARLINK-2059,2024-11-27T14:00:01Z,2024-11-27T22:00:01Z,-2128.4,508.27
47668,STARLINK-2059,2024-11-27T22:00:01Z,2024-11-28T04:00:01Z,-1795.1,508.27
47668,STARLINK-2059,2024-11-28T04:00:01Z,2024-11-28T14:00:01Z,-2779.3,508.27
47668,STARLINK-2059,2024-11-28T14:00:01Z,2024-11-28T22:00:01Z,-2133.0,508.27
47668,STARLINK-2059,2024-11-28T22:00:01Z,2024-11-29T04:00:02Z,-1788.6,508.27
47668,STARLINK-2059,2024-11-29T04:00:02Z,2024-11-29T14:00:01Z,-2784.3,508.27
47668,STARLINK-2059,2024-11-29T14:00:01Z,2024-11-29T22:00:01Z,-2152.1,508.27
47668,STARLINK-2059,2024-11-29T22:00:01Z,2024-11-30T12:00:01Z,-3934.0,508.27
47668,STARLINK-2059,2024-11-30T12:00:01Z,2024-11-30T14:00:01Z,-613.5,508.27
47670,STARLINK-2062,2024-11-26T12:00:01Z,2024-11-26T22:00:01Z,-741.8,490.61
47670,STARLINK-2062,2024-11-26T22:00:01Z,2024-11-27T14:00:01Z,-1234.6,490.61
47670,STARLINK-2062,2024-11-27T14:00:01Z,2024-11-27T22:00:01Z,-535.6,490.61
47670,STARLINK-2062,2024-11-27T22:00:01Z,2024-11-28T14:00:01Z,-1230.2,490.61
47670,STARLINK-2062,2024-11-28T14:00:01Z,2024-11-28T20:00:01Z,-385.2,490.61
47670,STARLINK-2062,2024-11-28T20:00:01Z,2024-11-28T22:00:01Z,-141.0,490.61
47670,STARLINK-2062,2024-11-28T22:00:01Z,2024-11-29T14:00:01Z,-1240.9,490.61
47670,STARLINK-2062,2024-11-29T14:00:01Z,2024-11-29T22:00:01Z,-472.5,490.61
47670,STARLINK-2062,2024-11-29T22:00:01Z,2024-11-30T12:00:01Z,-983.5,490.61
47670,STARLINK-2062,2024-11-30T12:00:01Z,2024-11-30T14:00:01Z,-198.4,490.61
47671,STARLINK-2064,2024-11-26T22:00:01Z,2024-11-27T06:00:01Z,-1587.7,488.01
47671,STARLINK-2064,2024-11-27T06:00:01Z,2024-11-27T14:00:01Z,-1442.0,488.01
47671,STARLINK-2064,2024-11-27T14:00:01Z,2024-11-27T20:00:01Z,-1094.3,488.01
47671,STARLINK-2064,2024-11-27T20:00:01Z,2024-11-27T22:00:01Z,-324.0,488.01
47671,STARLINK-2064,2024-11-27T22:00:01Z,2024-11-28T14:00:01Z,-3280.6,488.01
47671,STARLINK-2064,2024-11-28T14:00:01Z,2024-11-28T22:00:01Z,-1514.2,488.01
47671,STARLINK-2064,2024-11-28T22:00:01Z,2024-11-29T04:00:02Z,-1321.1,488.01
47671,STARLINK-2064,2024-11-29T04:00:02Z,2024-11-29T14:00:01Z,-1971.1,488.01
47671,STARLINK-2064,2024-11-29T14:00:01Z,2024-11-29T20:00:01Z,-1111.6,488.01
47671,STARLINK-2064,2024-11-29T20:00:01Z,2024-11-29T22:00:01Z,-389.4,488.01
47671,STARLINK-2064,2024-11-29T22:00:01Z,2024-11-30T12:00:01Z,-3186.6,488.01
47671,STARLINK-2064,2024-11-30T12:00:01Z,2024-11-30T14:00:01Z,-530.0,488.01
47673,STARLINK-2066,2024-11-26T12:00:01Z,2024-11-26T22:00:01Z,-1129.0,448.78
47673,STARLINK-2066,2024-11-26T22:00:01Z,2024-11-27T14:00:01Z,-1988.2,448.78
47673,STARLINK-2066,2024-11-27T14:00:01Z,2024-11-27T22:00:01Z,-896.9,448.78
47673,STARLINK-2066,2024-11-27T22:00:01Z,2024-11-28T14:00:01Z,-2005.5,448.78
47673,STARLINK-2066,2024-11-28T14:00:01Z,2024-11-28T20:00:01Z,-662.7,448.78
47673,STARLINK-2066,2024-11-28T20:00:01Z,2024-11-28T22:00:01Z,-235.7,448.78
47673,STARLINK-2066,2024-11-28T22:00:01Z,2024-11-29T14:00:01Z,-2013.8,448.78
47673,STARLINK-2066,2024-11-29T14:00:01Z,2024-11-29T22:00:01Z,-882.9,448.78
47673,STARLINK-2066,2024-11-29T22:00:01Z,2024-11-30T14:00:01Z,-2000.3,448.78
47674,STARLINK-2067,2024-11-26T12:00:01Z,2024-11-26T22:00:01Z,-1543.6,444.46
47674,STARLINK-2067,2024-11-26T22:00:01Z,2024-11-27T14:00:01Z,-2544.4,444.46
47674,STARLINK-2067,2024-11-27T14:00:01Z,2024-11-27T22:00:01Z,-1165.9,444.46
47674,STARLINK-2067,2024-11-27T22:00:01Z,2024-11-28T14:00:01Z,-2616.2,444.46
47674,STARLINK-2067,2024-11-28T14:00:01Z,2024-11-28T20:00:01Z,-902.7,444.46
47674,STARLINK-2067,2024-11-28T20:00:01Z,2024-11-28T22:00:01Z,-314.2,444.46
47674,STARLINK-2067,2024-11-28T22:00:01Z,2024-11-29T14:00:01Z,-2628.1,444.46
47674,STARLINK-2067,2024-11-29T14:00:01Z,2024-11-29T22:00:01Z,-1213.8,444.46
47674,STARLINK-2067,2024-11-29T22:00:01Z,2024-11-30T14:00:01Z,-2639.2,444.46
47675,STARLINK-2078,2024-11-26T22:00:01Z,2024-11-27T14:00:01Z,-1359.5,499.08
47675,STARLINK-2078,2024-11-27T14:00:01Z,2024-11-27T20:00:01Z,-527.1,499.08
47675,STARLINK-2078,2024-11-27T20:00:01Z,2024-11-27T22:00:01Z,-127.4,499.08
47675,STARLINK-2078,2024-11-27T22:00:01Z,2024-11-28T14:00:01Z,-1514.9,499.08
47675,STARLINK-2078,2024-11-28T14:00:01Z,2024-11-28T22:00:01Z,-641.4,499.08
47675,STARLINK-2078,2024-11-28T22:00:01Z,2024-11-29T04:00:02Z,-658.0,499.08
47675,STARLINK-2078,2024-11-29T04:00:02Z,2024-11-29T14:00:01Z,-866.4,499.08
47675,STARLINK-2078,2024-11-29T14:00:01Z,2024-11-29T20:00:01Z,-472.7,499.08
47675,STARLINK-2078,2024-11-29T20:00:01Z,2024-11-29T22:00:01Z,-170.2,499.08
47675,STARLINK-2078,2024-11-29T22:00:01Z,2024-11-30T12:00:01Z,-1277.0,499.08
47675,STARLINK-2078,2024-11-30T12:00:01Z,2024-11-30T14:00:01Z,-255.1,499.08
47676,STARLINK-2083,2024-11-27T02:58:10Z,2024-11-27T10:55:53Z,140.5,554.37
47677,STARLINK-2090,2024-11-26T22:00:01Z,2024-11-27T14:00:01Z,-1680.3,455.26
47677,STARLINK-2090,2024-11-27T14:00:01Z,2024-11-27T20:00:01Z,-692.7,455.26
47677,STARLINK-2090,2024-11-27T20:00:01Z,2024-11-27T22:00:01Z,-142.8,455.26
47677,STARLINK-2090,2024-11-27T22:00:01Z,2024-11-28T14:00:01Z,-1703.0,455.26
47677,STARLINK-2090,2024-11-28T14:00:01Z,2024-11-28T20:00:01Z,-664.8,455.26
47677,STARLINK-2090,2024-11-28T20:00:01Z,2024-11-28T22:00:01Z,-158.7,455.26
47677,STARLINK-2090,2024-11-28T22:00:01Z,2024-11-29T14:00:01Z,-1721.1,455.26
47677,STARLINK-2090,2024-11-29T14:00:01Z,2024-11-29T22:00:01Z,-779.1,455.26
47677,STARLINK-2090,2024-11-29T22:00:01Z,2024-11-30T04:00:01Z,-730.9,455.26
47677,STARLINK-2090,2024-11-30T04:00:01Z,2024-11-30T14:00:01Z,-1130.1,455.26
47679,STARLINK-2095,2024-11-26T14:45:28Z,2024-11-27T09:49:18Z,-140.0,543.62
47679,STARLINK-2095,2024-11-27T09:49:18Z,2024-11-30T01:21:47Z,-485.2,543.62
47723,STARLINK-2107,2024-11-26T19:07:04Z,2024-11-27T14:13:36Z,234.9,554.34
47723,STARLINK-2107,2024-11-29T12:24:16Z,2024-11-30T12:17:20Z,-128.8,554.34
47724,STARLINK-2116,2024-11-26T15:13:34Z,2024-11-27T07:08:58Z,113.8,554.31
47724,STARLINK-2116,2024-11-27T16:42:13Z,2024-11-28T07:02:03Z,-103.6,554.31
47724,STARLINK-2116,2024-11-28T13:24:12Z,2024-11-29T18:03:56Z,180.8,554.31
47724,STARLINK-2116,2024-11-29T18:03:56Z,2024-11-30T13:10:23Z,-121.3,554.31
47725,STARLINK-2125,2024-11-26T14:00:01Z,2024-11-26T22:00:01Z,-2160.0,451.08
47725,STARLINK-2125,2024-11-26T22:00:01Z,2024-11-27T14:00:01Z,-4610.1,451.08
47725,STARLINK-2125,2024-11-27T14:00:01Z,2024-11-27T22:00:01Z,-2146.4,451.08
47725,STARLINK-2125,2024-11-27T22:00:01Z,2024-11-28T14:00:01Z,-4589.3,451.08
47725,STARLINK-2125,2024-11-28T14:00:01Z,2024-11-28T22:00:01Z,-2127.6,451.08
47725,STARLINK-2125,2024-11-28T22:00:01Z,2024-11-29T14:00:01Z,-4595.1,451.08
47725,STARLINK-2125,2024-11-29T14:00:01Z,2024-11-29T22:00:01Z,-2184.8,451.08
47725,STARLINK-2125,2024-11-29T22:00:01Z,2024-11-30T04:00:01Z,-1527.5,451.08
47725,STARLINK-2125,2024-11-30T04:00:01Z,2024-11-30T14:00:01Z,-2523.8,451.08
47726,STARLINK-2126,2024-11-26T06:00:02Z,2024-11-26T14:00:01Z,-413.5,353.26
47726,STARLINK-2126,2024-11-26T14:00:01Z,2024-11-26T22:00:01Z,-466.6,353.26
47726,STARLINK-2126,2024-11-26T22:00:01Z,2024-11-27T06:00:01Z,-371.3,353.26
47726,STARLINK-2126,2024-11-27T06:00:01Z,2024-11-27T14:00:01Z,-983.1,353.26
47726,STARLINK-2126,2024-11-27T14:00:01Z,2024-11-27T22:00:01Z,-534.4,353.26
47726,STARLINK-2126,2024-11-27T22:00:01Z,2024-11-28T14:00:01Z,-1315.6,353.26
47726,STARLINK-2126,2024-11-28T14:00:01Z,2024-11-28T22:00:01Z,-712.2,353.26
47726,STARLINK-2126,2024-11-28T22:00:01Z,2024-11-29T06:00:01Z,-644.2,353.26
47726,STARLINK-2126,2024-11-29T06:00:01Z,2024-11-29T14:00:01Z,-602.8,353.26
47726,STARLINK-2126,2024-11-29T14:00:01Z,2024-11-29T22:00:01Z,-880.9,353.26
47726,STARLINK-2126,2024-11-29T22:00:01Z,2024-11-30T06:00:01Z,-601.6,353.26
47726,STARLINK-2126,2024-11-30T06:00:01Z,2024-11-30T14:00:01Z,-703.6,353.26
47727,STARLINK-2129,2024-11-26T22:00:01Z,2024-11-27T14:00:01Z,-1430.5,430.63
47727,STARLINK-2129,2024-11-27T14:00:01Z,2024-11-27T22:00:01Z,-848.0,430.63
47727,STARLINK-2129,2024-11-27T22:00:01Z,2024-11-28T14:00:01Z,-1412.6,430.63
47727,STARLINK-2129,2024-11-28T14:00:01Z,2024-11-28T22:00:01Z,-830.0,430.63
47727,STARLINK-2129,2024-11-28T22:00:01Z,2024-11-29T04:00:02Z,-485.8,430.63
47727,STARLINK-2129,2024-11-29T04:00:02Z,2024-11-29T14:00:01Z,-939.7,430.63
47727,STARLINK-2129,2024-11-29T14:00:01Z,2024-11-29T22:00:01Z,-835.3,430.63
47727,STARLINK-2129,2024-11-29T22:00:01Z,2024-11-30T14:00:01Z,-1424.8,430.63
47728,STARLINK-2131,2024-11-26T23:01:57Z,2024-11-27T11:46:17Z,119.5,554.35
47732,STARLINK-2142,2024-11-27T13:23:54Z,2024-11-28T13:16:58Z,-135.2,554.34
47732,STARLINK-2142,2024-11-29T05:12:22Z,2024-11-30T11:27:35Z,-117.0,554.34
47735,STARLINK-2146,2024-11-26T17:54:47Z,2024-11-27T19:23:27Z,158.3,554.35
47735,STARLINK-2146,2024-11-27T20:58:59Z,2024-11-28T12:54:22Z,-116.0,554.35
47735,STARLINK-2146,2024-11-28T14:29:55Z,2024-11-29T12:47:29Z,121.9,554.35
47735,STARLINK-2146,2024-11-29T20:45:11Z,2024-11-30T12:40:34Z,-163.8,554.35
47740,STARLINK-2152,2024-11-26T06:00:02Z,2024-11-26T22:00:01Z,-4397.7,452.92
47740,STARLINK-2152,2024-11-26T22:00:01Z,2024-11-27T06:00:01Z,-2201.6,452.92
47740,STARLINK-2152,2024-11-27T06:00:01Z,2024-11-27T14:00:01Z,-176.8,452.92
47740,STARLINK-2152,2024-11-27T14:00:01Z,2024-11-27T22:00:01Z,207.1,452.92
47740,STARLINK-2152,2024-11-28T06:00:01Z,2024-11-28T14:00:01Z,-3095.1,452.92
47740,STARLINK-2152,2024-11-28T14:00:01Z,2024-11-28T22:00:01Z,-1927.8,452.92
47740,STARLINK-2152,2024-11-28T22:00:01Z,2024-11-29T04:00:02Z,-1804.1,452.92
47740,STARLINK-2152,2024-11-29T04:00:02Z,2024-11-29T14:00:01Z,-2819.7,452.92
47740,STARLINK-2152,2024-11-29T14:00:01Z,2024-11-29T22:00:01Z,-2130.3,452.92
47740,STARLINK-2152,2024-11-29T22:00:01Z,2024-11-30T14:00:01Z,-4556.4,452.92
47742,STARLINK-2156,2024-11-26T21:37:01Z,2024-11-27T19:54:37Z,114.6,554.34
47743,STARLINK-2157,2024-11-26T22:00:01Z,2024-11-27T12:00:02Z,-4014.7,449.15
47743,STARLINK-2157,2024-11-27T12:00:02Z,2024-11-27T14:00:01Z,-598.1,449.15
47743,STARLINK-2157,2024-11-27T14:00:01Z,2024-11-27T22:00:01Z,-2124.1,449.15
47743,STARLINK-2157,2024-11-27T22:00:01Z,2024-11-28T04:00:01Z,-1806.2,449.15
47743,STARLINK-2157,2024-11-28T04:00:01Z,2024-11-28T14:00:01Z,-2828.8,449.15
47743,STARLINK-2157,2024-11-28T14:00:01Z,2024-11-28T20:00:01Z,-1547.0,449.15
47743,STARLINK-2157,2024-11-28T20:00:01Z,2024-11-28T22:00:01Z,-561.8,449.15
47743,STARLINK-2157,2024-11-28T22:00:01Z,2024-11-29T04:00:02Z,-1795.6,449.15
47743,STARLINK-2157,2024-11-29T04:00:02Z,2024-11-29T14:00:01Z,-2809.8,449.15
47743,STARLINK-2157,2024-11-29T14:00:01Z,2024-11-29T20:00:01Z,-1539.9,449.15
47743,STARLINK-2157,2024-11-29T20:00:01Z,2024-11-29T22:00:01Z,-591.6,449.15
47743,STARLINK-2157,2024-11-29T22:00:01Z,2024-11-30T04:00:01Z,-1731.6,449.15
47743,STARLINK-2157,2024-11-30T04:00:01Z,2024-11-30T14:00:01Z,-2816.2,449.15
47754,STARLINK-2171,2024-11-28T21:48:27Z,2024-11-29T12:08:17Z,-151.9,554.35
47754,STARLINK-2171,2024-11-29T12:08:17Z,2024-11-29T20:06:02Z,184.2,554.35
47756,STARLINK-2174,2024-11-26T14:00:01Z,2024-11-26T22:00:01Z,-853.0,411.85
47756,STARLINK-2174,2024-11-26T22:00:01Z,2024-11-27T14:00:01Z,-2006.9,411.85
47756,STARLINK-2174,2024-11-27T14:00:01Z,2024-11-27T22:00:01Z,-823.6,411.85
47756,STARLINK-2174,2024-11-27T22:00:01Z,2024-11-28T14:00:01Z,-2028.8,411.85
47756,STARLINK-2174,2024-11-28T14:00:01Z,2024-11-28T22:00:01Z,-843.5,411.85
47756,STARLINK-2174,2024-11-28T22:00:01Z,2024-11-29T04:00:02Z,-759.7,411.85
47756,STARLINK-2174,2024-11-29T04:00:02Z,2024-11-29T22:00:01Z,-2083.8,411.85
47756,STARLINK-2174,2024-11-29T22:00:01Z,2024-11-30T04:00:01Z,-776.2,411.85
47756,STARLINK-2174,2024-11-30T04:00:01Z,2024-11-30T14:00:01Z,-1207.5,411.85
47757,STARLINK-2175,2024-11-26T22:00:01Z,2024-11-27T14:00:01Z,-3357.2,436.42
47757,STARLINK-2175,2024-11-27T14:00:01Z,2024-11-27T22:00:01Z,-1412.9,436.42
47757,STARLINK-2175,2024-11-27T22:00:01Z,2024-11-28T14:00:01Z,-3171.8,436.42
47757,STARLINK-2175,2024-11-28T14:00:01Z,2024-11-28T22:00:01Z,-1408.3,436.42
47757,STARLINK-2175,2024-11-28T22:00:01Z,2024-11-29T14:00:01Z,-3163.6,436.42
47757,STARLINK-2175,2024-11-29T14:00:01Z,2024-11-29T22:00:01Z,-1410.5,436.42
47757,STARLINK-2175,2024-11-29T22:00:01Z,2024-11-30T14:00:01Z,-3549.7,436.42
47760,STARLINK-2178,2024-11-27T22:15:16Z,2024-11-28T18:57:14Z,-139.7,554.35
47760,STARLINK-2178,2024-11-28T18:57:14Z,2024-11-28T22:08:20Z,106.8,554.35
47761,STARLINK-2179,2024-11-26T14:00:01Z,2024-11-26T22:00:01Z,-2167.2,457.68
47761,STARLINK-2179,2024-11-26T22:00:01Z,2024-11-27T14:00:01Z,-4602.0,457.68
47761,STARLINK-2179,2024-11-27T14:00:01Z,2024-11-27T22:00:01Z,-2158.6,457.68
47761,STARLINK-2179,2024-11-27T22:00:01Z,2024-11-28T14:00:01Z,-4623.2,457.68
47761,STARLINK-2179,2024-11-28T14:00:01Z,2024-11-28T22:00:01Z,-2087.7,457.68
47761,STARLINK-2179,2024-11-28T22:00:01Z,2024-11-29T04:00:02Z,-1702.8,457.68
47761,STARLINK-2179,2024-11-29T04:00:02Z,2024-11-29T14:00:01Z,-2719.9,457.68
47761,STARLINK-2179,2024-11-29T14:00:01Z,2024-11-29T22:00:01Z,-2030.4,457.68
47761,STARLINK-2179,2024-11-29T22:00:01Z,2024-11-30T04:00:01Z,-1708.1,457.68
47761,STARLINK-2179,2024-11-30T04:00:01Z,2024-11-30T14:00:01Z,-2713.1,457.68
47763,STARLINK-2181,2024-11-26T12:00:01Z,2024-11-26T22:00:01Z,-2645.8,410.85
47763,STARLINK-2181,2024-11-26T22:00:01Z,2024-11-27T04:00:01Z,-1738.7,410.85
47763,STARLINK-2181,2024-11-27T04:00:01Z,2024-11-27T14:00:01Z,-2696.9,410.85
47763,STARLINK-2181,2024-11-27T14:00:01Z,2024-11-27T22:00:01Z,-2073.8,410.85
47763,STARLINK-2181,2024-11-27T22:00:01Z,2024-11-28T12:00:01Z,-3871.4,410.85
47763,STARLINK-2181,2024-11-28T12:00:01Z,2024-11-28T14:00:01Z,-561.8,410.85
47763,STARLINK-2181,2024-11-28T14:00:01Z,2024-11-28T22:00:01Z,-2053.5,410.85
47763,STARLINK-2181,2024-11-28T22:00:01Z,2024-11-29T04:00:02Z,-1781.9,410.85
47763,STARLINK-2181,2024-11-29T04:00:02Z,2024-11-29T14:00:01Z,-2592.5,410.85
47763,STARLINK-2181,2024-11-29T14:00:01Z,2024-11-29T22:00:01Z,-1916.2,410.85
47763,STARLINK-2181,2024-11-29T22:00:01Z,2024-11-30T04:00:01Z,-1639.7,410.85
47763,STARLINK-2181,2024-11-30T04:00:01Z,2024-11-30T14:00:01Z,-2543.8,410.85
47764,STARLINK-2182,2024-11-26T14:00:01Z,2024-11-26T22:00:01Z,-1918.9,470.02
47764,STARLINK-2182,2024-11-26T22:00:01Z,2024-11-27T06:00:01Z,-2046.6,470.02
47764,STARLINK-2182,2024-11-27T06:00:01Z,2024-11-27T14:00:01Z,-1971.8,470.02
47764,STARLINK-2182,2024-11-27T14:00:01Z,2024-11-27T22:00:01Z,-1883.2,470.02
47764,STARLINK-2182,2024-11-27T22:00:01Z,2024-11-28T14:00:01Z,-4034.9,470.02
47764,STARLINK-2182,2024-11-28T14:00:01Z,2024-11-28T22:00:01Z,-1874.6,470.02
47764,STARLINK-2182,2024-11-28T22:00:01Z,2024-11-29T14:00:01Z,-4001.5,470.02
47764,STARLINK-2182,2024-11-29T14:00:01Z,2024-11-29T22:00:01Z,-1829.6,470.02
47764,STARLINK-2182,2024-11-29T22:00:01Z,2024-11-30T14:00:01Z,-3984.6,470.02
47767,STARLINK-2185,2024-11-26T21:14:28Z,2024-11-27T05:12:11Z,107.6,554.36
47768,STARLINK-2189,2024-11-26T06:00:02Z,2024-11-26T22:00:01Z,-4338.4,396.04
47768,STARLINK-2189,2024-11-26T22:00:01Z,2024-11-27T14:00:01Z,-4485.1,396.04
47768,STARLINK-2189,2024-11-27T14:00:01Z,2024-11-27T22:00:01Z,-2124.6,396.04
47768,STARLINK-2189,2024-11-27T22:00:01Z,2024-11-28T06:00:01Z,-2271.1,396.04
47768,STARLINK-2189,2024-11-28T06:00:01Z,2024-11-28T14:00:01Z,-2202.9,396.04
47768,STARLINK-2189,2024-11-28T14:00:01Z,2024-11-28T22:00:01Z,-2108.5,396.04
47768,STARLINK-2189,2024-11-28T22:00:01Z,2024-11-29T04:00:02Z,-1808.6,396.04
47768,STARLINK-2189,2024-11-29T04:00:02Z,2024-11-29T14:00:01Z,-2686.4,396.04
47768,STARLINK-2189,2024-11-29T14:00:01Z,2024-11-29T22:00:01Z,-2065.4,396.04
47768,STARLINK-2189,2024-11-29T22:00:01Z,2024-11-30T14:00:01Z,-4487.3,396.04
47769,STARLINK-2192,2024-11-26T06:00:02Z,2024-11-26T22:00:01Z,-3824.0,416.16
47769,STARLINK-2192,2024-11-26T22:00:01Z,2024-11-27T06:00:01Z,-1926.7,416.16
47769,STARLINK-2192,2024-11-27T06:00:01Z,2024-11-27T14:00:01Z,-2024.4,416.16
47769,STARLINK-2192,2024-11-27T14:00:01Z,2024-11-27T22:00:01Z,-1836.0,416.16
47769,STARLINK-2192,2024-11-27T22:00:01Z,2024-11-28T14:00:01Z,-3976.6,416.16
47769,STARLINK-2192,2024-11-28T14:00:01Z,2024-11-28T22:00:01Z,-1513.6,416.16
47769,STARLINK-2192,2024-11-28T22:00:01Z,2024-11-29T14:00:01Z,-3152.4,416.16
47769,STARLINK-2192,2024-11-29T14:00:01Z,2024-11-29T22:00:01Z,-1557.0,416.16
47769,STARLINK-2192,2024-11-29T22:00:01Z,2024-11-30T14:00:01Z,-3131.1,416.16
47771,STARLINK-2194,2024-11-27T17:59:51Z,2024-11-27T22:46:27Z,-104.9,554.34
47773,STARLINK-2196,2024-11-28T20:43:27Z,2024-11-29T19:01:00Z,-101.6,554.38
47774,STARLINK-2197,2024-11-26T20:00:02Z,2024-11-26T22:00:01Z,-314.1,461.3
47774,STARLINK-2197,2024-11-26T22:00:01Z,2024-11-27T14:00:01Z,-2920.8,461.3
47774,STARLINK-2197,2024-11-27T14:00:01Z,2024-11-27T22:00:01Z,-1331.2,461.3
47774,STARLINK-2197,2024-11-27T22:00:01Z,2024-11-28T04:00:01Z,-1167.5,461.3
47774,STARLINK-2197,2024-11-28T04:00:01Z,2024-11-28T14:00:01Z,-1758.3,461.3
47774,STARLINK-2197,2024-11-28T14:00:01Z,2024-11-28T20:00:01Z,-1040.1,461.3
47774,STARLINK-2197,2024-11-28T20:00:01Z,2024-11-28T22:00:01Z,-292.9,461.3
47774,STARLINK-2197,2024-11-28T22:00:01Z,2024-11-29T14:00:01Z,-2777.0,461.3
47774,STARLINK-2197,2024-11-29T14:00:01Z,2024-11-29T20:00:01Z,-905.4,461.3
47774,STARLINK-2197,2024-11-29T20:00:01Z,2024-11-29T22:00:01Z,-301.8,461.3
47774,STARLINK-2197,2024-11-29T22:00:01Z,2024-11-30T12:00:01Z,-2406.0,461.3
47774,STARLINK-2197,2024-11-30T12:00:01Z,2024-11-30T14:00:01Z,-370.2,461.3
47775,STARLINK-2198,2024-11-26T20:00:02Z,2024-11-26T22:00:01Z,-307.6,408.96
47775,STARLINK-2198,2024-11-26T22:00:01Z,2024-11-27T12:00:02Z,-2466.7,408.96
47775,STARLINK-2198,2024-11-27T12:00:02Z,2024-11-27T14:00:01Z,-380.8,408.96
47775,STARLINK-2198,2024-11-27T14:00:01Z,2024-11-27T22:00:01Z,-1193.2,408.96
47775,STARLINK-2198,2024-11-27T22:00:01Z,2024-11-28T04:00:01Z,-1037.6,408.96
47775,STARLINK-2198,2024-11-28T04:00:01Z,2024-11-28T14:00:01Z,-1680.3,408.96
47775,STARLINK-2198,2024-11-28T14:00:01Z,2024-11-28T22:00:01Z,-1227.9,408.96
47775,STARLINK-2198,2024-11-28T22:00:01Z,2024-11-29T04:00:02Z,-1030.3,408.96
47775,STARLINK-2198,2024-11-29T04:00:02Z,2024-11-29T22:00:01Z,-2873.0,408.96
47775,STARLINK-2198,2024-11-29T22:00:01Z,2024-11-30T04:00:01Z,457.7,408.96
47775,STARLINK-2198,2024-11-30T04:00:01Z,2024-11-30T12:00:01Z,-671.2,408.96
47775,STARLINK-2198,2024-11-30T12:00:01Z,2024-11-30T14:00:01Z,-139.1,408.96
47781,STARLINK-2223,2024-11-26T14:00:01Z,2024-11-26T22:00:01Z,-1606.4,473.34
47781,STARLINK-2223,2024-11-26T22:00:01Z,2024-11-27T14:00:01Z,-3496.0,473.34
47781,STARLINK-2223,2024-11-27T14:00:01Z,2024-11-27T22:00:01Z,-1596.4,473.34
47781,STARLINK-2223,2024-11-27T22:00:01Z,2024-11-28T14:00:01Z,-3498.8,473.34
47781,STARLINK-2223,2024-11-28T14:00:01Z,2024-11-28T22:00:01Z,-1578.7,473.34
47781,STARLINK-2223,2024-11-28T22:00:01Z,2024-11-29T14:00:01Z,-3521.2,473.34
47781,STARLINK-2223,2024-11-29T14:00:01Z,2024-11-29T22:00:01Z,-1513.0,473.34
47781,STARLINK-2223,2024-11-29T22:00:01Z,2024-11-30T14:00:01Z,-3334.8,473.34
47787,STARLINK-2257,2024-11-28T00:23:56Z,2024-11-29T03:28:09Z,162.6,554.36
47791,STARLINK-2322,2024-11-27T08:12:40Z,2024-11-28T00:08:05Z,113.5,554.35
47791,STARLINK-2322,2024-11-28T00:08:05Z,2024-11-29T00:01:10Z,-103.7,554.35
47795,STARLINK-2347,2024-11-26T22:00:01Z,2024-11-27T06:00:01Z,-2346.5,490.32
47795,STARLINK-2347,2024-11-27T06:00:01Z,2024-11-27T14:00:01Z,-2264.1,490.32
47795,STARLINK-2347,2024-11-27T14:00:01Z,2024-11-27T22:00:01Z,-2231.4,490.32
47795,STARLINK-2347,2024-11-27T22:00:01Z,2024-11-28T14:00:01Z,-4605.0,490.32
47795,STARLINK-2347,2024-11-28T14:00:01Z,2024-11-28T22:00:01Z,-2213.1,490.32
47795,STARLINK-2347,2024-11-28T22:00:01Z,2024-11-29T04:00:02Z,-1784.7,490.32
47795,STARLINK-2347,2024-11-29T04:00:02Z,2024-11-29T14:00:01Z,-2828.7,490.32
47795,STARLINK-2347,2024-11-29T14:00:01Z,2024-11-29T22:00:01Z,-2197.4,490.32
47795,STARLINK-2347,2024-11-29T22:00:01Z,2024-11-30T14:00:01Z,-4615.3,490.32
47797,STARLINK-2377,2024-11-26T22:46:42Z,2024-11-27T08:19:58Z,124.3,554.39
47802,STARLINK-2383,2024-11-30T06:34:19Z,2024-11-30T14:32:02Z,110.9,554.35
47807,STARLINK-2388,2024-11-26T12:43:36Z,2024-11-26T20:41:19Z,102.7,554.35
47811,STARLINK-2392,2024-11-26T21:59:49Z,2024-11-27T02:43:04Z,-2651.8,489.19
47811,STARLINK-2392,2024-11-27T02:43:04Z,2024-11-27T14:00:01Z,-5957.3,489.19
47811,STARLINK-2392,2024-11-27T14:00:01Z,2024-11-27T22:00:01Z,-2220.3,489.19
47811,STARLINK-2392,2024-11-27T22:00:01Z,2024-11-28T14:00:01Z,-4603.6,489.19
47811,STARLINK-2392,2024-11-28T14:00:01Z,2024-11-28T22:00:01Z,-2205.7,489.19
47811,STARLINK-2392,2024-11-28T22:00:01Z,2024-11-29T04:00:02Z,-1807.7,489.19
47811,STARLINK-2392,2024-11-29T04:00:02Z,2024-11-29T14:00:01Z,-2807.3,489.19
47811,STARLINK-2392,2024-11-29T14:00:01Z,2024-11-29T22:00:01Z,-2191.4,489.19
47811,STARLINK-2392,2024-11-29T22:00:01Z,2024-11-30T14:00:01Z,-4626.9,489.19
47812,STARLINK-2393,2024-11-28T07:48:30Z,2024-11-28T23:43:52Z,-102.7,554.34
47816,STARLINK-2399,2024-11-28T13:45:31Z,2024-11-28T23:18:44Z,-113.2,554.36
47829,STARLINK-2416,2024-11-26T23:52:24Z,2024-11-28T07:43:12Z,119.7,554.35
47830,STARLINK-2419,2024-11-27T01:22:29Z,2024-11-28T07:37:34Z,-109.0,553.85
47837,STARLINK-2427,2024-11-26T22:42:02Z,2024-11-27T06:39:46Z,179.0,554.36
47839,STARLINK-2431,2024-11-26T20:30:40Z,2024-11-27T06:03:57Z,170.0,554.35
47840,STARLINK-2432,2024-11-27T06:18:32Z,2024-11-27T22:13:57Z,107.4,554.32
47842,STARLINK-2434,2024-11-26T22:00:01Z,2024-11-27T14:00:01Z,-4553.3,495.44
47842,STARLINK-2434,2024-11-27T14:00:01Z,2024-11-27T20:00:01Z,-1751.8,495.44
47842,STARLINK-2434,2024-11-27T20:00:01Z,2024-11-27T22:00:01Z,-548.8,495.44
47842,STARLINK-2434,2024-11-27T22:00:01Z,2024-11-28T14:00:01Z,-4531.5,495.44
47842,STARLINK-2434,2024-11-28T14:00:01Z,2024-11-28T22:00:01Z,-2304.2,495.44
47842,STARLINK-2434,2024-11-28T22:00:01Z,2024-11-29T20:00:01Z,-6302.0,495.44
47842,STARLINK-2434,2024-11-29T20:00:01Z,2024-11-29T22:00:01Z,-519.7,495.44
47842,STARLINK-2434,2024-11-29T22:00:01Z,2024-11-30T14:00:01Z,-4546.9,495.44
47860,STARLINK-2258,2024-11-26T06:00:02Z,2024-11-26T22:00:01Z,-2311.2,488.11
47860,STARLINK-2258,2024-11-26T22:00:01Z,2024-11-27T06:00:01Z,-1145.6,488.11
47860,STARLINK-2258,2024-11-27T06:00:01Z,2024-11-27T14:00:01Z,-990.4,488.11
47860,STARLINK-2258,2024-11-27T14:00:01Z,2024-11-27T22:00:01Z,-1326.8,488.11
47860,STARLINK-2258,2024-11-27T22:00:01Z,2024-11-28T14:00:01Z,-3044.1,488.11
47860,STARLINK-2258,2024-11-28T14:00:01Z,2024-11-28T22:00:01Z,-1589.9,488.11
47860,STARLINK-2258,2024-11-28T22:00:01Z,2024-11-29T06:00:01Z,-1705.0,488.11
47860,STARLINK-2258,2024-11-29T06:00:01Z,2024-11-29T14:00:01Z,-1443.8,488.11
47860,STARLINK-2258,2024-11-29T14:00:01Z,2024-11-29T22:00:01Z,316.9,488.11
47860,STARLINK-2258,2024-11-29T22:00:01Z,2024-11-30T06:00:01Z,-1644.0,488.11
47860,STARLINK-2258,2024-11-30T06:00:01Z,2024-11-30T14:00:01Z,-1676.2,488.11
47861,STARLINK-2280,2024-11-28T21:54:27Z,2024-11-30T07:20:48Z,100.7,554.36
47863,STARLINK-2293,2024-11-26T09:31:16Z,2024-11-26T22:15:32Z,-186.3,554.35
47864,STARLINK-2304,2024-11-26T06:00:02Z,2024-11-26T22:00:01Z,-2756.3,494.69
47864,STARLINK-2304,2024-11-26T22:00:01Z,2024-11-27T06:00:01Z,-1429.3,494.69
47864,STARLINK-2304,2024-11-27T06:00:01Z,2024-11-27T14:00:01Z,-1288.1,494.69
47864,STARLINK-2304,2024-11-27T14:00:01Z,2024-11-27T22:00:01Z,-1455.6,494.69
47864,STARLINK-2304,2024-11-27T22:00:01Z,2024-11-28T14:00:01Z,-2639.1,494.69
47864,STARLINK-2304,2024-11-28T14:00:01Z,2024-11-28T22:00:01Z,-1727.9,494.69
47864,STARLINK-2304,2024-11-28T22:00:01Z,2024-11-29T06:00:01Z,-1764.6,494.69
47864,STARLINK-2304,2024-11-29T06:00:01Z,2024-11-29T14:00:01Z,-1649.6,494.69
47864,STARLINK-2304,2024-11-29T14:00:01Z,2024-11-29T22:00:01Z,-1726.8,494.69
47864,STARLINK-2304,2024-11-29T22:00:01Z,2024-11-30T14:00:01Z,-3825.3,494.69
47865,STARLINK-2310,2024-11-26T06:00:02Z,2024-11-26T22:00:01Z,-2133.4,468.05
47865,STARLINK-2310,2024-11-26T22:00:01Z,2024-11-27T06:00:01Z,-1175.0,468.05
47865,STARLINK-2310,2024-11-27T06:00:01Z,2024-11-27T14:00:01Z,-1011.6,468.05
47865,STARLINK-2310,2024-11-27T14:00:01Z,2024-11-27T22:00:01Z,-1220.2,468.05
47865,STARLINK-2310,2024-11-27T22:00:01Z,2024-11-28T14:00:01Z,-2204.5,468.05
47865,STARLINK-2310,2024-11-28T14:00:01Z,2024-11-28T22:00:01Z,-1181.7,468.05
47865,STARLINK-2310,2024-11-28T22:00:01Z,2024-11-29T22:00:01Z,-3382.8,468.05
47865,STARLINK-2310,2024-11-29T22:00:01Z,2024-11-30T06:00:01Z,-1206.7,468.05
47865,STARLINK-2310,2024-11-30T06:00:01Z,2024-11-30T14:00:01Z,-1010.4,468.05
47866,STARLINK-2320,2024-11-26T06:00:02Z,2024-11-26T22:00:01Z,-1442.7,481.91
47866,STARLINK-2320,2024-11-26T22:00:01Z,2024-11-27T06:00:01Z,-637.6,481.91
47866,STARLINK-2320,2024-11-27T06:00:01Z,2024-11-27T14:00:01Z,-998.3,481.91
47866,STARLINK-2320,2024-11-27T14:00:01Z,2024-11-27T22:00:01Z,-1169.3,481.91
47866,STARLINK-2320,2024-11-27T22:00:01Z,2024-11-28T14:00:01Z,-2135.1,481.91
47866,STARLINK-2320,2024-11-28T14:00:01Z,2024-11-28T22:00:01Z,-1158.5,481.91
47866,STARLINK-2320,2024-11-28T22:00:01Z,2024-11-29T06:00:01Z,-1135.5,481.91
47866,STARLINK-2320,2024-11-29T06:00:01Z,2024-11-29T14:00:01Z,-1001.7,481.91
47866,STARLINK-2320,2024-11-29T14:00:01Z,2024-11-29T22:00:01Z,-1158.8,481.91
47866,STARLINK-2320,2024-11-29T22:00:01Z,2024-11-30T14:00:01Z,-2143.4,481.91
47867,STARLINK-2321,2024-11-26T22:00:01Z,2024-11-27T06:00:01Z,-1052.9,448.12
47867,STARLINK-2321,2024-11-27T06:00:01Z,2024-11-27T14:00:01Z,-927.6,448.12
47867,STARLINK-2321,2024-11-27T14:00:01Z,2024-11-27T20:00:01Z,-835.5,448.12
47867,STARLINK-2321,2024-11-27T20:00:01Z,2024-11-27T22:00:01Z,-213.2,448.12
47867,STARLINK-2321,2024-11-27T22:00:01Z,2024-11-28T14:00:01Z,-2007.8,448.12
47867,STARLINK-2321,2024-11-28T14:00:01Z,2024-11-28T22:00:01Z,-1001.7,448.12
47867,STARLINK-2321,2024-11-28T22:00:01Z,2024-11-29T20:00:01Z,-3035.2,448.12
47867,STARLINK-2321,2024-11-29T20:00:01Z,2024-11-29T22:00:01Z,-268.4,448.12
47867,STARLINK-2321,2024-11-29T22:00:01Z,2024-11-30T14:00:01Z,-2238.0,448.12
47869,STARLINK-2324,2024-11-26T06:00:02Z,2024-11-26T22:00:01Z,-3607.3,414.06
47869,STARLINK-2324,2024-11-26T22:00:01Z,2024-11-27T06:00:01Z,-1894.1,414.06
47869,STARLINK-2324,2024-11-27T06:00:01Z,2024-11-27T14:00:01Z,-1710.5,414.06
47869,STARLINK-2324,2024-11-27T14:00:01Z,2024-11-27T22:00:01Z,-1958.9,414.06
47869,STARLINK-2324,2024-11-27T22:00:01Z,2024-11-28T14:00:01Z,-4342.0,414.06
47869,STARLINK-2324,2024-11-28T14:00:01Z,2024-11-28T22:00:01Z,-2163.7,414.06
47869,STARLINK-2324,2024-11-28T22:00:01Z,2024-11-29T22:00:01Z,-6516.2,414.06
47869,STARLINK-2324,2024-11-29T22:00:01Z,2024-11-30T14:00:01Z,-4353.5,414.06
47870,STARLINK-2326,2024-11-26T17:08:21Z,2024-11-28T04:10:14Z,114.3,554.38
47871,STARLINK-2327,2024-11-26T22:00:01Z,2024-11-27T14:00:01Z,-3386.6,447.34
47871,STARLINK-2327,2024-11-27T14:00:01Z,2024-11-27T22:00:01Z,-1702.8,447.34
47871,STARLINK-2327,2024-11-27T22:00:01Z,2024-11-28T04:00:01Z,-1276.1,447.34
47871,STARLINK-2327,2024-11-28T04:00:01Z,2024-11-28T14:00:01Z,-2100.0,447.34
47871,STARLINK-2327,2024-11-28T14:00:01Z,2024-11-28T22:00:01Z,-1680.8,447.34
47871,STARLINK-2327,2024-11-28T22:00:01Z,2024-11-29T04:00:02Z,-1294.0,447.34
47871,STARLINK-2327,2024-11-29T04:00:02Z,2024-11-29T22:00:01Z,-3763.7,447.34
47871,STARLINK-2327,2024-11-29T22:00:01Z,2024-11-30T04:00:01Z,-1310.8,447.34
47871,STARLINK-2327,2024-11-30T04:00:01Z,2024-11-30T14:00:01Z,-2069.2,447.34
47874,STARLINK-2330,2024-11-28T22:32:54Z,2024-11-29T17:39:27Z,173.6,554.35
47874,STARLINK-2330,2024-11-29T20:50:31Z,2024-11-30T04:48:12Z,-132.1,554.35
47875,STARLINK-2331,2024-11-26T22:00:01Z,2024-11-27T06:00:01Z,-1146.1,426.25
47875,STARLINK-2331,2024-11-27T06:00:01Z,2024-11-27T14:00:01Z,-1020.5,426.25
47875,STARLINK-2331,2024-11-27T14:00:01Z,2024-11-27T22:00:01Z,-1149.8,426.25
47875,STARLINK-2331,2024-11-27T22:00:01Z,2024-11-28T14:00:01Z,-2164.6,426.25
47875,STARLINK-2331,2024-11-28T14:00:01Z,2024-11-28T22:00:01Z,-1046.3,426.25
47875,STARLINK-2331,2024-11-28T22:00:01Z,2024-11-29T14:00:01Z,-2695.1,426.25
47875,STARLINK-2331,2024-11-29T14:00:01Z,2024-11-29T22:00:01Z,-1425.5,426.25
47875,STARLINK-2331,2024-11-29T22:00:01Z,2024-11-30T06:00:01Z,-1433.8,426.25
47875,STARLINK-2331,2024-11-30T06:00:01Z,2024-11-30T14:00:01Z,-1342.7,426.25
47876,STARLINK-2332,2024-11-26T06:00:02Z,2024-11-26T22:00:01Z,-2243.1,445.0
47876,STARLINK-2332,2024-11-26T22:00:01Z,2024-11-27T14:00:01Z,-2227.9,445.0
47876,STARLINK-2332,2024-11-27T14:00:01Z,2024-11-27T22:00:01Z,-1181.3,445.0
47876,STARLINK-2332,2024-11-27T22:00:01Z,2024-11-28T06:00:01Z,-1187.3,445.0
47876,STARLINK-2332,2024-11-28T06:00:01Z,2024-11-28T14:00:01Z,-1029.3,445.0
47876,STARLINK-2332,2024-11-28T14:00:01Z,2024-11-28T22:00:01Z,-1264.3,445.0
47876,STARLINK-2332,2024-11-28T22:00:01Z,2024-11-29T22:00:01Z,-3865.2,445.0
47876,STARLINK-2332,2024-11-29T22:00:01Z,2024-11-30T06:00:01Z,-1340.9,445.0
47876,STARLINK-2332,2024-11-30T06:00:01Z,2024-11-30T14:00:01Z,-1259.9,445.0
47877,STARLINK-2333,2024-11-26T22:00:01Z,2024-11-27T14:00:01Z,-1424.2,488.75
47877,STARLINK-2333,2024-11-27T14:00:01Z,2024-11-27T20:00:01Z,-666.6,488.75
47877,STARLINK-2333,2024-11-27T20:00:01Z,2024-11-27T22:00:01Z,-156.5,488.75
47877,STARLINK-2333,2024-11-27T22:00:01Z,2024-11-28T14:00:01Z,-1447.9,488.75
47877,STARLINK-2333,2024-11-28T14:00:01Z,2024-11-28T22:00:01Z,-732.5,488.75
47877,STARLINK-2333,2024-11-28T22:00:01Z,2024-11-29T14:00:01Z,-1786.2,488.75
47877,STARLINK-2333,2024-11-29T14:00:01Z,2024-11-29T22:00:01Z,-969.3,488.75
47877,STARLINK-2333,2024-11-29T22:00:01Z,2024-11-30T04:00:01Z,-755.7,488.75
47877,STARLINK-2333,2024-11-30T04:00:01Z,2024-11-30T14:00:01Z,-1128.8,488.75
47878,STARLINK-2335,2024-11-26T06:00:02Z,2024-11-26T22:00:01Z,-1433.0,484.07
47878,STARLINK-2335,2024-11-26T22:00:01Z,2024-11-27T14:00:01Z,-1384.3,484.07
47878,STARLINK-2335,2024-11-27T14:00:01Z,2024-11-27T22:00:01Z,-1149.9,484.07
47878,STARLINK-2335,2024-11-27T22:00:01Z,2024-11-28T06:00:01Z,-1173.0,484.07
47878,STARLINK-2335,2024-11-28T06:00:01Z,2024-11-28T14:00:01Z,-993.7,484.07
47878,STARLINK-2335,2024-11-28T14:00:01Z,2024-11-28T22:00:01Z,-1168.2,484.07
47878,STARLINK-2335,2024-11-28T22:00:01Z,2024-11-29T14:00:01Z,-1980.1,484.07
47878,STARLINK-2335,2024-11-29T14:00:01Z,2024-11-29T22:00:01Z,180.0,484.07
47878,STARLINK-2335,2024-11-29T22:00:01Z,2024-11-30T06:00:01Z,-1123.9,484.07
47878,STARLINK-2335,2024-11-30T06:00:01Z,2024-11-30T14:00:01Z,-1188.3,484.07
47879,STARLINK-2336,2024-11-28T09:39:20Z,2024-11-29T01:34:43Z,-124.4,554.36
47880,STARLINK-2337,2024-11-26T06:00:02Z,2024-11-26T22:00:01Z,-1665.6,452.36
47880,STARLINK-2337,2024-11-26T22:00:01Z,2024-11-27T06:00:01Z,-827.8,452.36
47880,STARLINK-2337,2024-11-27T06:00:01Z,2024-11-27T14:00:01Z,-882.5,452.36
47880,STARLINK-2337,2024-11-27T14:00:01Z,2024-11-27T22:00:01Z,-1133.2,452.36
47880,STARLINK-2337,2024-11-27T22:00:01Z,2024-11-28T14:00:01Z,-2099.2,452.36
47880,STARLINK-2337,2024-11-28T14:00:01Z,2024-11-28T22:00:01Z,-1131.5,452.36
47880,STARLINK-2337,2024-11-28T22:00:01Z,2024-11-29T14:00:01Z,-2097.7,452.36
47880,STARLINK-2337,2024-11-29T14:00:01Z,2024-11-29T22:00:01Z,264.0,452.36
47880,STARLINK-2337,2024-11-29T22:00:01Z,2024-11-30T06:00:01Z,-899.9,452.36
47880,STARLINK-2337,2024-11-30T06:00:01Z,2024-11-30T14:00:01Z,-1004.3,452.36
47881,STARLINK-2339,2024-11-26T14:00:01Z,2024-11-26T22:00:01Z,-2090.4,502.73
47881,STARLINK-2339,2024-11-26T22:00:01Z,2024-11-27T06:00:01Z,-1959.6,502.73
47881,STARLINK-2339,2024-11-27T06:00:01Z,2024-11-27T14:00:01Z,-1893.6,502.73
47881,STARLINK-2339,2024-11-27T14:00:01Z,2024-11-27T22:00:01Z,-2060.0,502.73
47881,STARLINK-2339,2024-11-27T22:00:01Z,2024-11-28T06:00:01Z,-1988.7,502.73
47881,STARLINK-2339,2024-11-28T06:00:01Z,2024-11-28T14:00:01Z,-1872.8,502.73
47881,STARLINK-2339,2024-11-28T14:00:01Z,2024-11-28T22:00:01Z,-2039.1,502.73
47881,STARLINK-2339,2024-11-28T22:00:01Z,2024-11-29T14:00:01Z,-3978.1,502.73
47881,STARLINK-2339,2024-11-29T14:00:01Z,2024-11-29T22:00:01Z,-2359.5,502.73
47881,STARLINK-2339,2024-11-29T22:00:01Z,2024-11-30T06:00:01Z,-2316.6,502.73
47881,STARLINK-2339,2024-11-30T06:00:01Z,2024-11-30T14:00:01Z,-2166.6,502.73
47882,STARLINK-2340,2024-11-26T16:41:54Z,2024-11-26T23:01:43Z,-169.4,525.31
47882,STARLINK-2340,2024-11-26T23:01:43Z,2024-11-27T08:31:26Z,-201.7,525.31
47882,STARLINK-2340,2024-11-27T08:31:26Z,2024-11-27T22:45:57Z,-281.7,525.31
47882,STARLINK-2340,2024-11-27T22:45:57Z,2024-11-29T00:04:57Z,-543.4,525.31
47882,STARLINK-2340,2024-11-29T00:04:57Z,2024-11-29T07:59:36Z,-131.2,525.31
47882,STARLINK-2340,2024-11-29T07:59:36Z,2024-11-29T22:13:58Z,-236.8,525.31
47882,STARLINK-2340,2024-11-29T22:13:58Z,2024-11-30T07:43:30Z,-187.8,525.31
47883,STARLINK-2342,2024-11-27T22:47:47Z,2024-11-29T01:51:57Z,-105.0,554.31
47884,STARLINK-2343,2024-11-26T22:30:08Z,2024-11-28T01:34:20Z,113.0,554.38
47885,STARLINK-2344,2024-11-26T22:00:01Z,2024-11-28T03:43:39Z,-1421.5,482.9
47885,STARLINK-2344,2024-11-28T03:43:39Z,2024-11-28T14:00:01Z,-630.8,482.9
47885,STARLINK-2344,2024-11-28T14:00:01Z,2024-11-28T22:00:01Z,-536.7,482.9
47885,STARLINK-2344,2024-11-28T22:00:01Z,2024-11-29T06:00:01Z,-549.6,482.9
47885,STARLINK-2344,2024-11-29T06:00:01Z,2024-11-29T14:00:01Z,-393.3,482.9
47885,STARLINK-2344,2024-11-29T14:00:01Z,2024-11-29T22:00:01Z,-532.4,482.9
47885,STARLINK-2344,2024-11-29T22:00:01Z,2024-11-30T14:00:01Z,-960.3,482.9
47887,STARLINK-2346,2024-11-27T10:05:28Z,2024-11-27T22:49:47Z,128.5,554.34
47889,STARLINK-2349,2024-11-26T06:00:02Z,2024-11-26T22:00:01Z,-2551.3,441.84
47889,STARLINK-2349,2024-11-26T22:00:01Z,2024-11-27T06:00:01Z,-1176.3,441.84
47889,STARLINK-2349,2024-11-27T06:00:01Z,2024-11-27T14:00:01Z,-1569.3,441.84
47889,STARLINK-2349,2024-11-27T14:00:01Z,2024-11-27T22:00:01Z,-1826.8,441.84
47889,STARLINK-2349,2024-11-27T22:00:01Z,2024-11-28T14:00:01Z,-3498.4,441.84
47889,STARLINK-2349,2024-11-28T14:00:01Z,2024-11-28T22:00:01Z,-1812.6,441.84
47889,STARLINK-2349,2024-11-28T22:00:01Z,2024-11-29T06:00:01Z,-2137.6,441.84
47889,STARLINK-2349,2024-11-29T06:00:01Z,2024-11-29T14:00:01Z,-627.5,441.84
47889,STARLINK-2349,2024-11-29T14:00:01Z,2024-11-29T22:00:01Z,-1228.3,441.84
47889,STARLINK-2349,2024-11-29T22:00:01Z,2024-11-30T14:00:01Z,-3701.2,441.84
47891,STARLINK-2351,2024-11-26T22:00:01Z,2024-11-27T14:00:01Z,-2045.5,372.14
47891,STARLINK-2351,2024-11-27T14:00:01Z,2024-11-27T22:00:01Z,-1150.6,372.14
47891,STARLINK-2351,2024-11-27T22:00:01Z,2024-11-28T04:00:01Z,-758.1,372.14
47891,STARLINK-2351,2024-11-28T04:00:01Z,2024-11-28T14:00:01Z,-1396.4,372.14
47891,STARLINK-2351,2024-11-28T14:00:01Z,2024-11-28T22:00:01Z,-1557.8,372.14
47891,STARLINK-2351,2024-11-28T22:00:01Z,2024-11-29T04:00:02Z,-1152.1,372.14
47891,STARLINK-2351,2024-11-29T04:00:02Z,2024-11-29T14:00:01Z,-1864.5,372.14
47891,STARLINK-2351,2024-11-29T14:00:01Z,2024-11-29T20:00:01Z,-1219.9,372.14
47891,STARLINK-2351,2024-11-29T20:00:01Z,2024-11-29T22:00:01Z,-357.2,372.14
47891,STARLINK-2351,2024-11-29T22:00:01Z,2024-11-30T12:00:01Z,-2636.5,372.14
47891,STARLINK-2351,2024-11-30T12:00:01Z,2024-11-30T14:00:01Z,-407.6,372.14
47892,STARLINK-2352,2024-11-26T22:00:01Z,2024-11-27T14:00:01Z,-2394.0,454.62
47892,STARLINK-2352,2024-11-27T14:00:01Z,2024-11-27T20:00:01Z,-833.8,454.62
47892,STARLINK-2352,2024-11-27T20:00:01Z,2024-11-27T22:00:01Z,-248.7,454.62
47892,STARLINK-2352,2024-11-27T22:00:01Z,2024-11-28T14:00:01Z,-2664.7,454.62
47892,STARLINK-2352,2024-11-28T14:00:01Z,2024-11-28T22:00:01Z,-439.2,454.62
47892,STARLINK-2352,2024-11-28T22:00:01Z,2024-11-29T14:00:01Z,-102.3,454.62
47892,STARLINK-2352,2024-11-29T14:00:01Z,2024-11-29T22:00:01Z,360.2,454.62
47892,STARLINK-2352,2024-11-29T22:00:01Z,2024-11-30T04:00:01Z,-536.7,454.62
47892,STARLINK-2352,2024-11-30T04:00:01Z,2024-11-30T14:00:01Z,-1551.7,454.62
47896,STARLINK-2356,2024-11-27T02:09:43Z,2024-11-28T02:02:52Z,237.5,554.41
47896,STARLINK-2356,2024-11-29T22:37:59Z,2024-11-30T16:08:54Z,-147.6,554.41
47898,STARLINK-2358,2024-11-27T02:09:04Z,2024-11-27T08:31:15Z,170.3,554.3
47898,STARLINK-2358,2024-11-27T22:51:07Z,2024-11-28T22:44:12Z,-184.2,554.3
47902,STARLINK-2362,2024-11-26T12:00:01Z,2024-11-26T22:00:01Z,-1415.9,450.8
47902,STARLINK-2362,2024-11-26T22:00:01Z,2024-11-27T04:00:01Z,-740.9,450.8
47902,STARLINK-2362,2024-11-27T04:00:01Z,2024-11-27T14:00:01Z,-1323.0,450.8
47902,STARLINK-2362,2024-11-27T14:00:01Z,2024-11-27T20:00:01Z,-724.3,450.8
47902,STARLINK-2362,2024-11-27T22:00:01Z,2024-11-28T04:00:01Z,-814.5,450.8
47902,STARLINK-2362,2024-11-28T04:00:01Z,2024-11-28T12:00:01Z,-2293.5,450.8
47902,STARLINK-2362,2024-11-28T12:00:01Z,2024-11-28T14:00:01Z,-519.0,450.8
47902,STARLINK-2362,2024-11-28T14:00:01Z,2024-11-28T20:00:01Z,-773.8,450.8
47902,STARLINK-2362,2024-11-29T22:00:01Z,2024-11-30T12:00:01Z,523.5,450.8
47905,STARLINK-2365,2024-11-26T20:00:02Z,2024-11-26T22:00:01Z,-347.1,514.19
47905,STARLINK-2365,2024-11-26T22:00:01Z,2024-11-27T04:00:01Z,-927.4,514.19
47905,STARLINK-2365,2024-11-27T04:00:01Z,2024-11-27T12:00:02Z,-1647.3,514.19
47905,STARLINK-2365,2024-11-27T12:00:02Z,2024-11-27T14:00:01Z,-516.1,514.19
47905,STARLINK-2365,2024-11-27T14:00:01Z,2024-11-27T22:00:01Z,-1974.9,514.19
47905,STARLINK-2365,2024-11-27T22:00:01Z,2024-11-28T04:00:01Z,-1436.6,514.19
47905,STARLINK-2365,2024-11-28T04:00:01Z,2024-11-28T14:00:01Z,-2388.4,514.19
47905,STARLINK-2365,2024-11-28T14:00:01Z,2024-11-28T20:00:01Z,-1495.5,514.19
47905,STARLINK-2365,2024-11-28T20:00:01Z,2024-11-28T22:00:01Z,-445.6,514.19
47905,STARLINK-2365,2024-11-28T22:00:01Z,2024-11-29T12:00:01Z,-3306.5,514.19
47905,STARLINK-2365,2024-11-29T12:00:01Z,2024-11-29T14:00:01Z,-535.0,514.19
47905,STARLINK-2365,2024-11-29T14:00:01Z,2024-11-29T22:00:01Z,-1916.0,514.19
47905,STARLINK-2365,2024-11-29T22:00:01Z,2024-11-30T04:00:01Z,-1462.7,514.19
47905,STARLINK-2365,2024-11-30T04:00:01Z,2024-11-30T14:00:01Z,-2388.8,514.19
47908,STARLINK-2368,2024-11-26T23:01:59Z,2024-11-27T10:10:43Z,-153.1,554.37
47908,STARLINK-2368,2024-11-27T10:10:43Z,2024-11-27T22:55:01Z,235.0,554.37
47908,STARLINK-2368,2024-11-27T22:55:01Z,2024-11-28T10:03:49Z,129.7,554.37
47909,STARLINK-2369,2024-11-26T20:00:02Z,2024-11-26T22:00:01Z,-269.0,461.83
47909,STARLINK-2369,2024-11-26T22:00:01Z,2024-11-27T12:00:02Z,-1971.5,461.83
47909,STARLINK-2369,2024-11-27T12:00:02Z,2024-11-27T14:00:01Z,-296.1,461.83
47909,STARLINK-2369,2024-11-27T14:00:01Z,2024-11-27T22:00:01Z,-1228.2,461.83
47909,STARLINK-2369,2024-11-27T22:00:01Z,2024-11-28T04:00:01Z,-843.6,461.83
47909,STARLINK-2369,2024-11-28T04:00:01Z,2024-11-28T14:00:01Z,-1322.0,461.83
47909,STARLINK-2369,2024-11-28T14:00:01Z,2024-11-28T20:00:01Z,-1207.8,461.83
47909,STARLINK-2369,2024-11-28T20:00:01Z,2024-11-28T22:00:01Z,-388.7,461.83
47909,STARLINK-2369,2024-11-28T22:00:01Z,2024-11-29T22:00:01Z,-4866.5,461.83
47909,STARLINK-2369,2024-11-29T22:00:01Z,2024-11-30T04:00:01Z,-1215.5,461.83
47909,STARLINK-2369,2024-11-30T04:00:01Z,2024-11-30T14:00:01Z,-2022.1,461.83
47910,STARLINK-2370,2024-11-27T08:36:35Z,2024-11-28T00:31:59Z,134.1,554.34
47911,STARLINK-2371,2024-11-26T23:04:01Z,2024-11-27T10:12:48Z,164.1,554.32
47911,STARLINK-2371,2024-11-27T22:57:08Z,2024-11-28T19:39:08Z,-193.7,554.32
47911,STARLINK-2371,2024-11-29T02:01:17Z,2024-11-29T09:58:59Z,118.8,554.32
47912,STARLINK-2372,2024-11-26T22:00:01Z,2024-11-27T12:00:02Z,-1830.7,466.61
47912,STARLINK-2372,2024-11-27T12:00:02Z,2024-11-27T14:00:01Z,-278.7,466.61
47912,STARLINK-2372,2024-11-27T14:00:01Z,2024-11-27T22:00:01Z,-1146.5,466.61
47912,STARLINK-2372,2024-11-27T22:00:01Z,2024-11-28T04:00:01Z,-789.7,466.61
47912,STARLINK-2372,2024-11-28T04:00:01Z,2024-11-28T14:00:01Z,-1332.0,466.61
47912,STARLINK-2372,2024-11-28T14:00:01Z,2024-11-28T22:00:01Z,-1114.7,466.61
47912,STARLINK-2372,2024-11-28T22:00:01Z,2024-11-29T04:00:02Z,-798.8,466.61
47912,STARLINK-2372,2024-11-29T04:00:02Z,2024-11-29T14:00:01Z,-1340.9,466.61
47912,STARLINK-2372,2024-11-29T14:00:01Z,2024-11-29T22:00:01Z,-1096.4,466.61
47912,STARLINK-2372,2024-11-29T22:00:01Z,2024-11-30T04:00:01Z,-820.1,466.61
47912,STARLINK-2372,2024-11-30T04:00:01Z,2024-11-30T14:00:01Z,-1327.2,466.61
47913,STARLINK-2374,2024-11-26T20:00:02Z,2024-11-26T22:00:01Z,-393.6,513.07
47913,STARLINK-2374,2024-11-26T22:00:01Z,2024-11-27T14:00:01Z,-3147.0,513.07
47913,STARLINK-2374,2024-11-27T14:00:01Z,2024-11-27T22:00:01Z,-1693.8,513.07
47913,STARLINK-2374,2024-11-27T22:00:01Z,2024-11-28T04:00:01Z,-1133.9,513.07
47913,STARLINK-2374,2024-11-28T04:00:01Z,2024-11-28T14:00:01Z,-2012.8,513.07
47913,STARLINK-2374,2024-11-28T14:00:01Z,2024-11-28T20:00:01Z,-1291.4,513.07
47913,STARLINK-2374,2024-11-28T20:00:01Z,2024-11-28T22:00:01Z,-381.7,513.07
47913,STARLINK-2374,2024-11-28T22:00:01Z,2024-11-29T12:00:01Z,-2718.6,513.07
47913,STARLINK-2374,2024-11-29T12:00:01Z,2024-11-29T22:00:01Z,-2107.6,513.07
47913,STARLINK-2374,2024-11-29T22:00:01Z,2024-11-30T04:00:01Z,-1109.1,513.07
47913,STARLINK-2374,2024-11-30T04:00:01Z,2024-11-30T12:00:01Z,-1530.5,513.07
47913,STARLINK-2374,2024-11-30T12:00:01Z,2024-11-30T14:00:01Z,-543.1,513.07
47914,STARLINK-2375,2024-11-26T20:00:02Z,2024-11-26T22:00:01Z,-382.8,509.64
47914,STARLINK-2375,2024-11-26T22:00:01Z,2024-11-27T04:00:01Z,-1348.5,509.64
47914,STARLINK-2375,2024-11-27T04:00:01Z,2024-11-27T14:00:01Z,-2418.6,509.64
47914,STARLINK-2375,2024-11-27T14:00:01Z,2024-11-27T20:00:01Z,-1506.8,509.64
47914,STARLINK-2375,2024-11-27T20:00:01Z,2024-11-27T22:00:01Z,-468.2,509.64
47914,STARLINK-2375,2024-11-27T22:00:01Z,2024-11-28T14:00:01Z,-3792.3,509.64
47914,STARLINK-2375,2024-11-28T14:00:01Z,2024-11-28T22:00:01Z,-1968.5,509.64
47914,STARLINK-2375,2024-11-28T22:00:01Z,2024-11-29T04:00:02Z,-1402.0,509.64
47914,STARLINK-2375,2024-11-29T04:00:02Z,2024-11-29T14:00:01Z,-2394.0,509.64
47914,STARLINK-2375,2024-11-29T14:00:01Z,2024-11-29T20:00:01Z,-1490.2,509.64
47914,STARLINK-2375,2024-11-29T20:00:01Z,2024-11-29T22:00:01Z,-457.8,509.64
47914,STARLINK-2375,2024-11-29T22:00:01Z,2024-11-30T12:00:01Z,-3213.5,509.64
47914,STARLINK-2375,2024-11-30T12:00:01Z,2024-11-30T14:00:01Z,-511.9,509.64
47917,STARLINK-2397,2024-11-26T20:00:02Z,2024-11-26T22:00:01Z,-260.4,474.06
47917,STARLINK-2397,2024-11-26T22:00:01Z,2024-11-27T12:00:02Z,-1846.0,474.06
47917,STARLINK-2397,2024-11-27T12:00:02Z,2024-11-27T14:00:01Z,-280.9,474.06
47917,STARLINK-2397,2024-11-27T14:00:01Z,2024-11-27T22:00:01Z,-1153.2,474.06
47917,STARLINK-2397,2024-11-27T22:00:01Z,2024-11-28T04:00:01Z,-810.3,474.06
47917,STARLINK-2397,2024-11-28T04:00:01Z,2024-11-28T14:00:01Z,-1422.1,474.06
47917,STARLINK-2397,2024-11-28T14:00:01Z,2024-11-28T20:00:01Z,-960.0,474.06
47917,STARLINK-2397,2024-11-28T20:00:01Z,2024-11-28T22:00:01Z,-275.7,474.06
47917,STARLINK-2397,2024-11-28T22:00:01Z,2024-11-29T12:00:01Z,-1940.7,474.06
47917,STARLINK-2397,2024-11-29T12:00:01Z,2024-11-29T14:00:01Z,-322.6,474.06
47917,STARLINK-2397,2024-11-29T14:00:01Z,2024-11-29T22:00:01Z,-1212.4,474.06
47917,STARLINK-2397,2024-11-29T22:00:01Z,2024-11-30T04:00:01Z,-880.0,474.06
47917,STARLINK-2397,2024-11-30T04:00:01Z,2024-11-30T14:00:01Z,-1475.2,474.06
47918,STARLINK-2398,2024-11-26T20:00:02Z,2024-11-26T22:00:01Z,-288.6,496.2
47918,STARLINK-2398,2024-11-26T22:00:01Z,2024-11-27T12:00:02Z,-2162.3,496.2
47918,STARLINK-2398,2024-11-27T12:00:02Z,2024-11-27T14:00:01Z,-343.3,496.2
47918,STARLINK-2398,2024-11-27T14:00:01Z,2024-11-27T22:00:01Z,-1320.2,496.2
47918,STARLINK-2398,2024-11-27T22:00:01Z,2024-11-28T04:00:01Z,-952.7,496.2
47918,STARLINK-2398,2024-11-28T04:00:01Z,2024-11-28T14:00:01Z,-1564.6,496.2
47918,STARLINK-2398,2024-11-28T14:00:01Z,2024-11-28T20:00:01Z,-1020.9,496.2
47918,STARLINK-2398,2024-11-28T20:00:01Z,2024-11-28T22:00:01Z,-292.7,496.2
47918,STARLINK-2398,2024-11-28T22:00:01Z,2024-11-29T12:00:01Z,-2166.9,496.2
47918,STARLINK-2398,2024-11-29T12:00:01Z,2024-11-29T22:00:01Z,-1661.1,496.2
47918,STARLINK-2398,2024-11-29T22:00:01Z,2024-11-30T04:00:01Z,-933.9,496.2
47918,STARLINK-2398,2024-11-30T04:00:01Z,2024-11-30T12:00:01Z,-1288.0,496.2
47918,STARLINK-2398,2024-11-30T12:00:01Z,2024-11-30T14:00:01Z,-452.6,496.2
47919,STARLINK-2405,2024-11-26T22:24:50Z,2024-11-28T04:40:06Z,190.4,554.36
47977,STARLINK-2087,2024-11-26T22:00:01Z,2024-11-27T14:00:01Z,-999.1,499.51
47977,STARLINK-2087,2024-11-27T14:00:01Z,2024-11-27T22:00:01Z,-593.5,499.51
47977,STARLINK-2087,2024-11-27T22:00:01Z,2024-11-28T14:00:01Z,-936.8,499.51
47977,STARLINK-2087,2024-11-28T14:00:01Z,2024-11-28T22:00:01Z,-683.9,499.51
47977,STARLINK-2087,2024-11-28T22:00:01Z,2024-11-29T04:00:02Z,-499.0,499.51
47977,STARLINK-2087,2024-11-29T04:00:02Z,2024-11-29T22:00:01Z,-1865.6,499.51
47977,STARLINK-2087,2024-11-29T22:00:01Z,2024-11-30T14:00:01Z,-1506.0,499.51
47978,STARLINK-1647,2024-11-29T02:05:12Z,2024-11-29T13:13:59Z,107.1,554.32
47979,STARLINK-2325,2024-11-26T06:00:02Z,2024-11-26T22:00:01Z,-2011.3,482.05
47979,STARLINK-2325,2024-11-26T22:00:01Z,2024-11-27T06:00:01Z,-1030.8,482.05
47979,STARLINK-2325,2024-11-27T06:00:01Z,2024-11-27T14:00:01Z,-924.6,482.05
47979,STARLINK-2325,2024-11-27T14:00:01Z,2024-11-27T22:00:01Z,-1083.3,482.05
47979,STARLINK-2325,2024-11-27T22:00:01Z,2024-11-28T14:00:01Z,-1970.1,482.05
47979,STARLINK-2325,2024-11-28T14:00:01Z,2024-11-28T22:00:01Z,-1046.0,482.05
47979,STARLINK-2325,2024-11-28T22:00:01Z,2024-11-29T04:00:02Z,-844.0,482.05
47979,STARLINK-2325,2024-11-29T04:00:02Z,2024-11-29T14:00:01Z,-996.9,482.05
47979,STARLINK-2325,2024-11-29T22:00:01Z,2024-11-30T04:00:01Z,225.4,482.05
47979,STARLINK-2325,2024-11-30T04:00:01Z,2024-11-30T14:00:01Z,-1484.0,482.05
47980,STARLINK-2312,2024-11-26T22:00:01Z,2024-11-27T06:00:01Z,-1471.6,458.31
47980,STARLINK-2312,2024-11-27T06:00:01Z,2024-11-27T14:00:01Z,318.3,458.31
47980,STARLINK-2312,2024-11-27T14:00:01Z,2024-11-27T22:00:01Z,-667.8,458.31
47980,STARLINK-2312,2024-11-27T22:00:01Z,2024-11-28T14:00:01Z,-3054.8,458.31
47980,STARLINK-2312,2024-11-28T14:00:01Z,2024-11-28T22:00:01Z,-1469.6,458.31
47980,STARLINK-2312,2024-11-28T22:00:01Z,2024-11-29T14:00:01Z,-3048.8,458.31
47980,STARLINK-2312,2024-11-29T14:00:01Z,2024-11-29T22:00:01Z,-1485.2,458.31
47980,STARLINK-2312,2024-11-29T22:00:01Z,2024-11-30T14:00:01Z,-3051.8,458.31
47982,STARLINK-2317,2024-11-26T22:00:01Z,2024-11-27T14:00:01Z,-2607.6,454.13
47982,STARLINK-2317,2024-11-27T14:00:01Z,2024-11-27T22:00:01Z,-1365.7,454.13
47982,STARLINK-2317,2024-11-27T22:00:01Z,2024-11-28T14:00:01Z,-2624.5,454.13
47982,STARLINK-2317,2024-11-28T14:00:01Z,2024-11-28T22:00:01Z,-1322.0,454.13
47982,STARLINK-2317,2024-11-28T22:00:01Z,2024-11-29T14:00:01Z,-2860.5,454.13
47982,STARLINK-2317,2024-11-29T14:00:01Z,2024-11-29T22:00:01Z,-1589.5,454.13
47982,STARLINK-2317,2024-11-29T22:00:01Z,2024-11-30T04:00:01Z,-1123.3,454.13
47982,STARLINK-2317,2024-11-30T04:00:01Z,2024-11-30T14:00:01Z,-1950.7,454.13
47985,STARLINK-2308,2024-11-26T22:00:01Z,2024-11-27T14:00:01Z,-2289.6,496.89
47985,STARLINK-2308,2024-11-27T14:00:01Z,2024-11-27T22:00:01Z,-1223.8,496.89
47985,STARLINK-2308,2024-11-27T22:00:01Z,2024-11-28T14:00:01Z,-2249.6,496.89
47985,STARLINK-2308,2024-11-28T14:00:01Z,2024-11-28T22:00:01Z,-1234.3,496.89
47985,STARLINK-2308,2024-11-28T22:00:01Z,2024-11-29T22:00:01Z,-4919.0,496.89
47985,STARLINK-2308,2024-11-29T22:00:01Z,2024-11-30T04:00:01Z,-1255.0,496.89
47985,STARLINK-2308,2024-11-30T04:00:01Z,2024-11-30T14:00:01Z,-1997.2,496.89
47989,STARLINK-2305,2024-11-26T22:00:01Z,2024-11-27T06:00:01Z,-1302.5,472.57
47989,STARLINK-2305,2024-11-27T06:00:01Z,2024-11-27T14:00:01Z,-1271.4,472.57
47989,STARLINK-2305,2024-11-27T14:00:01Z,2024-11-27T22:00:01Z,-1375.2,472.57
47989,STARLINK-2305,2024-11-27T22:00:01Z,2024-11-28T14:00:01Z,-2744.4,472.57
47989,STARLINK-2305,2024-11-28T14:00:01Z,2024-11-28T22:00:01Z,-1342.6,472.57
47989,STARLINK-2305,2024-11-28T22:00:01Z,2024-11-29T14:00:01Z,-2774.0,472.57
47989,STARLINK-2305,2024-11-29T14:00:01Z,2024-11-29T22:00:01Z,-1317.0,472.57
47989,STARLINK-2305,2024-11-29T22:00:01Z,2024-11-30T14:00:01Z,-2789.5,472.57
47990,STARLINK-2307,2024-11-26T22:00:01Z,2024-11-27T04:00:01Z,-1283.1,458.52
47990,STARLINK-2307,2024-11-27T04:00:01Z,2024-11-27T14:00:01Z,-2021.5,458.52
47990,STARLINK-2307,2024-11-27T14:00:01Z,2024-11-27T22:00:01Z,-1642.7,458.52
47990,STARLINK-2307,2024-11-27T22:00:01Z,2024-11-28T12:00:01Z,-2839.2,458.52
47990,STARLINK-2307,2024-11-28T12:00:01Z,2024-11-28T14:00:01Z,-477.1,458.52
47990,STARLINK-2307,2024-11-28T14:00:01Z,2024-11-28T22:00:01Z,-1581.4,458.52
47990,STARLINK-2307,2024-11-28T22:00:01Z,2024-11-29T04:00:02Z,-1328.7,458.52
47990,STARLINK-2307,2024-11-29T04:00:02Z,2024-11-29T22:00:01Z,-3896.1,458.52
47990,STARLINK-2307,2024-11-29T22:00:01Z,2024-11-30T12:00:01Z,-3055.9,458.52
47990,STARLINK-2307,2024-11-30T12:00:01Z,2024-11-30T14:00:01Z,-487.4,458.52
47991,STARLINK-2279,2024-11-26T22:00:01Z,2024-11-27T14:00:01Z,-3354.4,485.51
47991,STARLINK-2279,2024-11-27T14:00:01Z,2024-11-27T22:00:01Z,-1759.6,485.51
47991,STARLINK-2279,2024-11-27T22:00:01Z,2024-11-28T06:00:01Z,-1766.6,485.51
47991,STARLINK-2279,2024-11-28T06:00:01Z,2024-11-28T14:00:01Z,-1612.6,485.51
47991,STARLINK-2279,2024-11-28T14:00:01Z,2024-11-28T22:00:01Z,-1719.1,485.51
47991,STARLINK-2279,2024-11-28T22:00:01Z,2024-11-29T14:00:01Z,-3080.4,485.51
47991,STARLINK-2279,2024-11-29T14:00:01Z,2024-11-29T22:00:01Z,-1897.7,485.51
47991,STARLINK-2279,2024-11-29T22:00:01Z,2024-11-30T04:00:01Z,-1510.2,485.51
47991,STARLINK-2279,2024-11-30T04:00:01Z,2024-11-30T14:00:01Z,-2337.6,485.51
47992,STARLINK-2229,2024-11-26T22:00:01Z,2024-11-27T06:00:01Z,-1539.6,459.74
47992,STARLINK-2229,2024-11-27T06:00:01Z,2024-11-27T14:00:01Z,-1500.2,459.74
47992,STARLINK-2229,2024-11-27T14:00:01Z,2024-11-27T22:00:01Z,-1530.0,459.74
47992,STARLINK-2229,2024-11-27T22:00:01Z,2024-11-28T14:00:01Z,-3105.7,459.74
47992,STARLINK-2229,2024-11-28T14:00:01Z,2024-11-28T22:00:01Z,-1513.5,459.74
47992,STARLINK-2229,2024-11-28T22:00:01Z,2024-11-29T04:00:02Z,-1204.1,459.74
47992,STARLINK-2229,2024-11-29T04:00:02Z,2024-11-29T22:00:01Z,-3412.6,459.74
47992,STARLINK-2229,2024-11-29T22:00:01Z,2024-11-30T14:00:01Z,-3040.4,459.74
47994,STARLINK-2290,2024-11-26T22:00:01Z,2024-11-27T14:00:01Z,-1442.8,476.55
47994,STARLINK-2290,2024-11-27T14:00:01Z,2024-11-27T22:00:01Z,-841.0,476.55
47994,STARLINK-2290,2024-11-27T22:00:01Z,2024-11-28T06:00:01Z,-684.3,476.55
47994,STARLINK-2290,2024-11-28T06:00:01Z,2024-11-28T14:00:01Z,-757.9,476.55
47994,STARLINK-2290,2024-11-28T14:00:01Z,2024-11-28T22:00:01Z,-864.1,476.55
47994,STARLINK-2290,2024-11-28T22:00:01Z,2024-11-29T22:00:01Z,-1671.9,476.55
47994,STARLINK-2290,2024-11-29T22:00:01Z,2024-11-30T04:00:01Z,332.5,476.55
47994,STARLINK-2290,2024-11-30T04:00:01Z,2024-11-30T14:00:01Z,-1172.3,476.55
47996,STARLINK-2260,2024-11-26T22:00:01Z,2024-11-27T14:00:01Z,-2748.7,469.04
47996,STARLINK-2260,2024-11-27T14:00:01Z,2024-11-27T22:00:01Z,-1203.9,469.04
47996,STARLINK-2260,2024-11-27T22:00:01Z,2024-11-28T06:00:01Z,-1329.6,469.04
47996,STARLINK-2260,2024-11-28T06:00:01Z,2024-11-28T14:00:01Z,-1411.6,469.04
47996,STARLINK-2260,2024-11-28T14:00:01Z,2024-11-28T22:00:01Z,-1251.8,469.04
47996,STARLINK-2260,2024-11-28T22:00:01Z,2024-11-29T14:00:01Z,-2481.0,469.04
47996,STARLINK-2260,2024-11-29T14:00:01Z,2024-11-29T22:00:01Z,-1097.5,469.04
47996,STARLINK-2260,2024-11-29T22:00:01Z,2024-11-30T04:00:01Z,-912.9,469.04
47996,STARLINK-2260,2024-11-30T04:00:01Z,2024-11-30T14:00:01Z,-1512.2,469.04
47997,STARLINK-2266,2024-11-28T11:51:22Z,2024-11-29T00:35:40Z,-144.8,554.34
47997,STARLINK-2266,2024-11-29T00:35:40Z,2024-11-29T18:06:36Z,100.5,554.34
47997,STARLINK-2266,2024-11-29T18:06:36Z,2024-11-29T22:53:14Z,111.1,554.34
47998,STARLINK-2296,2024-11-26T14:00:01Z,2024-11-26T22:00:01Z,-1175.0,464.24
47998,STARLINK-2296,2024-11-26T22:00:01Z,2024-11-27T06:00:01Z,-1028.4,464.24
47998,STARLINK-2296,2024-11-27T06:00:01Z,2024-11-27T14:00:01Z,-976.8,464.24
47998,STARLINK-2296,2024-11-27T14:00:01Z,2024-11-27T22:00:01Z,-1058.7,464.24
47998,STARLINK-2296,2024-11-27T22:00:01Z,2024-11-28T06:00:01Z,-1330.5,464.24
47998,STARLINK-2296,2024-11-28T06:00:01Z,2024-11-28T14:00:01Z,-1341.7,464.24
47998,STARLINK-2296,2024-11-28T14:00:01Z,2024-11-28T22:00:01Z,-1509.1,464.24
47998,STARLINK-2296,2024-11-28T22:00:01Z,2024-11-29T14:00:01Z,-2791.0,464.24
47998,STARLINK-2296,2024-11-29T14:00:01Z,2024-11-29T22:00:01Z,-1515.6,464.24
47998,STARLINK-2296,2024-11-29T22:00:01Z,2024-11-30T04:00:01Z,-1038.3,464.24
47998,STARLINK-2296,2024-11-30T04:00:01Z,2024-11-30T14:00:01Z,-1765.3,464.24
48002,STARLINK-2265,2024-11-26T22:00:01Z,2024-11-27T06:00:01Z,-1053.4,481.27
48002,STARLINK-2265,2024-11-27T06:00:01Z,2024-11-27T14:00:01Z,-1146.4,481.27
48002,STARLINK-2265,2024-11-27T14:00:01Z,2024-11-27T22:00:01Z,-1179.3,481.27
48002,STARLINK-2265,2024-11-27T22:00:01Z,2024-11-28T14:00:01Z,-2393.9,481.27
48002,STARLINK-2265,2024-11-28T14:00:01Z,2024-11-28T22:00:01Z,-1181.6,481.27
48002,STARLINK-2265,2024-11-28T22:00:01Z,2024-11-29T04:00:02Z,-914.1,481.27
48002,STARLINK-2265,2024-11-29T04:00:02Z,2024-11-29T22:00:01Z,-2649.1,481.27
48002,STARLINK-2265,2024-11-29T22:00:01Z,2024-11-30T14:00:01Z,-2689.5,481.27
48003,STARLINK-2263,2024-11-28T03:10:32Z,2024-11-29T03:03:36Z,-281.5,554.36
48003,STARLINK-2263,2024-11-29T12:36:50Z,2024-11-29T18:59:00Z,145.3,554.36
48008,STARLINK-2271,2024-11-27T00:04:17Z,2024-11-28T06:19:35Z,113.1,554.36
48009,STARLINK-2153,2024-11-27T04:39:41Z,2024-11-27T12:37:24Z,104.8,554.35
48009,STARLINK-2153,2024-11-28T04:32:48Z,2024-11-29T01:14:48Z,-133.1,554.35
48010,STARLINK-2226,2024-11-27T19:18:08Z,2024-11-28T03:15:51Z,131.8,554.33
48010,STARLINK-2226,2024-11-28T03:15:51Z,2024-11-28T12:49:04Z,-107.4,554.33
48013,STARLINK-2243,2024-11-26T14:00:01Z,2024-11-26T22:00:01Z,-883.2,494.75
48013,STARLINK-2243,2024-11-26T22:00:01Z,2024-11-27T06:00:01Z,-686.3,494.75
48013,STARLINK-2243,2024-11-27T06:00:01Z,2024-11-27T14:00:01Z,-758.1,494.75
48013,STARLINK-2243,2024-11-27T14:00:01Z,2024-11-27T22:00:01Z,-857.3,494.75
48013,STARLINK-2243,2024-11-27T22:00:01Z,2024-11-28T14:00:01Z,-1446.5,494.75
48013,STARLINK-2243,2024-11-28T14:00:01Z,2024-11-28T22:00:01Z,-841.2,494.75
48013,STARLINK-2243,2024-11-28T22:00:01Z,2024-11-29T14:00:01Z,-1375.4,494.75
48013,STARLINK-2243,2024-11-29T14:00:01Z,2024-11-29T22:00:01Z,-1030.9,494.75
48013,STARLINK-2243,2024-11-29T22:00:01Z,2024-11-30T14:00:01Z,-1970.1,494.75
48014,STARLINK-2283,2024-11-27T01:40:34Z,2024-11-28T01:33:38Z,138.9,554.37
48016,STARLINK-2284,2024-11-26T14:00:01Z,2024-11-26T22:00:01Z,-795.4,502.3
48016,STARLINK-2284,2024-11-26T22:00:01Z,2024-11-27T06:00:01Z,-818.9,502.3
48016,STARLINK-2284,2024-11-27T06:00:01Z,2024-11-27T14:00:01Z,-722.5,502.3
48016,STARLINK-2284,2024-11-27T14:00:01Z,2024-11-27T22:00:01Z,-788.2,502.3
48016,STARLINK-2284,2024-11-27T22:00:01Z,2024-11-28T14:00:01Z,-1546.3,502.3
48016,STARLINK-2284,2024-11-28T14:00:01Z,2024-11-28T22:00:01Z,-761.1,502.3
48016,STARLINK-2284,2024-11-28T22:00:01Z,2024-11-29T14:00:01Z,-1575.0,502.3
48016,STARLINK-2284,2024-11-29T14:00:01Z,2024-11-29T22:00:01Z,-736.0,502.3
48016,STARLINK-2284,2024-11-29T22:00:01Z,2024-11-30T04:00:01Z,-635.9,502.3
48016,STARLINK-2284,2024-11-30T04:00:01Z,2024-11-30T14:00:01Z,-926.5,502.3
48018,STARLINK-2282,2024-11-28T04:29:35Z,2024-11-29T01:03:10Z,-471.7,523.35
48018,STARLINK-2282,2024-11-29T01:03:10Z,2024-11-30T03:56:08Z,-510.2,523.35
48018,STARLINK-2282,2024-11-30T03:56:08Z,2024-11-30T05:31:00Z,-268.4,523.35
48019,STARLINK-2285,2024-11-29T03:52:03Z,2024-11-29T18:11:55Z,131.1,554.35
48020,STARLINK-2294,2024-11-26T14:00:01Z,2024-11-26T22:00:01Z,-1371.5,493.48
48020,STARLINK-2294,2024-11-26T22:00:01Z,2024-11-27T06:00:01Z,-1353.1,493.48
48020,STARLINK-2294,2024-11-27T06:00:01Z,2024-11-27T14:00:01Z,-1272.2,493.48
48020,STARLINK-2294,2024-11-27T14:00:01Z,2024-11-27T22:00:01Z,-1322.4,493.48
48020,STARLINK-2294,2024-11-27T22:00:01Z,2024-11-28T06:00:01Z,-1360.9,493.48
48020,STARLINK-2294,2024-11-28T06:00:01Z,2024-11-28T14:00:01Z,-1155.8,493.48
48020,STARLINK-2294,2024-11-28T14:00:01Z,2024-11-28T22:00:01Z,-1704.0,493.48
48020,STARLINK-2294,2024-11-28T22:00:01Z,2024-11-29T14:00:01Z,-3739.6,493.48
48020,STARLINK-2294,2024-11-29T22:00:01Z,2024-11-30T04:00:01Z,385.8,493.48
48020,STARLINK-2294,2024-11-30T04:00:01Z,2024-11-30T14:00:01Z,-1566.1,493.48
48021,STARLINK-2301,2024-11-29T08:21:24Z,2024-11-30T00:16:46Z,-151.7,554.3
48021,STARLINK-2301,2024-11-30T00:16:46Z,2024-11-30T08:14:28Z,125.8,554.3
48022,STARLINK-2298,2024-11-28T18:42:45Z,2024-11-29T02:40:25Z,-112.1,554.34
48022,STARLINK-2298,2024-11-29T02:40:25Z,2024-11-29T12:13:39Z,173.2,554.34
48023,STARLINK-2292,2024-11-28T02:31:23Z,2024-11-28T20:02:19Z,-102.7,554.35
48023,STARLINK-2292,2024-11-29T02:24:28Z,2024-11-29T11:57:42Z,124.3,554.35
48026,STARLINK-2278,2024-11-26T22:00:01Z,2024-11-27T06:00:01Z,-766.9,344.28
48026,STARLINK-2278,2024-11-27T06:00:01Z,2024-11-27T14:00:01Z,-962.7,344.28
48026,STARLINK-2278,2024-11-27T14:00:01Z,2024-11-27T22:00:01Z,-985.7,344.28
48026,STARLINK-2278,2024-11-27T22:00:01Z,2024-11-28T14:00:01Z,-1751.1,344.28
48026,STARLINK-2278,2024-11-28T14:00:01Z,2024-11-28T22:00:01Z,-1360.3,344.28
48026,STARLINK-2278,2024-11-28T22:00:01Z,2024-11-29T20:00:01Z,-1355.2,344.28
48026,STARLINK-2278,2024-11-29T20:00:01Z,2024-11-29T22:00:01Z,-444.0,344.28
48026,STARLINK-2278,2024-11-29T22:00:01Z,2024-11-30T04:00:01Z,-1175.6,344.28
48026,STARLINK-2278,2024-11-30T04:00:01Z,2024-11-30T14:00:01Z,-1126.1,344.28
48030,STARLINK-2268,2024-11-26T22:00:01Z,2024-11-27T06:00:01Z,-1513.7,504.48
48030,STARLINK-2268,2024-11-27T06:00:01Z,2024-11-27T14:00:01Z,-1678.8,504.48
48030,STARLINK-2268,2024-11-27T14:00:01Z,2024-11-27T22:00:01Z,-1634.6,504.48
48030,STARLINK-2268,2024-11-27T22:00:01Z,2024-11-28T14:00:01Z,-3141.7,504.48
48030,STARLINK-2268,2024-11-28T14:00:01Z,2024-11-28T22:00:01Z,-1676.5,504.48
48030,STARLINK-2268,2024-11-28T22:00:01Z,2024-11-29T04:00:02Z,-1116.5,504.48
48030,STARLINK-2268,2024-11-29T04:00:02Z,2024-11-29T14:00:01Z,-1996.8,504.48
48030,STARLINK-2268,2024-11-29T14:00:01Z,2024-11-29T20:00:01Z,-1254.3,504.48
48030,STARLINK-2268,2024-11-29T20:00:01Z,2024-11-29T22:00:01Z,-442.0,504.48
48030,STARLINK-2268,2024-11-29T22:00:01Z,2024-11-30T14:00:01Z,-3128.6,504.48
48031,STARLINK-2267,2024-11-26T22:00:01Z,2024-11-27T06:00:01Z,-1713.2,480.81
48031,STARLINK-2267,2024-11-27T06:00:01Z,2024-11-27T14:00:01Z,-1695.0,480.81
48031,STARLINK-2267,2024-11-27T14:00:01Z,2024-11-27T22:00:01Z,-1623.5,480.81
48031,STARLINK-2267,2024-11-27T22:00:01Z,2024-11-28T06:00:01Z,-1778.2,480.81
48031,STARLINK-2267,2024-11-28T06:00:01Z,2024-11-28T14:00:01Z,-1699.3,480.81
48031,STARLINK-2267,2024-11-28T14:00:01Z,2024-11-28T22:00:01Z,-1608.1,480.81
48031,STARLINK-2267,2024-11-28T22:00:01Z,2024-11-29T14:00:01Z,-3505.1,480.81
48031,STARLINK-2267,2024-11-29T14:00:01Z,2024-11-29T22:00:01Z,-1567.8,480.81
48031,STARLINK-2267,2024-11-29T22:00:01Z,2024-11-30T14:00:01Z,-3519.3,480.81
48033,STARLINK-2286,2024-11-26T21:03:54Z,2024-11-27T05:01:35Z,-116.2,554.33
48033,STARLINK-2286,2024-11-27T05:01:35Z,2024-11-27T12:59:18Z,260.9,554.33
48033,STARLINK-2286,2024-11-28T12:52:23Z,2024-11-29T00:01:08Z,-161.8,554.33
48033,STARLINK-2286,2024-11-29T12:45:27Z,2024-11-30T04:40:51Z,198.9,554.33
48034,STARLINK-2288,2024-11-28T05:21:15Z,2024-11-28T13:18:54Z,-101.4,554.33
48034,STARLINK-2288,2024-11-29T02:03:11Z,2024-11-29T19:34:11Z,163.6,554.33
48036,STARLINK-2295,2024-11-26T20:31:59Z,2024-11-26T23:40:38Z,-140.4,495.07
48036,STARLINK-2295,2024-11-26T23:40:38Z,2024-11-27T12:15:14Z,-255.7,495.07
48036,STARLINK-2295,2024-11-27T12:15:14Z,2024-11-27T20:06:49Z,-195.6,495.07
48036,STARLINK-2295,2024-11-27T20:06:49Z,2024-11-28T02:24:04Z,-205.6,495.07
48036,STARLINK-2295,2024-11-28T02:24:04Z,2024-11-28T19:41:27Z,-408.5,495.07
48036,STARLINK-2295,2024-11-28T19:41:27Z,2024-11-29T01:58:39Z,-185.2,495.07
48036,STARLINK-2295,2024-11-29T01:58:39Z,2024-11-30T04:41:37Z,-765.8,495.07
48092,STARLINK-2048,2024-11-26T14:00:01Z,2024-11-26T22:00:01Z,-723.0,444.48
48092,STARLINK-2048,2024-11-26T22:00:01Z,2024-11-27T06:00:01Z,-690.4,444.48
48092,STARLINK-2048,2024-11-27T06:00:01Z,2024-11-27T14:00:01Z,-544.2,444.48
48092,STARLINK-2048,2024-11-27T14:00:01Z,2024-11-27T22:00:01Z,-744.2,444.48
48092,STARLINK-2048,2024-11-27T22:00:01Z,2024-11-28T06:00:01Z,-690.3,444.48
48092,STARLINK-2048,2024-11-28T06:00:01Z,2024-11-28T14:00:01Z,-698.3,444.48
48092,STARLINK-2048,2024-11-28T14:00:01Z,2024-11-28T22:00:01Z,-367.9,444.48
48097,STARLINK-2418,2024-11-28T16:59:09Z,2024-11-29T18:27:48Z,106.4,554.31
48098,STARLINK-2421,2024-11-26T08:42:07Z,2024-11-26T16:39:54Z,301.5,554.36
48098,STARLINK-2421,2024-11-26T16:39:54Z,2024-11-27T08:35:13Z,-274.4,554.36
48099,STARLINK-2428,2024-11-26T19:33:38Z,2024-11-27T09:53:30Z,113.3,554.34
48104,STARLINK-2439,2024-11-26T16:32:30Z,2024-11-27T14:50:04Z,131.0,554.36
48104,STARLINK-2439,2024-11-29T19:22:54Z,2024-11-30T14:29:21Z,-129.3,554.36
48105,STARLINK-2440,2024-11-29T10:47:24Z,2024-11-30T10:40:29Z,-149.4,554.31
48106,STARLINK-2442,2024-11-26T17:07:38Z,2024-11-27T20:11:51Z,119.0,554.33
48106,STARLINK-2442,2024-11-29T18:22:31Z,2024-11-30T13:28:58Z,-137.2,554.33
48107,STARLINK-2443,2024-11-28T15:39:37Z,2024-11-29T13:57:08Z,-162.7,554.41
48111,STARLINK-2448,2024-11-29T17:38:42Z,2024-11-30T07:58:33Z,-119.7,554.32
48112,STARLINK-2449,2024-11-29T15:53:14Z,2024-11-29T20:39:48Z,-172.3,554.34
48112,STARLINK-2449,2024-11-29T20:39:48Z,2024-11-30T07:48:39Z,347.6,554.34
48115,STARLINK-2452,2024-11-28T15:48:50Z,2024-11-29T07:44:16Z,374.6,554.37
48115,STARLINK-2452,2024-11-29T07:44:16Z,2024-11-29T18:53:01Z,-381.7,554.37
48116,STARLINK-2454,2024-11-26T19:23:01Z,2024-11-27T16:05:04Z,160.5,554.31
48117,STARLINK-2455,2024-11-26T17:06:18Z,2024-11-27T07:26:10Z,114.1,554.27
48117,STARLINK-2455,2024-11-28T15:16:57Z,2024-11-29T19:56:41Z,103.1,554.27
48117,STARLINK-2455,2024-11-29T19:56:41Z,2024-11-30T13:27:36Z,-124.6,554.27
48119,STARLINK-2459,2024-11-26T20:28:00Z,2024-11-27T20:21:07Z,112.1,554.3
48119,STARLINK-2459,2024-11-28T17:03:06Z,2024-11-29T18:31:45Z,110.0,554.3
48121,STARLINK-2462,2024-11-28T18:06:49Z,2024-11-29T14:48:52Z,130.6,554.34
48122,STARLINK-2463,2024-11-26T22:00:01Z,2024-11-27T14:00:01Z,-4576.6,490.28
48122,STARLINK-2463,2024-11-27T14:00:01Z,2024-11-27T20:00:01Z,-1654.5,490.28
48122,STARLINK-2463,2024-11-27T20:00:01Z,2024-11-27T22:00:01Z,-628.6,490.28
48122,STARLINK-2463,2024-11-27T22:00:01Z,2024-11-28T14:00:01Z,-4525.7,490.28
48122,STARLINK-2463,2024-11-28T14:00:01Z,2024-11-28T22:00:01Z,-2306.4,490.28
48122,STARLINK-2463,2024-11-28T22:00:01Z,2024-11-29T14:00:01Z,-4555.9,490.28
48122,STARLINK-2463,2024-11-29T14:00:01Z,2024-11-29T20:00:01Z,264.7,490.28
48122,STARLINK-2463,2024-11-29T20:00:01Z,2024-11-29T22:00:01Z,-437.3,490.28
48122,STARLINK-2463,2024-11-29T22:00:01Z,2024-11-30T04:00:01Z,-1515.2,490.28
48122,STARLINK-2463,2024-11-30T04:00:01Z,2024-11-30T14:00:01Z,-2901.8,490.28
48123,STARLINK-2464,2024-11-29T07:03:07Z,2024-11-29T13:25:15Z,-117.5,554.34
48125,STARLINK-2466,2024-11-28T18:37:22Z,2024-11-29T08:57:15Z,122.2,554.35
48128,STARLINK-2469,2024-11-27T13:45:44Z,2024-11-28T12:03:18Z,-125.0,554.35
48128,STARLINK-2469,2024-11-29T15:07:29Z,2024-11-30T10:13:56Z,-142.8,554.35
48130,STARLINK-2472,2024-11-26T21:32:29Z,2024-11-27T18:14:31Z,103.8,554.33
48131,STARLINK-2473,2024-11-26T17:34:15Z,2024-11-27T06:00:01Z,405.7,554.36
48131,STARLINK-2473,2024-11-27T06:00:01Z,2024-11-27T14:16:14Z,-173.1,554.36
48131,STARLINK-2473,2024-11-27T15:51:46Z,2024-11-28T14:09:19Z,-134.7,554.36
48131,STARLINK-2473,2024-11-28T17:20:23Z,2024-11-29T17:13:30Z,193.2,554.36
48131,STARLINK-2473,2024-11-29T22:00:08Z,2024-11-30T14:00:01Z,-161.2,554.36
48132,STARLINK-2474,2024-11-29T02:24:25Z,2024-11-29T18:19:50Z,165.7,554.35
48134,STARLINK-2476,2024-11-26T18:14:00Z,2024-11-27T10:09:26Z,146.4,554.34
48134,STARLINK-2476,2024-11-29T17:53:19Z,2024-11-30T14:35:18Z,-101.7,554.34
48135,STARLINK-2478,2024-11-26T19:51:34Z,2024-11-27T10:11:28Z,131.8,554.35
48136,STARLINK-2479,2024-11-26T20:00:15Z,2024-11-27T19:53:21Z,102.5,554.32
48138,STARLINK-2481,2024-11-28T16:40:37Z,2024-11-29T04:00:02Z,182.7,554.36
48138,STARLINK-2481,2024-11-29T19:44:48Z,2024-11-30T14:51:13Z,-135.0,554.36
48139,STARLINK-2482,2024-11-28T14:51:46Z,2024-11-29T16:20:25Z,125.8,554.32
48141,STARLINK-2484,2024-11-26T14:00:01Z,2024-11-26T22:00:01Z,-2221.7,491.73
48141,STARLINK-2484,2024-11-26T22:00:01Z,2024-11-27T14:00:01Z,-4625.5,491.73
48141,STARLINK-2484,2024-11-27T14:00:01Z,2024-11-27T20:00:01Z,-1603.7,491.73
48141,STARLINK-2484,2024-11-27T20:00:01Z,2024-11-27T22:00:01Z,-626.0,491.73
48141,STARLINK-2484,2024-11-27T22:00:01Z,2024-11-28T04:00:01Z,-1692.3,491.73
48141,STARLINK-2484,2024-11-28T04:00:01Z,2024-11-28T14:00:01Z,-2907.9,491.73
48141,STARLINK-2484,2024-11-28T14:00:01Z,2024-11-28T22:00:01Z,-2238.5,491.73
48141,STARLINK-2484,2024-11-28T22:00:01Z,2024-11-29T20:00:01Z,-6203.1,491.73
48141,STARLINK-2484,2024-11-29T20:00:01Z,2024-11-29T22:00:01Z,-634.4,491.73
48141,STARLINK-2484,2024-11-29T22:00:01Z,2024-11-30T04:00:01Z,-1626.3,491.73
48141,STARLINK-2484,2024-11-30T04:00:01Z,2024-11-30T14:00:01Z,-2897.9,491.73
48142,STARLINK-2485,2024-11-26T16:35:49Z,2024-11-27T08:31:14Z,136.3,554.37
48142,STARLINK-2485,2024-11-28T17:57:32Z,2024-11-29T16:15:07Z,130.9,554.37
48143,STARLINK-2486,2024-11-27T14:40:50Z,2024-11-28T11:22:49Z,-177.9,554.26
48143,STARLINK-2486,2024-11-28T11:22:49Z,2024-11-29T11:15:55Z,263.7,554.26
48143,STARLINK-2486,2024-11-29T11:15:55Z,2024-11-30T11:09:00Z,-222.8,554.26
48144,STARLINK-2487,2024-11-26T16:46:25Z,2024-11-27T15:03:59Z,124.7,554.34
48149,STARLINK-2492,2024-11-28T16:06:05Z,2024-11-29T08:01:30Z,128.4,554.34
48150,STARLINK-2493,2024-11-26T16:25:12Z,2024-11-27T08:20:36Z,102.9,554.33
48151,STARLINK-2503,2024-11-28T16:16:42Z,2024-11-29T08:12:06Z,115.6,554.33
48151,STARLINK-2503,2024-11-29T19:20:53Z,2024-11-30T16:02:52Z,-122.0,554.33
48280,STARLINK-2565,2024-11-27T13:11:55Z,2024-11-28T13:04:59Z,-125.4,554.29
48280,STARLINK-2565,2024-11-29T09:47:01Z,2024-11-30T09:40:06Z,-111.3,554.29
48281,STARLINK-2520,2024-11-26T22:00:01Z,2024-11-27T04:00:01Z,-1789.2,494.3
48281,STARLINK-2520,2024-11-27T04:00:01Z,2024-11-27T14:00:01Z,-2779.7,494.3
48281,STARLINK-2520,2024-11-27T14:00:01Z,2024-11-27T22:00:01Z,-2262.1,494.3
48281,STARLINK-2520,2024-11-27T22:00:01Z,2024-11-28T04:00:01Z,-1817.9,494.3
48281,STARLINK-2520,2024-11-28T04:00:01Z,2024-11-28T14:00:01Z,-2763.5,494.3
48281,STARLINK-2520,2024-11-28T14:00:01Z,2024-11-28T22:00:01Z,-2258.5,494.3
48281,STARLINK-2520,2024-11-28T22:00:01Z,2024-11-29T04:00:02Z,-1815.8,494.3
48281,STARLINK-2520,2024-11-29T04:00:02Z,2024-11-29T22:00:01Z,-5015.0,494.3
48281,STARLINK-2520,2024-11-29T22:00:01Z,2024-11-30T12:00:01Z,-3961.8,494.3
48281,STARLINK-2520,2024-11-30T12:00:01Z,2024-11-30T14:00:01Z,-600.0,494.3
48282,STARLINK-2558,2024-11-26T12:35:40Z,2024-11-27T02:55:32Z,214.8,554.31
48282,STARLINK-2558,2024-11-29T13:50:31Z,2024-11-30T08:56:58Z,-122.2,554.31
48283,STARLINK-2516,2024-11-26T12:30:21Z,2024-11-27T12:23:30Z,226.5,554.27
48283,STARLINK-2516,2024-11-27T15:34:34Z,2024-11-28T10:41:01Z,-214.9,554.27
48283,STARLINK-2516,2024-11-29T02:36:26Z,2024-11-29T08:58:35Z,103.6,554.27
48283,STARLINK-2516,2024-11-29T13:45:12Z,2024-11-30T12:02:44Z,-139.2,554.27
48284,STARLINK-2564,2024-11-26T12:25:02Z,2024-11-27T12:18:11Z,293.7,554.3
48284,STARLINK-2564,2024-11-29T02:31:07Z,2024-11-29T08:53:17Z,130.4,554.3
48284,STARLINK-2564,2024-11-29T08:53:17Z,2024-11-30T08:46:22Z,-169.8,554.3
48286,STARLINK-2547,2024-11-26T12:51:38Z,2024-11-27T09:33:40Z,135.0,554.31
48286,STARLINK-2547,2024-11-28T09:26:45Z,2024-11-29T09:19:52Z,110.5,554.31
48287,STARLINK-2566,2024-11-26T10:33:34Z,2024-11-27T04:04:31Z,146.1,554.36
48287,STARLINK-2566,2024-11-30T02:08:17Z,2024-11-30T11:41:30Z,-132.4,554.36
48288,STARLINK-2562,2024-11-29T11:53:45Z,2024-11-30T11:46:49Z,-188.6,554.34
48289,STARLINK-2545,2024-11-26T13:34:02Z,2024-11-27T15:02:42Z,205.7,554.29
48290,STARLINK-2540,2024-11-26T13:28:44Z,2024-11-27T10:10:47Z,144.6,554.32
48290,STARLINK-2540,2024-11-27T13:21:52Z,2024-11-28T10:03:53Z,-135.0,554.32
48292,STARLINK-2542,2024-11-26T10:28:18Z,2024-11-27T03:59:15Z,182.7,554.3
48293,STARLINK-2550,2024-11-26T11:37:17Z,2024-11-27T13:05:56Z,226.5,554.26
48294,STARLINK-2533,2024-11-27T11:25:07Z,2024-11-28T09:42:38Z,-127.4,554.32
48295,STARLINK-2535,2024-11-26T13:02:12Z,2024-11-27T09:44:14Z,166.9,554.29
48295,STARLINK-2535,2024-11-27T09:44:14Z,2024-11-28T09:37:20Z,-100.4,554.29
48296,STARLINK-2546,2024-11-26T20:00:02Z,2024-11-26T22:00:01Z,-520.2,494.35
48296,STARLINK-2546,2024-11-26T22:00:01Z,2024-11-27T14:00:01Z,-4522.4,494.35
48296,STARLINK-2546,2024-11-27T14:00:01Z,2024-11-27T22:00:01Z,-2320.2,494.35
48296,STARLINK-2546,2024-11-27T22:00:01Z,2024-11-28T04:00:01Z,-1760.0,494.35
48296,STARLINK-2546,2024-11-28T04:00:01Z,2024-11-28T14:00:01Z,-2765.3,494.35
48296,STARLINK-2546,2024-11-28T14:00:01Z,2024-11-28T20:00:01Z,-1807.2,494.35
48296,STARLINK-2546,2024-11-28T20:00:01Z,2024-11-28T22:00:01Z,-496.1,494.35
48296,STARLINK-2546,2024-11-28T22:00:01Z,2024-11-29T22:00:01Z,-6807.5,494.35
48296,STARLINK-2546,2024-11-29T22:00:01Z,2024-11-30T04:00:01Z,-1775.9,494.35
48296,STARLINK-2546,2024-11-30T04:00:01Z,2024-11-30T14:00:01Z,-2754.2,494.35
48299,STARLINK-2557,2024-11-26T12:40:58Z,2024-11-27T12:34:06Z,187.0,554.3
48300,STARLINK-2538,2024-11-26T12:29:00Z,2024-11-27T04:24:25Z,125.8,554.35
48300,STARLINK-2538,2024-11-27T12:22:08Z,2024-11-28T10:39:41Z,-183.7,554.35
48300,STARLINK-2538,2024-11-29T10:32:48Z,2024-11-30T12:01:24Z,-172.7,554.35
48302,STARLINK-2556,2024-11-26T12:00:01Z,2024-11-26T22:00:01Z,-2718.8,369.74
48302,STARLINK-2556,2024-11-26T22:00:01Z,2024-11-27T12:00:02Z,-3801.6,369.74
48302,STARLINK-2556,2024-11-27T12:00:02Z,2024-11-27T14:00:01Z,-496.8,369.74
48302,STARLINK-2556,2024-11-27T14:00:01Z,2024-11-27T22:00:01Z,-2242.7,369.74
48302,STARLINK-2556,2024-11-27T22:00:01Z,2024-11-28T04:00:01Z,-1645.3,369.74
48302,STARLINK-2556,2024-11-28T04:00:01Z,2024-11-28T14:00:01Z,-2662.8,369.74
48302,STARLINK-2556,2024-11-28T14:00:01Z,2024-11-28T20:00:01Z,-1737.5,369.74
48302,STARLINK-2556,2024-11-28T20:00:01Z,2024-11-28T22:00:01Z,-467.4,369.74
48302,STARLINK-2556,2024-11-28T22:00:01Z,2024-11-29T12:00:01Z,-3782.1,369.74
48302,STARLINK-2556,2024-11-29T12:00:01Z,2024-11-29T22:00:01Z,-2712.7,369.74
48302,STARLINK-2556,2024-11-29T22:00:01Z,2024-11-30T04:00:01Z,-1706.8,369.74
48302,STARLINK-2556,2024-11-30T04:00:01Z,2024-11-30T14:00:01Z,-2642.3,369.74
48303,STARLINK-2530,2024-11-26T13:27:30Z,2024-11-27T10:09:33Z,124.8,554.34
48303,STARLINK-2530,2024-11-29T09:55:44Z,2024-11-30T09:48:48Z,-124.1,554.34
48304,STARLINK-2524,2024-11-29T10:11:33Z,2024-11-30T03:42:29Z,-135.1,554.27
48305,STARLINK-2519,2024-11-26T13:22:12Z,2024-11-27T13:15:18Z,180.0,554.36
48305,STARLINK-2519,2024-11-28T11:32:54Z,2024-11-29T14:37:03Z,-121.3,554.36
48305,STARLINK-2519,2024-11-29T14:37:03Z,2024-11-30T12:54:37Z,108.1,554.36
48306,STARLINK-2523,2024-11-28T10:07:51Z,2024-11-29T10:00:58Z,140.4,554.33
48306,STARLINK-2523,2024-11-29T10:00:58Z,2024-11-30T09:54:01Z,-199.0,554.33
48309,STARLINK-2517,2024-11-26T13:16:47Z,2024-11-27T11:34:20Z,-107.9,554.39
48309,STARLINK-2517,2024-11-29T14:31:38Z,2024-11-30T09:38:06Z,-143.3,554.39
48310,STARLINK-2536,2024-11-26T08:24:52Z,2024-11-27T13:04:36Z,126.2,554.33
48313,STARLINK-2541,2024-11-26T12:00:01Z,2024-11-26T22:00:01Z,-2864.8,494.36
48313,STARLINK-2541,2024-11-26T22:00:01Z,2024-11-27T12:00:02Z,-3995.9,494.36
48313,STARLINK-2541,2024-11-27T12:00:02Z,2024-11-27T14:00:01Z,-508.4,494.36
48313,STARLINK-2541,2024-11-27T14:00:01Z,2024-11-27T22:00:01Z,-2333.6,494.36
48313,STARLINK-2541,2024-11-27T22:00:01Z,2024-11-28T12:00:01Z,-3977.1,494.36
48313,STARLINK-2541,2024-11-28T12:00:01Z,2024-11-28T14:00:01Z,-525.8,494.36
48313,STARLINK-2541,2024-11-28T14:00:01Z,2024-11-28T22:00:01Z,-2317.6,494.36
48313,STARLINK-2541,2024-11-28T22:00:01Z,2024-11-29T04:00:02Z,-1748.1,494.36
48313,STARLINK-2541,2024-11-29T04:00:02Z,2024-11-29T20:00:01Z,-4584.5,494.36
48313,STARLINK-2541,2024-11-29T20:00:01Z,2024-11-29T22:00:01Z,-491.9,494.36
48313,STARLINK-2541,2024-11-29T22:00:01Z,2024-11-30T12:00:01Z,-3961.9,494.36
48313,STARLINK-2541,2024-11-30T12:00:01Z,2024-11-30T14:00:01Z,-530.1,494.36
48314,STARLINK-2549,2024-11-27T12:43:23Z,2024-11-28T12:36:26Z,-114.9,554.34
48316,STARLINK-2507,2024-11-28T12:25:50Z,2024-11-29T02:45:43Z,128.5,554.37
48316,STARLINK-2507,2024-11-29T02:45:43Z,2024-11-30T12:11:59Z,-237.9,554.37
48317,STARLINK-2513,2024-11-26T12:34:20Z,2024-11-27T10:51:55Z,139.0,554.36
48318,STARLINK-2509,2024-11-27T04:17:47Z,2024-11-27T12:15:29Z,118.0,554.36
48318,STARLINK-2509,2024-11-29T15:12:47Z,2024-11-30T10:19:15Z,-152.6,554.36
48319,STARLINK-2512,2024-11-26T13:51:15Z,2024-11-27T07:22:12Z,258.4,554.36
48319,STARLINK-2512,2024-11-28T12:01:55Z,2024-11-29T03:57:20Z,143.3,554.36
48320,STARLINK-2029,2024-11-29T15:02:10Z,2024-11-30T10:08:37Z,-100.3,554.32
48321,STARLINK-2457,2024-11-27T13:35:09Z,2024-11-28T13:28:14Z,-109.1,554.35
48322,STARLINK-2477,2024-11-26T14:00:01Z,2024-11-26T22:00:01Z,-2387.4,498.49
48322,STARLINK-2477,2024-11-26T22:00:01Z,2024-11-27T06:00:01Z,-2271.9,498.49
48322,STARLINK-2477,2024-11-27T06:00:01Z,2024-11-27T14:00:01Z,-2195.3,498.49
48322,STARLINK-2477,2024-11-27T14:00:01Z,2024-11-27T22:00:01Z,-2377.8,498.49
48322,STARLINK-2477,2024-11-27T22:00:01Z,2024-11-28T06:00:01Z,-2277.0,498.49
48322,STARLINK-2477,2024-11-28T06:00:01Z,2024-11-28T14:00:01Z,-2185.0,498.49
48322,STARLINK-2477,2024-11-28T14:00:01Z,2024-11-28T22:00:01Z,-2370.5,498.49
48322,STARLINK-2477,2024-11-28T22:00:01Z,2024-11-29T06:00:01Z,-2290.5,498.49
48322,STARLINK-2477,2024-11-29T06:00:01Z,2024-11-29T22:00:01Z,-4507.4,498.49
48322,STARLINK-2477,2024-11-29T22:00:01Z,2024-11-30T14:00:01Z,-4477.0,498.49
48323,STARLINK-2515,2024-11-27T13:24:32Z,2024-11-28T13:17:35Z,-200.3,554.34
48323,STARLINK-2515,2024-11-28T13:17:35Z,2024-11-29T06:48:33Z,200.6,554.34
48323,STARLINK-2515,2024-11-29T06:48:33Z,2024-11-30T09:52:42Z,-144.6,554.34
48325,STARLINK-2495,2024-11-27T11:38:23Z,2024-11-28T11:31:26Z,-119.1,554.34
48328,STARLINK-2504,2024-11-26T13:04:52Z,2024-11-27T11:22:27Z,126.0,554.35
48328,STARLINK-2504,2024-11-28T12:51:05Z,2024-11-29T11:08:38Z,-193.8,554.35
48331,STARLINK-2514,2024-11-26T12:48:55Z,2024-11-27T11:06:30Z,146.1,554.3
48331,STARLINK-2514,2024-11-27T11:06:30Z,2024-11-29T04:30:32Z,-130.3,554.3
48332,STARLINK-2511,2024-11-27T11:05:09Z,2024-11-30T10:44:25Z,-116.6,554.32
48333,STARLINK-2518,2024-11-27T04:33:43Z,2024-11-27T10:55:53Z,141.8,554.35
48335,STARLINK-2441,2024-11-26T14:00:01Z,2024-11-26T22:00:01Z,-2361.0,492.0
48335,STARLINK-2441,2024-11-26T22:00:01Z,2024-11-27T06:00:01Z,-2282.6,492.0
48335,STARLINK-2441,2024-11-27T06:00:01Z,2024-11-27T14:00:01Z,-2196.0,492.0
48335,STARLINK-2441,2024-11-27T14:00:01Z,2024-11-27T22:00:01Z,-2345.3,492.0
48335,STARLINK-2441,2024-11-27T22:00:01Z,2024-11-28T06:00:01Z,-2298.3,492.0
48335,STARLINK-2441,2024-11-28T06:00:01Z,2024-11-28T14:00:01Z,-2186.6,492.0
48335,STARLINK-2441,2024-11-28T14:00:01Z,2024-11-28T22:00:01Z,-2325.2,492.0
48335,STARLINK-2441,2024-11-28T22:00:01Z,2024-11-29T06:00:01Z,-2573.4,492.0
48335,STARLINK-2441,2024-11-29T06:00:01Z,2024-11-29T14:00:01Z,-1402.7,492.0
48335,STARLINK-2441,2024-11-29T14:00:01Z,2024-11-29T22:00:01Z,-1193.3,492.0
48335,STARLINK-2441,2024-11-29T22:00:01Z,2024-11-30T14:00:01Z,-4486.1,492.0
48353,STARLINK-2613,2024-11-28T07:35:14Z,2024-11-28T21:55:06Z,128.3,554.32
48353,STARLINK-2613,2024-11-29T13:50:30Z,2024-11-30T04:10:20Z,-132.4,554.32
48353,STARLINK-2613,2024-11-30T05:45:52Z,2024-11-30T13:43:34Z,162.6,554.32
48354,STARLINK-2674,2024-11-28T07:29:56Z,2024-11-29T04:11:58Z,122.8,554.36
48354,STARLINK-2674,2024-11-29T04:11:58Z,2024-11-30T13:38:15Z,-203.0,554.36
48355,STARLINK-2635,2024-11-29T04:06:40Z,2024-11-30T03:59:43Z,-111.8,554.35
48356,STARLINK-2637,2024-11-29T04:01:21Z,2024-11-30T03:54:25Z,-217.7,554.34
48357,STARLINK-2636,2024-11-26T08:26:16Z,2024-11-27T05:08:18Z,139.6,554.36
48357,STARLINK-2636,2024-11-27T05:08:18Z,2024-11-28T05:01:23Z,-135.8,554.36
48357,STARLINK-2636,2024-11-28T05:01:23Z,2024-11-28T20:56:47Z,111.5,554.36
48357,STARLINK-2636,2024-11-29T14:27:44Z,2024-11-30T06:23:06Z,-183.6,554.36
48357,STARLINK-2636,2024-11-30T06:23:06Z,2024-11-30T14:20:49Z,227.8,554.36
48358,STARLINK-2624,2024-11-27T15:13:20Z,2024-11-28T07:08:42Z,-103.5,554.4
48358,STARLINK-2624,2024-11-28T07:08:42Z,2024-11-28T21:28:35Z,100.2,554.4
48358,STARLINK-2624,2024-11-28T21:28:35Z,2024-11-29T21:21:38Z,-119.2,554.4
48359,STARLINK-2628,2024-11-26T07:17:11Z,2024-11-27T07:10:17Z,122.5,554.36
48359,STARLINK-2628,2024-11-27T15:08:00Z,2024-11-28T07:03:24Z,-114.2,554.36
48361,STARLINK-2591,2024-11-27T06:59:43Z,2024-11-28T06:52:45Z,-129.4,554.36
48361,STARLINK-2591,2024-11-28T06:52:45Z,2024-11-28T14:50:29Z,111.1,554.36
48363,STARLINK-2626,2024-11-26T23:37:36Z,2024-11-27T13:52:32Z,-148.0,527.54
48363,STARLINK-2626,2024-11-27T13:52:32Z,2024-11-28T04:07:26Z,-144.1,527.54
48363,STARLINK-2626,2024-11-28T04:07:26Z,2024-11-28T13:37:21Z,-107.3,527.54
48363,STARLINK-2626,2024-11-28T19:57:17Z,2024-11-29T07:02:10Z,-117.4,527.54
48363,STARLINK-2626,2024-11-29T13:22:05Z,2024-11-30T05:11:52Z,-206.8,527.54
48364,STARLINK-2611,2024-11-29T03:16:56Z,2024-11-30T06:21:04Z,-162.2,554.35
48365,STARLINK-2608,2024-11-27T07:24:15Z,2024-11-28T04:06:14Z,-106.1,554.3
48365,STARLINK-2608,2024-11-28T07:17:19Z,2024-11-29T03:59:21Z,150.4,554.3
48367,STARLINK-2643,2024-11-26T07:07:56Z,2024-11-27T07:00:59Z,-152.4,554.36
48367,STARLINK-2643,2024-11-27T07:00:59Z,2024-11-27T21:20:52Z,169.2,554.36
48367,STARLINK-2643,2024-11-27T21:20:52Z,2024-11-29T03:36:06Z,-154.8,554.36
48367,STARLINK-2643,2024-11-29T03:36:06Z,2024-11-29T19:31:30Z,179.6,554.36
48368,STARLINK-2623,2024-11-26T09:47:08Z,2024-11-27T01:42:35Z,116.8,554.27
48368,STARLINK-2623,2024-11-27T06:29:11Z,2024-11-27T20:49:03Z,148.0,554.27
48368,STARLINK-2623,2024-11-29T06:15:23Z,2024-11-29T20:35:16Z,141.3,554.27
48369,STARLINK-2641,2024-11-27T06:55:41Z,2024-11-27T14:53:24Z,131.6,554.34
48369,STARLINK-2641,2024-11-28T06:48:48Z,2024-11-29T03:30:47Z,-122.4,554.34
48369,STARLINK-2641,2024-11-29T03:30:47Z,2024-11-29T13:04:02Z,100.2,554.34
48370,STARLINK-2621,2024-11-26T06:57:19Z,2024-11-27T06:50:22Z,-161.7,554.31
48370,STARLINK-2621,2024-11-27T06:50:22Z,2024-11-28T03:32:24Z,193.7,554.31
48371,STARLINK-2589,2024-11-26T06:52:01Z,2024-11-27T06:45:04Z,-147.6,554.35
48371,STARLINK-2589,2024-11-27T06:45:04Z,2024-11-27T21:04:56Z,222.2,554.35
48373,STARLINK-2609,2024-11-29T03:09:34Z,2024-11-29T20:40:30Z,165.0,554.34
48374,STARLINK-2604,2024-11-29T03:52:05Z,2024-11-29T13:25:21Z,109.0,554.37
48375,STARLINK-2603,2024-11-28T06:16:59Z,2024-11-28T20:36:48Z,-111.6,554.34
48375,STARLINK-2603,2024-11-29T06:10:00Z,2024-11-29T20:29:55Z,159.1,554.34
48376,STARLINK-2610,2024-11-27T06:18:31Z,2024-11-27T14:16:14Z,111.5,554.35
48376,STARLINK-2610,2024-11-28T06:11:38Z,2024-11-29T02:53:38Z,-184.9,554.35
48376,STARLINK-2610,2024-11-29T02:53:38Z,2024-11-29T20:24:35Z,129.0,554.35
48377,STARLINK-2499,2024-11-26T07:29:15Z,2024-11-27T07:22:18Z,-129.2,554.34
48377,STARLINK-2499,2024-11-27T07:22:18Z,2024-11-27T21:42:11Z,216.1,554.34
48377,STARLINK-2499,2024-11-28T13:37:34Z,2024-11-29T02:21:52Z,-105.7,554.34
48377,STARLINK-2499,2024-11-29T07:08:29Z,2024-11-29T13:30:40Z,177.0,554.34
48378,STARLINK-2526,2024-11-27T06:07:55Z,2024-11-28T09:12:06Z,188.4,554.31
48378,STARLINK-2526,2024-11-28T13:58:43Z,2024-11-29T01:07:30Z,-113.6,554.31
48378,STARLINK-2526,2024-11-29T05:54:06Z,2024-11-29T20:13:59Z,189.0,554.31
48379,STARLINK-2612,2024-11-28T13:53:26Z,2024-11-29T01:02:12Z,-109.7,554.34
48380,STARLINK-2614,2024-11-28T06:06:28Z,2024-11-28T23:37:23Z,-101.8,554.35
48381,STARLINK-2630,2024-11-26T07:39:47Z,2024-11-27T07:32:50Z,-165.5,554.33
48381,STARLINK-2630,2024-11-27T07:32:50Z,2024-11-27T13:55:00Z,174.9,554.33
48381,STARLINK-2630,2024-11-27T20:17:10Z,2024-11-28T04:14:52Z,102.5,554.33
48381,STARLINK-2630,2024-11-28T13:48:07Z,2024-11-29T05:43:29Z,-163.0,554.33
48381,STARLINK-2630,2024-11-29T05:43:29Z,2024-11-29T13:41:11Z,120.5,554.33
48382,STARLINK-2585,2024-11-26T12:21:04Z,2024-11-27T13:49:41Z,103.3,554.33
48382,STARLINK-2585,2024-11-28T04:09:34Z,2024-11-29T04:02:38Z,-210.5,554.33
48382,STARLINK-2585,2024-11-29T04:02:38Z,2024-11-29T13:35:52Z,104.9,554.33
48382,STARLINK-2585,2024-11-29T13:35:52Z,2024-11-30T05:31:17Z,142.9,554.33
48385,STARLINK-2598,2024-11-26T07:18:33Z,2024-11-27T07:11:36Z,-156.3,554.35
48385,STARLINK-2598,2024-11-27T07:11:36Z,2024-11-27T21:31:28Z,198.8,554.35
48385,STARLINK-2598,2024-11-29T06:57:47Z,2024-11-29T13:19:57Z,102.8,554.35
48385,STARLINK-2598,2024-11-29T13:19:57Z,2024-11-29T21:17:40Z,111.4,554.35
48386,STARLINK-2606,2024-11-28T21:06:40Z,2024-11-29T03:28:49Z,-106.7,554.32
48386,STARLINK-2606,2024-11-29T06:39:53Z,2024-11-29T13:02:03Z,185.0,554.32
48387,STARLINK-2600,2024-11-26T14:00:01Z,2024-11-26T22:00:01Z,-2417.4,290.88
48387,STARLINK-2600,2024-11-26T22:00:01Z,2024-11-27T14:00:01Z,-4795.3,290.88
48387,STARLINK-2600,2024-11-27T14:00:01Z,2024-11-27T22:00:01Z,-2507.5,290.88
48387,STARLINK-2600,2024-11-27T22:00:01Z,2024-11-28T04:00:01Z,-1674.8,290.88
48387,STARLINK-2600,2024-11-28T04:00:01Z,2024-11-28T14:00:01Z,-3051.1,290.88
48387,STARLINK-2600,2024-11-28T14:00:01Z,2024-11-28T22:00:01Z,-2489.3,290.88
48387,STARLINK-2600,2024-11-28T22:00:01Z,2024-11-29T04:00:02Z,-1628.5,290.88
48387,STARLINK-2600,2024-11-29T04:00:02Z,2024-11-29T14:00:01Z,-3140.3,290.88
48387,STARLINK-2600,2024-11-29T14:00:01Z,2024-11-29T22:00:01Z,-2495.2,290.88
48387,STARLINK-2600,2024-11-29T22:00:01Z,2024-11-30T04:00:01Z,-1639.5,290.88
48387,STARLINK-2600,2024-11-30T04:00:01Z,2024-11-30T08:00:01Z,-1098.4,290.88
48390,STARLINK-2586,2024-11-29T02:07:12Z,2024-11-29T19:38:09Z,208.1,554.32
48391,STARLINK-2607,2024-11-26T08:44:47Z,2024-11-26T21:29:06Z,105.4,554.34
48393,STARLINK-2602,2024-11-26T21:18:28Z,2024-11-27T13:13:52Z,121.4,554.32
48393,STARLINK-2602,2024-11-29T01:51:17Z,2024-11-29T19:22:14Z,134.0,554.32
48394,STARLINK-2573,2024-11-26T22:00:01Z,2024-11-27T06:00:01Z,-2210.0,491.79
48394,STARLINK-2573,2024-11-27T06:00:01Z,2024-11-27T14:00:01Z,-2347.1,491.79
48394,STARLINK-2573,2024-11-27T14:00:01Z,2024-11-27T22:00:01Z,-2301.0,491.79
48394,STARLINK-2573,2024-11-27T22:00:01Z,2024-11-28T14:00:01Z,-5041.6,491.79
48394,STARLINK-2573,2024-11-28T14:00:01Z,2024-11-28T22:00:01Z,-1131.7,491.79
48394,STARLINK-2573,2024-11-29T14:00:01Z,2024-11-29T20:00:01Z,425.3,491.79
48394,STARLINK-2573,2024-11-29T20:00:01Z,2024-11-29T22:00:01Z,-561.0,491.79
48394,STARLINK-2573,2024-11-29T22:00:01Z,2024-11-30T14:00:01Z,-4673.2,491.79
48395,STARLINK-2574,2024-11-27T06:14:41Z,2024-11-27T14:12:23Z,100.0,554.37
48395,STARLINK-2574,2024-11-28T02:56:43Z,2024-11-29T02:49:46Z,-171.3,554.37
48395,STARLINK-2574,2024-11-29T02:49:46Z,2024-11-29T20:20:44Z,177.4,554.37
48396,STARLINK-2575,2024-11-28T03:23:08Z,2024-11-28T19:18:32Z,-135.7,554.33
48396,STARLINK-2575,2024-11-28T19:18:32Z,2024-11-29T03:16:12Z,-109.6,554.33
48396,STARLINK-2575,2024-11-29T03:16:12Z,2024-11-29T12:49:26Z,107.3,554.33
48397,STARLINK-2590,2024-11-29T06:21:58Z,2024-11-29T12:44:08Z,103.7,554.29
48397,STARLINK-2590,2024-11-29T12:44:08Z,2024-11-30T06:15:05Z,133.4,554.29
48398,STARLINK-2588,2024-11-27T06:30:29Z,2024-11-27T20:50:22Z,135.0,554.35
48398,STARLINK-2588,2024-11-28T06:23:36Z,2024-11-28T20:43:26Z,-101.0,554.35
48398,STARLINK-2588,2024-11-29T12:38:49Z,2024-11-30T12:31:56Z,181.9,554.35
48399,STARLINK-2587,2024-11-29T03:00:17Z,2024-11-29T20:31:14Z,109.8,554.37
48400,STARLINK-2576,2024-11-26T20:46:38Z,2024-11-26T23:57:43Z,185.8,554.38
48400,STARLINK-2576,2024-11-26T23:57:43Z,2024-11-27T06:19:50Z,-338.3,554.38
48400,STARLINK-2576,2024-11-27T06:19:50Z,2024-11-28T04:37:25Z,325.6,554.38
48400,STARLINK-2576,2024-11-28T06:12:58Z,2024-11-29T02:54:58Z,-173.0,554.38
48400,STARLINK-2576,2024-11-29T02:54:58Z,2024-11-29T20:25:55Z,168.9,554.38
48403,STARLINK-2561,2024-11-29T13:17:14Z,2024-11-30T13:09:01Z,-101.4,550.27
48404,STARLINK-2593,2024-11-28T13:54:46Z,2024-11-29T02:39:03Z,-102.9,554.34
48404,STARLINK-2593,2024-11-29T05:50:08Z,2024-11-29T20:10:00Z,177.6,554.34
48405,STARLINK-2570,2024-11-28T20:11:36Z,2024-11-29T02:33:45Z,-111.4,554.34
48405,STARLINK-2570,2024-11-29T02:33:45Z,2024-11-29T20:04:41Z,124.6,554.34
48406,STARLINK-2568,2024-11-26T07:35:47Z,2024-11-27T05:53:19Z,-138.0,554.33
48406,STARLINK-2568,2024-11-27T05:53:19Z,2024-11-27T13:51:02Z,249.5,554.33
48406,STARLINK-2568,2024-11-29T13:37:12Z,2024-11-30T05:32:38Z,141.6,554.33
48407,STARLINK-2595,2024-11-26T06:32:09Z,2024-11-26T23:56:38Z,-176.6,525.63
48407,STARLINK-2595,2024-11-27T06:16:26Z,2024-11-28T02:50:45Z,-218.9,525.63
48407,STARLINK-2595,2024-11-28T02:50:45Z,2024-11-28T20:15:08Z,-207.5,525.63
48407,STARLINK-2595,2024-11-29T02:34:53Z,2024-11-30T11:48:32Z,-394.8,525.63
48408,STARLINK-2592,2024-11-26T10:36:14Z,2024-11-26T12:11:48Z,246.0,554.35
48411,STARLINK-2505,2024-11-27T17:56:32Z,2024-11-28T09:51:56Z,-117.1,554.35
48411,STARLINK-2505,2024-11-28T09:51:56Z,2024-11-29T03:22:50Z,-135.2,554.35
48411,STARLINK-2505,2024-11-29T09:45:00Z,2024-11-29T22:29:20Z,119.4,554.35
48412,STARLINK-2581,2024-11-27T10:25:26Z,2024-11-27T23:09:46Z,159.9,554.28
48412,STARLINK-2581,2024-11-27T23:09:46Z,2024-11-28T19:51:47Z,-125.6,554.28
48429,STARLINK-2749,2024-11-26T12:00:01Z,2024-11-26T22:00:01Z,-2857.8,493.42
48429,STARLINK-2749,2024-11-26T22:00:01Z,2024-11-27T12:00:02Z,-4043.0,493.42
48429,STARLINK-2749,2024-11-27T12:00:02Z,2024-11-27T14:00:01Z,-542.0,493.42
48429,STARLINK-2749,2024-11-27T14:00:01Z,2024-11-27T22:00:01Z,-2274.4,493.42
48429,STARLINK-2749,2024-11-27T22:00:01Z,2024-11-28T14:00:01Z,-4553.5,493.42
48429,STARLINK-2749,2024-11-28T14:00:01Z,2024-11-28T20:00:01Z,-1661.9,493.42
48429,STARLINK-2749,2024-11-28T20:00:01Z,2024-11-28T22:00:01Z,-642.2,493.42
48429,STARLINK-2749,2024-11-28T22:00:01Z,2024-11-29T12:00:01Z,-4330.6,493.42
48429,STARLINK-2749,2024-11-29T12:00:01Z,2024-11-29T20:00:01Z,-242.7,493.42
48429,STARLINK-2749,2024-11-29T20:00:01Z,2024-11-29T22:00:01Z,-585.2,493.42
48429,STARLINK-2749,2024-11-29T22:00:01Z,2024-11-30T12:00:01Z,-3989.8,493.42
48429,STARLINK-2749,2024-11-30T12:00:01Z,2024-11-30T14:00:01Z,-542.2,493.42
48431,STARLINK-2700,2024-11-26T17:27:32Z,2024-11-27T14:09:34Z,107.1,554.34
48431,STARLINK-2700,2024-11-29T21:53:27Z,2024-11-30T16:59:54Z,-124.5,554.34
48433,STARLINK-2699,2024-11-27T15:35:55Z,2024-11-28T01:09:13Z,159.5,554.33
48433,STARLINK-2699,2024-11-28T07:31:21Z,2024-11-28T13:53:29Z,-137.6,554.33
48434,STARLINK-2692,2024-11-29T19:17:39Z,2024-11-30T14:24:07Z,-117.1,554.33
48435,STARLINK-2633,2024-11-27T16:29:38Z,2024-11-28T17:58:13Z,-137.8,554.32
48435,STARLINK-2633,2024-11-28T17:58:13Z,2024-11-29T01:55:55Z,108.7,554.32
48438,STARLINK-2640,2024-11-26T21:39:45Z,2024-11-27T21:32:53Z,103.5,554.37
48442,STARLINK-2644,2024-11-28T18:51:58Z,2024-11-29T02:49:38Z,-174.2,554.31
48442,STARLINK-2644,2024-11-29T02:49:38Z,2024-11-29T09:11:48Z,243.8,554.31
48443,STARLINK-2663,2024-11-26T11:02:50Z,2024-11-26T22:11:32Z,-419.7,554.38
48443,STARLINK-2663,2024-11-26T22:11:32Z,2024-11-27T01:22:38Z,135.0,554.38
48445,STARLINK-2634,2024-11-26T22:00:54Z,2024-11-27T18:42:54Z,106.1,554.37
48455,STARLINK-2497,2024-11-26T10:09:41Z,2024-11-26T19:42:55Z,142.6,554.35
48458,STARLINK-2698,2024-11-26T10:22:17Z,2024-11-26T18:20:00Z,138.2,554.37
48461,STARLINK-2693,2024-11-26T17:59:32Z,2024-11-27T19:03:48Z,-510.4,480.15
48461,STARLINK-2693,2024-11-27T19:03:48Z,2024-11-28T02:53:52Z,-155.9,480.15
48461,STARLINK-2693,2024-11-28T02:53:52Z,2024-11-28T18:33:56Z,-247.7,480.15
48461,STARLINK-2693,2024-11-28T18:33:56Z,2024-11-29T19:37:57Z,-274.4,480.15
48461,STARLINK-2693,2024-11-29T19:37:57Z,2024-11-30T09:43:56Z,-164.1,480.15
48462,STARLINK-2683,2024-11-26T23:19:14Z,2024-11-27T16:50:12Z,149.4,554.33
48463,STARLINK-2689,2024-11-26T20:00:02Z,2024-11-26T22:00:01Z,-552.1,491.1
48463,STARLINK-2689,2024-11-26T22:00:01Z,2024-11-27T12:00:02Z,-4097.6,491.1
48463,STARLINK-2689,2024-11-27T12:00:02Z,2024-11-27T14:00:01Z,-591.9,491.1
48463,STARLINK-2689,2024-11-27T14:00:01Z,2024-11-27T22:00:01Z,-2169.0,491.1
48463,STARLINK-2689,2024-11-27T22:00:01Z,2024-11-28T04:00:01Z,-1799.2,491.1
48463,STARLINK-2689,2024-11-28T04:00:01Z,2024-11-28T14:00:01Z,-2871.4,491.1
48463,STARLINK-2689,2024-11-28T14:00:01Z,2024-11-28T20:00:01Z,-1574.8,491.1
48463,STARLINK-2689,2024-11-28T20:00:01Z,2024-11-28T22:00:01Z,-587.2,491.1
48463,STARLINK-2689,2024-11-28T22:00:01Z,2024-11-29T04:00:02Z,-1762.1,491.1
48463,STARLINK-2689,2024-11-29T04:00:02Z,2024-11-29T22:00:01Z,-5082.9,491.1
48463,STARLINK-2689,2024-11-29T22:00:01Z,2024-11-30T04:00:01Z,-1719.9,491.1
48463,STARLINK-2689,2024-11-30T04:00:01Z,2024-11-30T14:00:01Z,-2861.0,491.1
48467,STARLINK-2659,2024-11-26T21:54:16Z,2024-11-27T10:38:37Z,125.9,554.37
48471,STARLINK-2684,2024-11-26T23:08:36Z,2024-11-27T19:50:38Z,101.8,554.34
48472,STARLINK-2722,2024-11-26T22:42:02Z,2024-11-27T17:48:33Z,102.4,554.33
48473,STARLINK-2658,2024-11-27T21:52:42Z,2024-11-28T10:37:01Z,-110.5,554.35
48473,STARLINK-2658,2024-11-28T16:59:09Z,2024-11-29T02:32:25Z,149.0,554.35
48475,STARLINK-2619,2024-11-26T22:05:38Z,2024-11-27T21:52:23Z,-110.2,533.79
48475,STARLINK-2619,2024-11-27T21:52:23Z,2024-11-28T20:04:00Z,-100.7,533.79
48476,STARLINK-2723,2024-11-26T14:00:01Z,2024-11-26T22:00:01Z,-691.3,338.51
48476,STARLINK-2723,2024-11-26T22:00:01Z,2024-11-27T06:00:01Z,-753.6,338.51
48476,STARLINK-2723,2024-11-27T06:00:01Z,2024-11-27T14:00:01Z,-959.4,338.51
48476,STARLINK-2723,2024-11-27T14:00:01Z,2024-11-27T22:00:01Z,-638.8,338.51
48476,STARLINK-2723,2024-11-27T22:00:01Z,2024-11-28T14:00:01Z,-1467.1,338.51
48476,STARLINK-2723,2024-11-28T14:00:01Z,2024-11-28T22:00:01Z,-573.0,338.51
48476,STARLINK-2723,2024-11-28T22:00:01Z,2024-11-29T04:00:02Z,-457.3,338.51
48476,STARLINK-2723,2024-11-29T04:00:02Z,2024-11-29T22:00:01Z,-1541.0,338.51
48476,STARLINK-2723,2024-11-29T22:00:01Z,2024-11-30T14:00:01Z,-1478.3,338.51
48478,STARLINK-2728,2024-11-26T22:15:30Z,2024-11-27T17:22:01Z,112.9,554.39
48479,STARLINK-2755,2024-11-26T22:10:13Z,2024-11-27T17:16:42Z,131.2,554.36
48484,STARLINK-2696,2024-11-26T22:41:33Z,2024-11-27T17:36:53Z,-332.1,509.11
48484,STARLINK-2696,2024-11-27T20:46:05Z,2024-11-28T10:57:33Z,-156.8,509.11
48484,STARLINK-2696,2024-11-28T18:50:34Z,2024-11-29T16:54:57Z,-245.9,509.11
48487,STARLINK-2494,2024-11-26T22:56:39Z,2024-11-27T18:03:08Z,125.1,554.35
48553,STARLINK-2063,2024-11-26T16:01:19Z,2024-11-27T11:07:48Z,169.8,554.36
48553,STARLINK-2063,2024-11-28T14:11:58Z,2024-11-29T12:29:33Z,138.6,554.36
48553,STARLINK-2063,2024-11-29T15:40:38Z,2024-11-30T12:22:38Z,-134.9,554.36
48554,STARLINK-2139,2024-11-26T15:18:54Z,2024-11-27T13:36:29Z,179.4,554.29
48554,STARLINK-2139,2024-11-27T15:12:01Z,2024-11-28T13:29:34Z,-146.8,554.29
48554,STARLINK-2139,2024-11-28T15:05:06Z,2024-11-29T18:09:18Z,113.7,554.29
48554,STARLINK-2139,2024-11-29T21:20:23Z,2024-11-30T11:40:13Z,-120.0,554.29
48555,STARLINK-2145,2024-11-26T16:53:00Z,2024-11-27T13:35:05Z,180.5,554.34
48556,STARLINK-2151,2024-11-28T14:47:48Z,2024-11-29T06:43:15Z,152.2,554.34
48556,STARLINK-2151,2024-11-29T17:52:02Z,2024-11-30T06:36:19Z,-120.2,554.34
48557,STARLINK-2155,2024-11-26T16:43:47Z,2024-11-27T07:03:41Z,102.0,554.35
48557,STARLINK-2155,2024-11-28T16:29:58Z,2024-11-29T13:12:00Z,277.1,554.35
48558,STARLINK-2166,2024-11-26T15:02:55Z,2024-11-27T06:58:20Z,111.5,554.4
48558,STARLINK-2166,2024-11-27T16:31:35Z,2024-11-28T16:24:39Z,-113.6,554.4
48558,STARLINK-2166,2024-11-28T16:24:39Z,2024-11-29T06:44:33Z,124.6,554.4
48562,STARLINK-2187,2024-11-26T16:06:38Z,2024-11-27T06:26:30Z,103.8,554.37
48562,STARLINK-2187,2024-11-29T12:34:53Z,2024-11-30T12:27:57Z,-129.1,554.37
48563,STARLINK-2188,2024-11-27T06:53:03Z,2024-11-27T13:15:12Z,108.8,554.38
48564,STARLINK-2190,2024-11-28T12:57:40Z,2024-11-29T06:28:37Z,119.8,554.32
48565,STARLINK-2191,2024-11-26T14:00:01Z,2024-11-26T22:00:01Z,-275.9,484.67
48565,STARLINK-2191,2024-11-27T00:00:01Z,2024-11-27T13:02:19Z,-404.9,484.67
48565,STARLINK-2191,2024-11-27T13:02:19Z,2024-11-27T22:00:01Z,-489.9,484.67
48565,STARLINK-2191,2024-11-27T22:00:01Z,2024-11-28T06:00:01Z,-171.2,484.67
48565,STARLINK-2191,2024-11-28T06:00:01Z,2024-11-28T14:00:01Z,-322.0,484.67
48565,STARLINK-2191,2024-11-28T14:00:01Z,2024-11-28T22:00:01Z,-376.0,484.67
48565,STARLINK-2191,2024-11-28T22:00:01Z,2024-11-29T14:00:01Z,-551.8,484.67
48565,STARLINK-2191,2024-11-29T14:00:01Z,2024-11-29T22:00:01Z,-499.1,484.67
48565,STARLINK-2191,2024-11-29T22:00:01Z,2024-11-30T14:00:01Z,-610.3,484.67
48566,STARLINK-2214,2024-11-29T13:16:00Z,2024-11-30T06:46:55Z,-123.6,554.31
48568,STARLINK-2217,2024-11-29T15:30:01Z,2024-11-30T12:12:00Z,-116.2,554.34
48569,STARLINK-2219,2024-11-29T12:56:06Z,2024-11-30T14:24:41Z,-126.6,554.33
48570,STARLINK-2220,2024-11-26T08:12:54Z,2024-11-27T08:06:03Z,125.3,554.37
48570,STARLINK-2220,2024-11-29T12:38:51Z,2024-11-30T12:31:53Z,-101.3,554.37
48571,STARLINK-2221,2024-11-26T17:56:45Z,2024-11-27T06:41:06Z,114.2,554.35
48572,STARLINK-2222,2024-11-28T06:28:53Z,2024-11-29T06:21:59Z,-200.1,554.36
48572,STARLINK-2222,2024-11-29T06:21:59Z,2024-11-29T15:55:14Z,257.0,554.36
48573,STARLINK-2224,2024-11-26T15:45:23Z,2024-11-27T17:14:02Z,103.7,554.35
48573,STARLINK-2224,2024-11-28T13:56:03Z,2024-11-29T12:13:38Z,136.1,554.35
48573,STARLINK-2224,2024-11-29T17:00:15Z,2024-11-30T12:06:43Z,-109.5,554.35
48574,STARLINK-2225,2024-11-30T03:25:16Z,2024-11-30T09:47:23Z,-117.2,554.36
48575,STARLINK-2227,2024-11-26T12:13:09Z,2024-11-27T04:08:35Z,234.6,554.24
48575,STARLINK-2227,2024-11-27T04:08:35Z,2024-11-29T10:16:56Z,-222.4,554.24
48576,STARLINK-2228,2024-11-27T04:09:10Z,2024-11-27T12:06:53Z,120.0,554.4
48576,STARLINK-2228,2024-11-29T03:55:23Z,2024-11-30T10:10:37Z,-108.7,554.4
48577,STARLINK-2231,2024-11-29T12:40:14Z,2024-11-30T12:33:17Z,-114.7,554.37
48578,STARLINK-2232,2024-11-29T12:45:34Z,2024-11-30T12:38:38Z,-130.2,554.34
48581,STARLINK-2235,2024-11-27T13:27:50Z,2024-11-28T10:09:50Z,-219.8,554.28
48581,STARLINK-2235,2024-11-28T13:20:54Z,2024-11-29T03:40:46Z,154.9,554.28
48581,STARLINK-2235,2024-11-29T14:49:33Z,2024-11-30T09:56:00Z,-125.8,554.28
48582,STARLINK-2236,2024-11-29T12:47:31Z,2024-11-30T12:40:34Z,-116.9,554.31
48583,STARLINK-2237,2024-11-28T14:37:11Z,2024-11-29T17:41:23Z,104.2,554.32
48583,STARLINK-2237,2024-11-30T06:25:41Z,2024-11-30T12:47:48Z,-143.0,554.32
48584,STARLINK-2238,2024-11-26T17:24:55Z,2024-11-27T14:06:56Z,313.4,554.31
48585,STARLINK-2240,2024-11-26T22:00:01Z,2024-11-27T06:00:01Z,-2164.6,447.23
48585,STARLINK-2240,2024-11-27T06:00:01Z,2024-11-27T14:00:01Z,-2298.4,447.23
48585,STARLINK-2240,2024-11-27T14:00:01Z,2024-11-27T22:00:01Z,-2286.3,447.23
48585,STARLINK-2240,2024-11-27T22:00:01Z,2024-11-28T14:00:01Z,-4415.7,447.23
48585,STARLINK-2240,2024-11-28T14:00:01Z,2024-11-28T22:00:01Z,-2299.3,447.23
48585,STARLINK-2240,2024-11-28T22:00:01Z,2024-11-29T04:00:02Z,-1563.1,447.23
48585,STARLINK-2240,2024-11-29T04:00:02Z,2024-11-29T22:00:01Z,-5132.8,447.23
48585,STARLINK-2240,2024-11-29T22:00:01Z,2024-11-30T14:00:01Z,-4403.7,447.23
48586,STARLINK-2241,2024-11-26T17:30:13Z,2024-11-27T07:50:05Z,164.0,554.32
48586,STARLINK-2241,2024-11-28T15:40:52Z,2024-11-29T06:00:44Z,110.6,554.32
48587,STARLINK-2242,2024-11-26T22:00:01Z,2024-11-27T06:00:01Z,-2233.6,492.89
48587,STARLINK-2242,2024-11-27T06:00:01Z,2024-11-27T14:00:01Z,-2283.5,492.89
48587,STARLINK-2242,2024-11-27T14:00:01Z,2024-11-27T22:00:01Z,-2343.1,492.89
48587,STARLINK-2242,2024-11-27T22:00:01Z,2024-11-28T14:00:01Z,-4486.2,492.89
48587,STARLINK-2242,2024-11-28T14:00:01Z,2024-11-28T22:00:01Z,-2339.3,492.89
48587,STARLINK-2242,2024-11-28T22:00:01Z,2024-11-29T22:00:01Z,-6821.1,492.89
48587,STARLINK-2242,2024-11-29T22:00:01Z,2024-11-30T04:00:01Z,-1604.4,492.89
48587,STARLINK-2242,2024-11-30T04:00:01Z,2024-11-30T14:00:01Z,-2844.9,492.89
48588,STARLINK-2244,2024-11-26T22:00:01Z,2024-11-27T06:00:01Z,-2206.2,483.82
48588,STARLINK-2244,2024-11-27T06:00:01Z,2024-11-27T14:00:01Z,-2310.7,483.82
48588,STARLINK-2244,2024-11-27T14:00:01Z,2024-11-27T22:00:01Z,-2309.1,483.82
48588,STARLINK-2244,2024-11-27T22:00:01Z,2024-11-28T14:00:01Z,-4503.8,483.82
48588,STARLINK-2244,2024-11-28T14:00:01Z,2024-11-28T22:00:01Z,-2311.2,483.82
48588,STARLINK-2244,2024-11-28T22:00:01Z,2024-11-29T04:00:02Z,-1595.2,483.82
48588,STARLINK-2244,2024-11-29T04:00:02Z,2024-11-29T14:00:01Z,-2877.3,483.82
48588,STARLINK-2244,2024-11-29T14:00:01Z,2024-11-29T22:00:01Z,-2327.0,483.82
48588,STARLINK-2244,2024-11-29T22:00:01Z,2024-11-30T14:00:01Z,-4441.4,483.82
48593,STARLINK-2250,2024-11-29T13:26:38Z,2024-11-30T13:19:41Z,-182.4,554.34
48594,STARLINK-2251,2024-11-28T12:39:06Z,2024-11-29T04:34:31Z,119.7,554.35
48595,STARLINK-2252,2024-11-26T18:07:22Z,2024-11-27T06:51:43Z,177.2,554.3
48596,STARLINK-2253,2024-11-26T15:28:09Z,2024-11-27T13:45:43Z,127.8,554.29
48596,STARLINK-2253,2024-11-29T13:31:55Z,2024-11-30T13:24:59Z,-111.8,554.29
48597,STARLINK-2255,2024-11-28T15:24:57Z,2024-11-29T07:20:23Z,175.5,554.38
48600,STARLINK-2275,2024-11-26T17:15:37Z,2024-11-27T15:33:12Z,133.3,554.31
48600,STARLINK-2275,2024-11-29T12:08:20Z,2024-11-30T12:01:23Z,-233.1,554.31
48602,STARLINK-2713,2024-11-27T13:51:43Z,2024-11-28T12:09:15Z,-157.3,554.33
48602,STARLINK-2713,2024-11-28T13:44:47Z,2024-11-29T12:02:22Z,192.9,554.33
48603,STARLINK-2714,2024-11-27T14:57:21Z,2024-11-28T11:39:22Z,-107.3,554.29
48603,STARLINK-2714,2024-11-28T14:50:26Z,2024-11-29T11:32:30Z,242.7,554.29
48603,STARLINK-2714,2024-11-29T11:32:30Z,2024-11-30T11:25:34Z,-434.2,554.29
48604,STARLINK-2757,2024-11-27T13:24:30Z,2024-11-28T13:17:34Z,-150.6,554.3
48604,STARLINK-2757,2024-11-28T13:17:34Z,2024-11-29T06:48:31Z,154.6,554.3
48639,STARLINK-2739,2024-11-29T11:41:08Z,2024-11-30T11:34:12Z,-304.5,554.39
48640,STARLINK-2736,2024-11-26T16:37:53Z,2024-11-27T11:44:22Z,158.1,554.32
48640,STARLINK-2736,2024-11-27T14:55:27Z,2024-11-28T11:37:26Z,-112.1,554.32
48640,STARLINK-2736,2024-11-28T13:12:58Z,2024-11-29T11:30:33Z,112.9,554.32
48641,STARLINK-2754,2024-11-27T13:37:47Z,2024-11-28T11:55:18Z,-191.3,554.36
48641,STARLINK-2754,2024-11-28T15:06:22Z,2024-11-29T11:48:24Z,247.1,554.36
48641,STARLINK-2754,2024-11-29T16:35:02Z,2024-11-30T11:41:29Z,-200.7,554.36
48643,STARLINK-2704,2024-11-28T14:59:43Z,2024-11-29T11:41:45Z,164.4,554.34
48643,STARLINK-2704,2024-11-30T00:26:04Z,2024-11-30T16:21:26Z,-178.2,554.34
48644,STARLINK-2695,2024-11-29T11:37:49Z,2024-11-30T11:30:51Z,-102.4,554.34
48645,STARLINK-2733,2024-11-26T15:04:19Z,2024-11-27T05:24:10Z,-167.4,554.37
48645,STARLINK-2733,2024-11-27T05:24:10Z,2024-11-27T14:57:23Z,-106.7,554.37
48645,STARLINK-2733,2024-11-27T14:57:23Z,2024-11-28T19:37:05Z,332.6,554.37
48645,STARLINK-2733,2024-11-28T19:37:05Z,2024-11-29T11:32:29Z,-124.3,554.37
48646,STARLINK-2732,2024-11-27T14:52:05Z,2024-11-28T14:45:09Z,-158.3,554.36
48646,STARLINK-2732,2024-11-28T14:45:09Z,2024-11-29T11:27:11Z,194.6,554.36
48646,STARLINK-2732,2024-11-29T11:27:11Z,2024-11-30T11:20:16Z,-188.7,554.36
48648,STARLINK-2521,2024-11-26T15:14:56Z,2024-11-27T15:08:04Z,111.8,554.33
48649,STARLINK-2673,2024-11-26T14:48:20Z,2024-11-27T05:08:12Z,167.6,554.32
48650,STARLINK-2672,2024-11-27T13:00:37Z,2024-11-28T12:53:41Z,-108.7,554.35
48651,STARLINK-2731,2024-11-27T14:30:51Z,2024-11-28T12:48:22Z,-157.1,554.34
48651,STARLINK-2731,2024-11-28T14:23:54Z,2024-11-29T19:03:37Z,115.6,554.34
48652,STARLINK-2727,2024-11-26T14:32:25Z,2024-11-27T06:27:49Z,110.0,554.36
48652,STARLINK-2727,2024-11-28T14:18:36Z,2024-11-29T06:14:02Z,126.5,554.36
48653,STARLINK-2720,2024-11-27T14:20:15Z,2024-11-28T12:37:46Z,-128.6,554.29
48653,STARLINK-2720,2024-11-28T14:13:18Z,2024-11-29T12:30:54Z,126.1,554.29
48653,STARLINK-2720,2024-11-29T12:30:54Z,2024-11-30T13:59:28Z,-123.0,554.29
48654,STARLINK-2651,2024-11-26T15:57:20Z,2024-11-27T12:39:22Z,168.0,554.34
48654,STARLINK-2651,2024-11-27T20:37:04Z,2024-11-28T12:32:27Z,-123.1,554.34
48654,STARLINK-2651,2024-11-28T14:07:59Z,2024-11-29T12:25:34Z,266.2,554.34
48655,STARLINK-2657,2024-11-27T12:34:05Z,2024-11-28T12:27:09Z,-125.7,554.33
48655,STARLINK-2657,2024-11-28T12:27:09Z,2024-11-29T12:20:15Z,192.2,554.33
48656,STARLINK-2701,2024-11-26T15:46:43Z,2024-11-27T12:28:45Z,161.8,554.35
48656,STARLINK-2701,2024-11-27T12:28:45Z,2024-11-28T12:21:49Z,-125.8,554.35
48656,STARLINK-2701,2024-11-28T12:21:49Z,2024-11-29T04:17:15Z,122.1,554.35
48656,STARLINK-2701,2024-11-29T12:14:57Z,2024-11-30T15:19:06Z,-110.0,554.35
48658,STARLINK-2647,2024-11-27T12:18:10Z,2024-11-28T12:11:14Z,-249.9,554.23
48658,STARLINK-2647,2024-11-28T12:11:14Z,2024-11-29T15:15:25Z,122.6,554.23
48658,STARLINK-2647,2024-11-29T15:15:25Z,2024-11-30T11:57:25Z,-109.8,554.23
48659,STARLINK-2717,2024-11-26T21:53:02Z,2024-11-27T05:50:44Z,-211.3,554.3
48659,STARLINK-2717,2024-11-27T05:50:44Z,2024-11-28T12:05:57Z,-381.4,554.3
48659,STARLINK-2717,2024-11-28T15:17:01Z,2024-11-29T18:21:12Z,245.9,554.3
48659,STARLINK-2717,2024-11-29T18:21:12Z,2024-11-30T11:52:07Z,-175.3,554.3
48660,STARLINK-2688,2024-11-26T12:00:01Z,2024-11-26T22:00:01Z,-2907.9,489.19
48660,STARLINK-2688,2024-11-26T22:00:01Z,2024-11-27T12:00:02Z,-3947.9,489.19
48660,STARLINK-2688,2024-11-27T12:00:02Z,2024-11-27T14:00:01Z,-526.7,489.19
48660,STARLINK-2688,2024-11-27T14:00:01Z,2024-11-27T22:00:01Z,-2350.7,489.19
48660,STARLINK-2688,2024-11-27T22:00:01Z,2024-11-28T14:00:01Z,-4478.8,489.19
48660,STARLINK-2688,2024-11-28T14:00:01Z,2024-11-28T20:00:01Z,-1769.0,489.19
48660,STARLINK-2688,2024-11-28T20:00:01Z,2024-11-28T22:00:01Z,-574.9,489.19
48660,STARLINK-2688,2024-11-28T22:00:01Z,2024-11-29T22:00:01Z,-6803.1,489.19
48660,STARLINK-2688,2024-11-29T22:00:01Z,2024-11-30T04:00:01Z,-1610.2,489.19
48660,STARLINK-2688,2024-11-30T04:00:01Z,2024-11-30T14:00:01Z,-2817.4,489.19
48662,STARLINK-2726,2024-11-27T13:39:07Z,2024-11-28T11:56:39Z,-152.1,554.35
48662,STARLINK-2726,2024-11-28T13:32:11Z,2024-11-29T03:52:03Z,145.6,554.35
48662,STARLINK-2726,2024-11-29T13:25:18Z,2024-11-30T16:29:28Z,-128.2,554.35
48663,STARLINK-2667,2024-11-27T13:33:48Z,2024-11-28T11:51:20Z,-189.0,554.31
48664,STARLINK-2709,2024-11-27T15:04:01Z,2024-11-28T11:46:02Z,-134.9,554.38
48664,STARLINK-2709,2024-11-28T11:46:02Z,2024-11-29T11:39:08Z,131.2,554.38
48664,STARLINK-2709,2024-11-29T13:14:41Z,2024-11-30T05:10:04Z,-160.8,554.38
48666,STARLINK-2666,2024-11-26T06:14:54Z,2024-11-27T12:30:11Z,137.2,554.32
48667,STARLINK-2735,2024-11-27T11:47:38Z,2024-11-28T11:40:47Z,138.3,554.35
48667,STARLINK-2735,2024-11-28T14:51:51Z,2024-11-29T11:33:47Z,-369.3,554.35
48667,STARLINK-2735,2024-11-29T11:33:47Z,2024-11-30T13:02:26Z,225.9,554.35
48668,STARLINK-2738,2024-11-29T11:28:31Z,2024-11-30T11:21:36Z,-123.7,554.36
48669,STARLINK-2707,2024-11-26T13:19:27Z,2024-11-27T11:37:03Z,100.5,554.33
48669,STARLINK-2707,2024-11-27T13:12:35Z,2024-11-28T13:05:39Z,-245.7,554.33
48669,STARLINK-2707,2024-11-28T13:05:39Z,2024-11-29T11:23:13Z,175.4,554.33
48669,STARLINK-2707,2024-11-29T11:23:13Z,2024-11-30T11:16:17Z,-124.3,554.33
48670,STARLINK-2763,2024-11-26T13:14:06Z,2024-11-27T11:31:42Z,188.3,554.31
48670,STARLINK-2763,2024-11-28T14:35:51Z,2024-11-29T11:17:54Z,141.3,554.31
48671,STARLINK-2745,2024-11-26T13:51:21Z,2024-11-27T12:08:56Z,102.7,554.38
48671,STARLINK-2745,2024-11-27T15:20:01Z,2024-11-28T12:02:00Z,-151.3,554.38
48672,STARLINK-2705,2024-11-26T11:27:58Z,2024-11-27T14:32:10Z,135.3,554.35
48673,STARLINK-2711,2024-11-26T14:33:44Z,2024-11-27T04:53:38Z,126.2,554.38
48673,STARLINK-2711,2024-11-27T14:26:53Z,2024-11-28T11:08:51Z,-128.0,554.38
48673,STARLINK-2711,2024-11-28T11:08:51Z,2024-11-29T11:01:59Z,132.9,554.38
48674,STARLINK-2712,2024-11-27T14:37:30Z,2024-11-28T04:57:21Z,-103.3,554.31
48674,STARLINK-2712,2024-11-28T12:55:02Z,2024-11-29T11:12:37Z,137.0,554.31
48674,STARLINK-2712,2024-11-29T11:12:37Z,2024-11-30T11:05:42Z,-114.1,554.31
48675,STARLINK-2737,2024-11-26T19:09:47Z,2024-11-29T04:29:14Z,-173.7,554.3
48676,STARLINK-2746,2024-11-26T14:17:49Z,2024-11-27T12:35:24Z,140.9,554.31
48676,STARLINK-2746,2024-11-28T06:06:18Z,2024-11-29T20:19:18Z,120.8,554.31
48678,STARLINK-2615,2024-11-26T14:07:12Z,2024-11-27T12:24:47Z,132.6,554.34
48679,STARLINK-2648,2024-11-27T12:19:30Z,2024-11-29T13:41:13Z,-169.8,554.35
48680,STARLINK-2649,2024-11-27T13:49:44Z,2024-11-28T04:09:34Z,-116.1,554.31
48680,STARLINK-2649,2024-11-28T04:09:34Z,2024-11-28T13:42:47Z,-128.9,554.31
48680,STARLINK-2649,2024-11-28T13:42:47Z,2024-11-29T19:58:03Z,208.1,554.31
48680,STARLINK-2649,2024-11-29T19:58:03Z,2024-11-30T13:28:59Z,-141.9,554.31
48681,STARLINK-2725,2024-11-26T10:44:15Z,2024-11-27T10:37:21Z,116.9,554.33
48681,STARLINK-2725,2024-11-29T08:48:00Z,2024-11-30T08:41:05Z,-110.4,554.33
48682,STARLINK-2743,2024-11-28T08:50:55Z,2024-11-29T05:32:56Z,131.6,554.16
48682,STARLINK-2743,2024-11-29T05:32:56Z,2024-11-30T11:48:10Z,-201.4,554.16
48683,STARLINK-2756,2024-11-26T12:47:36Z,2024-11-27T09:29:38Z,175.4,554.35
48684,STARLINK-2741,2024-11-26T13:20:11Z,2024-11-27T10:02:13Z,109.8,554.3
48685,STARLINK-2751,2024-11-29T08:33:22Z,2024-11-30T11:37:30Z,-144.1,554.31
48686,STARLINK-2629,2024-11-26T13:32:06Z,2024-11-27T11:49:41Z,144.5,554.27
48686,STARLINK-2629,2024-11-27T11:49:41Z,2024-11-29T11:35:52Z,-109.3,554.27
48687,STARLINK-2627,2024-11-27T11:13:49Z,2024-11-28T11:06:53Z,-101.7,554.31
48687,STARLINK-2627,2024-11-28T11:06:53Z,2024-11-29T01:26:45Z,112.3,554.31
48687,STARLINK-2627,2024-11-29T07:48:55Z,2024-11-30T07:41:59Z,-137.7,554.31
48688,STARLINK-2742,2024-11-26T13:01:32Z,2024-11-27T14:30:12Z,145.5,554.29
48688,STARLINK-2742,2024-11-29T07:54:14Z,2024-11-30T12:33:53Z,-119.3,554.29
48689,STARLINK-2617,2024-11-26T22:00:01Z,2024-11-27T06:00:01Z,-2368.5,491.49
48689,STARLINK-2617,2024-11-27T06:00:01Z,2024-11-27T14:00:01Z,-2200.6,491.49
48689,STARLINK-2617,2024-11-27T14:00:01Z,2024-11-27T22:00:01Z,-2271.9,491.49
48689,STARLINK-2617,2024-11-27T22:00:01Z,2024-11-28T14:00:01Z,-4575.8,491.49
48689,STARLINK-2617,2024-11-28T14:00:01Z,2024-11-28T22:00:01Z,-2250.1,491.49
48689,STARLINK-2617,2024-11-28T22:00:01Z,2024-11-29T04:00:02Z,-1811.0,491.49
48689,STARLINK-2617,2024-11-29T04:00:02Z,2024-11-29T22:00:01Z,-5010.4,491.49
48689,STARLINK-2617,2024-11-29T22:00:01Z,2024-11-30T12:00:01Z,-3959.1,491.49
48689,STARLINK-2617,2024-11-30T12:00:01Z,2024-11-30T14:00:01Z,-603.8,491.49
48690,STARLINK-2740,2024-11-26T10:07:04Z,2024-11-27T13:11:15Z,-185.0,554.36
48691,STARLINK-2750,2024-11-26T12:38:58Z,2024-11-27T12:32:05Z,124.3,554.33
48691,STARLINK-2750,2024-11-29T02:45:03Z,2024-11-29T14:00:01Z,128.7,554.33
48691,STARLINK-2750,2024-11-29T16:00:01Z,2024-11-30T09:00:17Z,-101.6,554.33
48692,STARLINK-2752,2024-11-27T12:10:53Z,2024-11-28T12:03:58Z,-106.6,554.31
48692,STARLINK-2752,2024-11-29T13:32:37Z,2024-11-30T11:50:09Z,-154.2,554.31
48693,STARLINK-2618,2024-11-26T12:28:59Z,2024-11-27T15:33:12Z,176.0,554.29
48693,STARLINK-2618,2024-11-29T13:43:50Z,2024-11-30T12:01:22Z,-144.3,554.29
48694,STARLINK-2748,2024-11-26T13:18:44Z,2024-11-27T13:11:53Z,251.9,554.22
48694,STARLINK-2748,2024-11-27T13:11:53Z,2024-11-28T09:53:53Z,-226.1,554.22
48695,STARLINK-2616,2024-11-26T10:40:52Z,2024-11-27T10:34:00Z,104.7,554.41
48695,STARLINK-2616,2024-11-27T12:09:33Z,2024-11-28T04:04:56Z,-124.1,554.41
48695,STARLINK-2616,2024-11-28T10:27:04Z,2024-11-29T03:58:02Z,157.0,554.41
48696,STARLINK-2753,2024-11-26T10:26:58Z,2024-11-27T03:57:55Z,176.9,554.34
49146,STARLINK-3116,2024-11-30T02:08:45Z,2024-11-30T11:45:32Z,-134.3,579.2
49148,STARLINK-3048,2024-11-26T06:36:56Z,2024-11-27T11:27:26Z,168.2,579.21
49152,STARLINK-3081,2024-11-26T11:55:13Z,2024-11-28T00:46:17Z,-205.7,579.06
49158,STARLINK-3083,2024-11-26T10:45:45Z,2024-11-27T12:01:03Z,-101.2,510.01
49158,STARLINK-3083,2024-11-29T17:40:58Z,2024-11-30T14:12:03Z,-144.9,510.01
49161,STARLINK-3080,2024-11-26T13:25:55Z,2024-11-28T10:17:42Z,236.6,579.18
49161,STARLINK-3080,2024-11-28T10:17:42Z,2024-11-28T13:29:57Z,-189.8,579.18
49165,STARLINK-3052,2024-11-26T06:49:20Z,2024-11-27T10:03:39Z,368.4,579.19
49165,STARLINK-3052,2024-11-29T13:19:57Z,2024-11-30T10:09:42Z,101.3,579.19
49165,STARLINK-3052,2024-11-30T10:09:42Z,2024-11-30T14:58:03Z,-219.6,579.19
49166,STARLINK-3089,2024-11-26T06:06:57Z,2024-11-26T09:19:13Z,-117.9,579.19
49169,STARLINK-3046,2024-11-28T09:11:15Z,2024-11-28T12:23:30Z,-107.8,579.19
49169,STARLINK-3046,2024-11-29T12:25:32Z,2024-11-30T09:15:17Z,104.8,579.19
49170,STARLINK-3074,2024-11-26T12:00:01Z,2024-11-26T22:00:01Z,-2290.1,305.24
49170,STARLINK-3074,2024-11-26T22:00:01Z,2024-11-27T06:00:01Z,-1954.4,305.24
49170,STARLINK-3074,2024-11-27T06:00:01Z,2024-11-27T14:00:01Z,-1704.2,305.24
49170,STARLINK-3074,2024-11-27T14:00:01Z,2024-11-27T22:00:01Z,-1822.0,305.24
49170,STARLINK-3074,2024-11-27T22:00:01Z,2024-11-28T14:00:01Z,-3657.7,305.24
49170,STARLINK-3074,2024-11-28T14:00:01Z,2024-11-28T22:00:01Z,-1813.9,305.24
49170,STARLINK-3074,2024-11-28T22:00:01Z,2024-11-29T04:00:02Z,-1464.5,305.24
49170,STARLINK-3074,2024-11-29T04:00:02Z,2024-11-29T20:00:01Z,-3648.6,305.24
49170,STARLINK-3074,2024-11-29T20:00:01Z,2024-11-29T22:00:01Z,-347.8,305.24
49170,STARLINK-3074,2024-11-29T22:00:01Z,2024-11-30T12:00:01Z,-2054.5,305.24
49170,STARLINK-3074,2024-11-30T12:00:01Z,2024-11-30T14:00:01Z,132.4,305.24
49174,STARLINK-3047,2024-11-26T06:49:01Z,2024-11-28T07:50:22Z,-696.5,518.28
49174,STARLINK-3047,2024-11-28T12:35:00Z,2024-11-29T04:23:43Z,-227.3,518.28
49174,STARLINK-3047,2024-11-29T04:23:43Z,2024-11-30T12:01:00Z,-480.0,518.28
49178,STARLINK-3086,2024-11-28T03:59:08Z,2024-11-28T10:23:34Z,-212.2,579.18
49178,STARLINK-3086,2024-11-28T13:35:50Z,2024-11-29T10:25:46Z,392.1,579.18
49178,STARLINK-3086,2024-11-29T10:25:46Z,2024-11-29T13:38:00Z,-120.8,579.18
49178,STARLINK-3086,2024-11-29T13:38:00Z,2024-11-30T10:27:42Z,-152.7,579.18
49181,STARLINK-3059,2024-11-29T10:01:38Z,2024-11-30T03:39:11Z,138.0,579.18
49412,STARLINK-3144,2024-11-26T12:00:01Z,2024-11-26T20:00:02Z,-2465.0,302.02
49412,STARLINK-3144,2024-11-26T20:00:02Z,2024-11-26T22:00:01Z,-546.7,302.02
49412,STARLINK-3144,2024-11-26T22:00:01Z,2024-11-27T12:00:02Z,-4312.6,302.02
49412,STARLINK-3144,2024-11-27T12:00:02Z,2024-11-27T14:00:01Z,-646.8,302.02
49412,STARLINK-3144,2024-11-27T14:00:01Z,2024-11-27T20:00:01Z,-1801.9,302.02
49412,STARLINK-3144,2024-11-27T20:00:01Z,2024-11-28T04:00:01Z,-2517.0,302.02
49412,STARLINK-3144,2024-11-28T04:00:01Z,2024-11-28T12:00:01Z,-2341.8,302.02
49412,STARLINK-3144,2024-11-28T12:00:01Z,2024-11-28T22:00:01Z,-2978.4,302.02
49412,STARLINK-3144,2024-11-28T22:00:01Z,2024-11-29T04:00:02Z,-2056.1,302.02
49412,STARLINK-3144,2024-11-29T04:00:02Z,2024-11-29T12:00:01Z,-2201.7,302.02
49412,STARLINK-3144,2024-11-29T20:00:01Z,2024-11-29T22:00:01Z,-176.6,302.02
49412,STARLINK-3144,2024-11-29T22:00:01Z,2024-11-30T04:00:01Z,-585.1,302.02
49412,STARLINK-3144,2024-11-30T04:00:01Z,2024-11-30T12:00:01Z,-876.1,302.02
49412,STARLINK-3144,2024-11-30T12:00:01Z,2024-11-30T14:00:01Z,-256.3,302.02
49413,STARLINK-3157,2024-11-27T21:59:28Z,2024-11-28T05:56:27Z,111.7,546.88
49413,STARLINK-3157,2024-11-28T21:50:18Z,2024-11-29T12:08:42Z,-487.5,546.88
49413,STARLINK-3157,2024-11-29T12:08:42Z,2024-11-29T18:30:15Z,130.2,546.88
49413,STARLINK-3157,2024-11-29T18:30:15Z,2024-11-29T21:41:05Z,393.5,546.88
49415,STARLINK-3159,2024-11-27T12:20:32Z,2024-11-27T18:42:05Z,124.0,546.88
49415,STARLINK-3159,2024-11-27T18:42:05Z,2024-11-28T05:49:46Z,-131.1,546.88
49418,STARLINK-3111,2024-11-29T19:57:43Z,2024-11-29T23:08:29Z,148.0,546.84
49418,STARLINK-3111,2024-11-29T23:08:29Z,2024-11-30T11:51:33Z,-159.6,546.84
49419,STARLINK-3120,2024-11-28T23:01:45Z,2024-11-29T05:23:19Z,108.1,546.89
49432,STARLINK-3158,2024-11-27T12:11:22Z,2024-11-27T18:32:52Z,-121.1,546.86
49432,STARLINK-3158,2024-11-28T18:23:38Z,2024-11-29T18:14:29Z,332.8,546.86
49432,STARLINK-3158,2024-11-29T18:14:29Z,2024-11-30T02:11:21Z,-324.9,546.86
49435,STARLINK-3117,2024-11-26T12:27:08Z,2024-11-26T21:59:24Z,-134.2,546.88
49435,STARLINK-3117,2024-11-26T21:59:24Z,2024-11-27T12:17:53Z,170.6,546.88
49435,STARLINK-3117,2024-11-29T04:02:33Z,2024-11-29T10:24:03Z,-160.9,546.88
49435,STARLINK-3117,2024-11-29T10:24:03Z,2024-11-29T19:56:25Z,182.7,546.88
49436,STARLINK-3049,2024-11-27T20:13:28Z,2024-11-28T04:10:21Z,-172.9,546.9
49436,STARLINK-3049,2024-11-28T04:10:21Z,2024-11-28T12:07:19Z,235.4,546.9
49438,STARLINK-3044,2024-11-30T09:48:20Z,2024-11-30T11:23:46Z,130.3,546.87
49449,STARLINK-3137,2024-11-29T05:08:47Z,2024-11-29T17:51:56Z,133.0,546.9
49449,STARLINK-3137,2024-11-29T17:51:56Z,2024-11-29T21:02:39Z,-151.2,546.9
49451,STARLINK-3125,2024-11-28T05:12:41Z,2024-11-28T22:41:53Z,-115.8,546.85
49454,STARLINK-3160,2024-11-28T05:07:23Z,2024-11-29T11:19:45Z,101.2,546.89
49454,STARLINK-3160,2024-11-29T19:16:41Z,2024-11-30T11:10:30Z,-155.5,546.89
49728,STARLINK-3240,2024-11-27T16:58:41Z,2024-11-28T00:55:39Z,113.8,546.87
49738,STARLINK-3143,2024-11-29T18:13:08Z,2024-11-30T06:56:12Z,-162.7,546.86
49738,STARLINK-3143,2024-11-30T06:56:12Z,2024-11-30T13:17:45Z,111.7,546.86
49746,STARLINK-3233,2024-11-29T07:25:13Z,2024-11-29T13:46:46Z,188.6,546.87
49746,STARLINK-3233,2024-11-29T13:46:46Z,2024-11-30T07:15:59Z,-194.3,546.87
49756,STARLINK-3207,2024-11-29T13:10:59Z,2024-11-30T13:01:45Z,-136.7,546.86
49756,STARLINK-3207,2024-11-30T13:01:45Z,2024-11-30T14:37:09Z,107.8,546.86
50160,STARLINK-3288,2024-11-26T22:00:01Z,2024-11-27T14:00:01Z,-4327.2,344.46
50160,STARLINK-3288,2024-11-27T14:00:01Z,2024-11-27T20:00:01Z,-1635.5,344.46
50160,STARLINK-3288,2024-11-27T20:00:01Z,2024-11-27T22:00:01Z,-501.7,344.46
50160,STARLINK-3288,2024-11-27T22:00:01Z,2024-11-28T14:00:01Z,-4353.3,344.46
50160,STARLINK-3288,2024-11-28T14:00:01Z,2024-11-28T20:00:01Z,-1593.9,344.46
50160,STARLINK-3288,2024-11-28T20:00:01Z,2024-11-28T22:00:01Z,-514.8,344.46
50160,STARLINK-3288,2024-11-28T22:00:01Z,2024-11-29T12:00:01Z,-3812.0,344.46
50160,STARLINK-3288,2024-11-29T12:00:01Z,2024-11-29T20:00:01Z,-2159.4,344.46
50160,STARLINK-3288,2024-11-29T20:00:01Z,2024-11-29T22:00:01Z,-501.6,344.46
50160,STARLINK-3288,2024-11-29T22:00:01Z,2024-11-30T12:00:01Z,-3968.8,344.46
50160,STARLINK-3288,2024-11-30T12:00:01Z,2024-11-30T14:00:01Z,-280.2,344.46
50163,STARLINK-3306,2024-11-27T21:29:00Z,2024-11-28T02:15:04Z,-214.7,546.89
50163,STARLINK-3306,2024-11-28T02:15:04Z,2024-11-28T13:22:51Z,238.0,546.89
50163,STARLINK-3306,2024-11-29T22:45:57Z,2024-11-30T11:29:01Z,-110.3,546.89
50177,STARLINK-3282,2024-11-29T07:06:41Z,2024-11-29T21:25:04Z,-174.6,546.88
50177,STARLINK-3282,2024-11-29T21:25:04Z,2024-11-30T06:57:26Z,119.7,546.88
50179,STARLINK-3283,2024-11-28T22:59:05Z,2024-11-29T06:56:04Z,125.1,546.89
50188,STARLINK-3275,2024-11-26T22:00:01Z,2024-11-27T06:00:01Z,-223.8,479.07
50188,STARLINK-3275,2024-11-27T06:00:01Z,2024-11-27T14:00:01Z,-257.1,479.07
50188,STARLINK-3275,2024-11-27T22:00:01Z,2024-11-28T06:00:01Z,-226.8,479.07
50188,STARLINK-3275,2024-11-28T06:00:01Z,2024-11-28T14:00:01Z,-200.3,479.07
50188,STARLINK-3275,2024-11-28T22:00:01Z,2024-11-29T04:08:55Z,305.2,479.07
50188,STARLINK-3275,2024-11-29T04:08:55Z,2024-11-29T19:48:41Z,-284.4,479.07
50188,STARLINK-3275,2024-11-29T19:48:41Z,2024-11-30T03:38:30Z,-200.3,479.07
50192,STARLINK-3259,2024-11-30T11:44:54Z,2024-11-30T13:20:20Z,113.4,546.88
50194,STARLINK-3269,2024-11-27T21:28:04Z,2024-11-28T13:18:58Z,-103.3,532.59
50194,STARLINK-3269,2024-11-28T19:39:19Z,2024-11-29T21:00:41Z,-188.3,532.59
50203,STARLINK-3257,2024-11-26T15:18:05Z,2024-11-27T07:11:55Z,-140.6,546.88
50803,STARLINK-3321,2024-11-26T22:00:01Z,2024-11-27T12:00:02Z,-131.7,506.85
50811,STARLINK-3347,2024-11-26T22:00:01Z,2024-11-27T14:00:01Z,-4406.0,398.51
50811,STARLINK-3347,2024-11-27T14:00:01Z,2024-11-27T20:00:01Z,-1615.7,398.51
50811,STARLINK-3347,2024-11-27T20:00:01Z,2024-11-27T22:00:01Z,-614.3,398.51
50811,STARLINK-3347,2024-11-27T22:00:01Z,2024-11-28T14:00:01Z,-4375.9,398.51
50811,STARLINK-3347,2024-11-28T14:00:01Z,2024-11-28T22:00:01Z,-2227.3,398.51
50811,STARLINK-3347,2024-11-28T22:00:01Z,2024-11-29T14:00:01Z,-4352.0,398.51
50811,STARLINK-3347,2024-11-29T14:00:01Z,2024-11-29T22:00:01Z,-2248.8,398.51
50811,STARLINK-3347,2024-11-29T22:00:01Z,2024-11-30T12:00:01Z,-3851.7,398.51
50811,STARLINK-3347,2024-11-30T12:00:01Z,2024-11-30T14:00:01Z,-483.8,398.51
50822,STARLINK-3343,2024-11-28T17:51:47Z,2024-11-29T08:10:16Z,101.9,546.88
50823,STARLINK-3334,2024-11-26T18:57:54Z,2024-11-27T18:48:41Z,120.4,546.87
50825,STARLINK-3332,2024-11-30T08:06:21Z,2024-11-30T14:27:53Z,-118.8,546.89
50831,STARLINK-3299,2024-11-28T01:36:42Z,2024-11-28T19:05:59Z,121.8,546.89
50838,STARLINK-3322,2024-11-27T05:19:00Z,2024-11-27T19:30:06Z,-304.5,507.14
50838,STARLINK-3322,2024-11-27T19:30:06Z,2024-11-28T19:08:28Z,-519.6,507.14
50838,STARLINK-3322,2024-11-28T19:08:28Z,2024-11-29T18:46:45Z,-121.9,507.14
50838,STARLINK-3322,2024-11-29T18:46:45Z,2024-11-30T07:23:07Z,-267.9,507.14
50845,STARLINK-3230,2024-11-26T20:32:01Z,2024-11-27T18:47:22Z,-133.1,546.85
50847,STARLINK-3319,2024-11-26T06:00:02Z,2024-11-26T22:00:01Z,-2308.7,298.56
50847,STARLINK-3319,2024-11-26T22:00:01Z,2024-11-27T06:00:01Z,-652.7,298.56
50847,STARLINK-3319,2024-11-27T06:00:01Z,2024-11-27T14:00:01Z,-939.6,298.56
50847,STARLINK-3319,2024-11-27T14:00:01Z,2024-11-27T22:00:01Z,-775.3,298.56
50847,STARLINK-3319,2024-11-27T22:00:01Z,2024-11-28T06:00:01Z,-752.1,298.56
50847,STARLINK-3319,2024-11-28T06:00:01Z,2024-11-28T14:00:01Z,-997.0,298.56
50847,STARLINK-3319,2024-11-28T14:00:01Z,2024-11-28T22:00:01Z,-822.4,298.56
50847,STARLINK-3319,2024-11-28T22:00:01Z,2024-11-29T22:00:01Z,-2649.3,298.56
50847,STARLINK-3319,2024-11-29T22:00:01Z,2024-11-30T04:00:01Z,-548.9,298.56
50847,STARLINK-3319,2024-11-30T04:00:01Z,2024-11-30T14:00:01Z,-1376.1,298.56
51104,STARLINK-3366,2024-11-29T23:58:49Z,2024-11-30T09:31:05Z,-123.1,546.88
51106,STARLINK-3176,2024-11-27T10:25:13Z,2024-11-27T16:46:51Z,249.3,546.88
51106,STARLINK-3176,2024-11-28T02:19:13Z,2024-11-28T19:48:23Z,-197.3,546.88
51106,STARLINK-3176,2024-11-29T10:06:49Z,2024-11-29T16:28:24Z,179.3,546.88
51106,STARLINK-3176,2024-11-29T22:49:57Z,2024-11-30T16:19:10Z,-176.9,546.88
51107,STARLINK-3368,2024-11-26T12:00:01Z,2024-11-26T22:00:01Z,-2747.0,351.19
51107,STARLINK-3368,2024-11-26T22:00:01Z,2024-11-27T14:00:01Z,-4229.1,351.19
51107,STARLINK-3368,2024-11-27T14:00:01Z,2024-11-27T22:00:01Z,-2270.6,351.19
51107,STARLINK-3368,2024-11-27T22:00:01Z,2024-11-28T04:00:01Z,-1603.5,351.19
51107,STARLINK-3368,2024-11-28T04:00:01Z,2024-11-28T14:00:01Z,-2609.8,351.19
51107,STARLINK-3368,2024-11-28T14:00:01Z,2024-11-28T22:00:01Z,-2261.5,351.19
51107,STARLINK-3368,2024-11-28T22:00:01Z,2024-11-29T22:00:01Z,-6469.7,351.19
51107,STARLINK-3368,2024-11-29T22:00:01Z,2024-11-30T04:00:01Z,-1558.2,351.19
51107,STARLINK-3368,2024-11-30T04:00:01Z,2024-11-30T12:00:01Z,-2157.1,351.19
51107,STARLINK-3368,2024-11-30T12:00:01Z,2024-11-30T14:00:01Z,-518.9,351.19
51112,STARLINK-3374,2024-11-26T17:02:42Z,2024-11-27T10:31:59Z,121.8,546.87
51112,STARLINK-3374,2024-11-27T23:15:05Z,2024-11-28T10:22:44Z,-107.6,546.87
51113,STARLINK-3372,2024-11-27T10:19:59Z,2024-11-28T10:10:44Z,-132.7,546.88
51113,STARLINK-3372,2024-11-28T10:10:44Z,2024-11-28T19:43:04Z,131.6,546.88
51117,STARLINK-3391,2024-11-26T22:24:34Z,2024-11-27T17:29:13Z,132.6,546.89
51135,STARLINK-3363,2024-11-26T22:25:51Z,2024-11-27T11:08:34Z,-102.1,544.5
51135,STARLINK-3363,2024-11-27T11:08:34Z,2024-11-28T10:58:36Z,-193.1,544.5
51138,STARLINK-3177,2024-11-27T11:11:39Z,2024-11-27T17:33:13Z,164.5,546.89
51138,STARLINK-3177,2024-11-27T17:33:13Z,2024-11-27T22:19:21Z,-157.1,546.89
51139,STARLINK-3172,2024-11-28T10:42:37Z,2024-11-29T01:01:10Z,171.4,546.89
51139,STARLINK-3172,2024-11-29T01:01:10Z,2024-11-29T10:33:25Z,-154.1,546.89
51139,STARLINK-3172,2024-11-30T02:27:15Z,2024-11-30T10:24:12Z,121.6,546.89
51141,STARLINK-3179,2024-11-26T21:56:46Z,2024-11-27T17:01:25Z,118.9,546.9
51145,STARLINK-3365,2024-11-26T14:00:01Z,2024-11-26T22:00:01Z,-2307.8,401.69
51145,STARLINK-3365,2024-11-26T22:00:01Z,2024-11-27T06:00:01Z,-2108.8,401.69
51145,STARLINK-3365,2024-11-27T06:00:01Z,2024-11-27T14:00:01Z,-2189.3,401.69
51145,STARLINK-3365,2024-11-27T14:00:01Z,2024-11-27T20:00:01Z,-1762.0,401.69
51145,STARLINK-3365,2024-11-27T20:00:01Z,2024-11-27T22:00:01Z,-544.6,401.69
51145,STARLINK-3365,2024-11-27T22:00:01Z,2024-11-28T14:00:01Z,-4283.8,401.69
51145,STARLINK-3365,2024-11-28T14:00:01Z,2024-11-28T22:00:01Z,-2288.3,401.69
51145,STARLINK-3365,2024-11-28T22:00:01Z,2024-11-29T22:00:01Z,-6607.0,401.69
51145,STARLINK-3365,2024-11-29T22:00:01Z,2024-11-30T04:00:01Z,-1568.5,401.69
51145,STARLINK-3365,2024-11-30T04:00:01Z,2024-11-30T14:00:01Z,-3103.4,401.69
51151,STARLINK-3361,2024-11-26T19:01:46Z,2024-11-27T10:47:14Z,-173.6,506.06
51151,STARLINK-3361,2024-11-27T10:47:14Z,2024-11-28T02:32:41Z,-176.3,506.06
51151,STARLINK-3361,2024-11-28T02:32:41Z,2024-11-29T00:36:16Z,-104.4,506.06
51151,STARLINK-3361,2024-11-29T10:03:31Z,2024-11-30T09:41:35Z,-161.5,506.06
51152,STARLINK-3364,2024-11-26T23:30:46Z,2024-11-28T18:26:08Z,-136.0,546.9
51152,STARLINK-3364,2024-11-28T18:26:08Z,2024-11-29T00:47:40Z,126.0,546.9
51460,STARLINK-3167,2024-11-26T22:00:01Z,2024-11-27T06:00:01Z,-2175.0,363.11
51460,STARLINK-3167,2024-11-27T06:00:01Z,2024-11-27T14:00:01Z,-2102.9,363.11
51460,STARLINK-3167,2024-11-27T14:00:01Z,2024-11-27T22:00:01Z,-2242.4,363.11
51460,STARLINK-3167,2024-11-27T22:00:01Z,2024-11-28T06:00:01Z,-2200.9,363.11
51460,STARLINK-3167,2024-11-28T06:00:01Z,2024-11-28T14:00:01Z,-2072.2,363.11
51460,STARLINK-3167,2024-11-28T14:00:01Z,2024-11-28T22:00:01Z,-2245.3,363.11
51460,STARLINK-3167,2024-11-28T22:00:01Z,2024-11-29T06:00:01Z,-2206.2,363.11
51460,STARLINK-3167,2024-11-29T06:00:01Z,2024-11-29T22:00:01Z,-4302.6,363.11
51460,STARLINK-3167,2024-11-29T22:00:01Z,2024-11-30T14:00:01Z,-4276.2,363.11
51468,STARLINK-3174,2024-11-28T11:31:34Z,2024-11-29T16:08:26Z,-194.1,546.88
51468,STARLINK-3174,2024-11-29T16:08:26Z,2024-11-30T03:16:15Z,484.2,546.88
51468,STARLINK-3174,2024-11-30T03:16:15Z,2024-11-30T04:51:35Z,-297.8,546.88
51717,STARLINK-3445,2024-11-28T19:33:51Z,2024-11-29T19:24:40Z,101.6,546.89
51717,STARLINK-3445,2024-11-29T19:24:40Z,2024-11-30T11:18:30Z,-118.5,546.89
51720,STARLINK-3526,2024-11-28T12:29:53Z,2024-11-29T01:13:01Z,102.9,546.86
51721,STARLINK-3524,2024-11-29T12:36:36Z,2024-11-30T04:30:27Z,126.1,546.9
51721,STARLINK-3524,2024-11-30T04:30:27Z,2024-11-30T12:27:23Z,-116.2,546.9
51722,STARLINK-3535,2024-11-29T01:06:22Z,2024-11-29T18:35:35Z,-107.0,546.89
51722,STARLINK-3535,2024-11-29T18:35:35Z,2024-11-30T12:04:47Z,-101.6,546.89
51728,STARLINK-3448,2024-11-27T05:07:39Z,2024-11-28T11:18:54Z,-312.2,543.85
51728,STARLINK-3448,2024-11-28T17:40:12Z,2024-11-29T11:08:45Z,-163.5,543.85
51728,STARLINK-3448,2024-11-29T11:08:45Z,2024-11-29T22:16:00Z,-101.6,543.85
51728,STARLINK-3448,2024-11-29T22:16:00Z,2024-11-30T10:58:32Z,-132.9,543.85
51729,STARLINK-3523,2024-11-26T19:57:31Z,2024-11-27T11:51:25Z,125.7,546.87
51730,STARLINK-3530,2024-11-26T22:00:01Z,2024-11-27T06:00:01Z,-2103.2,391.35
51730,STARLINK-3530,2024-11-27T06:00:01Z,2024-11-27T14:00:01Z,-2216.2,391.35
51730,STARLINK-3530,2024-11-27T14:00:01Z,2024-11-27T22:00:01Z,-2314.2,391.35
51730,STARLINK-3530,2024-11-27T22:00:01Z,2024-11-28T14:00:01Z,-4263.1,391.35
51730,STARLINK-3530,2024-11-28T14:00:01Z,2024-11-28T22:00:01Z,-2290.8,391.35
51730,STARLINK-3530,2024-11-28T22:00:01Z,2024-11-29T06:00:01Z,-2121.2,391.35
51730,STARLINK-3530,2024-11-29T06:00:01Z,2024-11-29T22:00:01Z,-4421.4,391.35
51730,STARLINK-3530,2024-11-29T22:00:01Z,2024-11-30T14:00:01Z,-4301.7,391.35
51733,STARLINK-3525,2024-11-28T05:00:46Z,2024-11-28T19:19:17Z,141.6,546.86
51736,STARLINK-3447,2024-11-29T18:43:36Z,2024-11-30T10:37:26Z,-105.0,546.88
51744,STARLINK-3452,2024-11-28T11:47:26Z,2024-11-28T18:09:02Z,168.2,546.87
51744,STARLINK-3452,2024-11-29T11:38:14Z,2024-11-29T22:45:59Z,133.4,546.87
51744,STARLINK-3452,2024-11-29T22:45:59Z,2024-11-30T11:29:02Z,-121.7,546.87
51751,STARLINK-3506,2024-11-29T10:37:22Z,2024-11-30T02:31:15Z,104.6,546.88
51751,STARLINK-3506,2024-11-30T02:31:15Z,2024-11-30T10:28:09Z,-117.1,546.88
51758,STARLINK-3458,2024-11-28T01:23:29Z,2024-11-28T10:55:48Z,120.1,546.89
51768,STARLINK-3622,2024-11-28T13:20:12Z,2024-11-28T19:41:46Z,116.5,546.86
51770,STARLINK-3612,2024-11-28T13:14:53Z,2024-11-28T19:36:28Z,123.0,546.88
51773,STARLINK-3624,2024-11-27T19:31:09Z,2024-11-28T03:28:05Z,128.5,546.89
51773,STARLINK-3624,2024-11-28T03:28:05Z,2024-11-28T13:00:23Z,-154.5,546.89
51778,STARLINK-3615,2024-11-28T12:49:42Z,2024-11-28T19:11:16Z,101.4,546.87
51779,STARLINK-3611,2024-11-28T20:36:06Z,2024-11-29T20:26:57Z,137.2,546.88
51792,STARLINK-3626,2024-11-28T05:43:10Z,2024-11-28T13:40:04Z,-119.0,546.87
51810,STARLINK-3613,2024-11-27T05:07:21Z,2024-11-27T13:04:17Z,108.4,546.88
51857,STARLINK-3571,2024-11-28T15:18:10Z,2024-11-28T23:15:06Z,105.4,546.88
51857,STARLINK-3571,2024-11-28T23:15:06Z,2024-11-29T15:08:57Z,-101.1,546.88
51860,STARLINK-3559,2024-11-26T08:16:40Z,2024-11-27T08:07:29Z,-220.4,546.88
51869,STARLINK-3588,2024-11-27T22:57:47Z,2024-11-28T05:19:17Z,-179.2,546.88
51872,STARLINK-3554,2024-11-28T14:56:53Z,2024-11-29T06:50:47Z,124.1,546.86
51890,STARLINK-3519,2024-11-26T07:15:53Z,2024-11-26T21:21:22Z,-348.7,476.05
51890,STARLINK-3519,2024-11-26T21:21:22Z,2024-11-27T06:44:59Z,-259.3,476.05
51890,STARLINK-3519,2024-11-27T06:44:59Z,2024-11-27T22:00:01Z,-422.6,476.05
51890,STARLINK-3519,2024-11-27T22:00:01Z,2024-11-28T03:06:02Z,-108.2,476.05
51890,STARLINK-3519,2024-11-28T03:06:02Z,2024-11-28T14:03:28Z,-315.9,476.05
51890,STARLINK-3519,2024-11-28T14:03:28Z,2024-11-29T22:00:01Z,-949.5,476.05
51890,STARLINK-3519,2024-11-29T22:00:01Z,2024-11-30T13:00:32Z,-364.9,476.05
51893,STARLINK-3579,2024-11-26T22:47:06Z,2024-11-27T14:41:01Z,122.0,546.85
51893,STARLINK-3579,2024-11-27T14:41:01Z,2024-11-28T06:34:51Z,-100.7,546.85
51895,STARLINK-3594,2024-11-28T06:29:31Z,2024-11-28T14:26:25Z,-144.2,546.88
51895,STARLINK-3594,2024-11-28T14:26:25Z,2024-11-29T03:09:33Z,159.3,546.88
51961,STARLINK-3689,2024-11-26T14:00:01Z,2024-11-26T22:00:01Z,-2200.3,481.17
51961,STARLINK-3689,2024-11-26T22:00:01Z,2024-11-27T14:00:01Z,-4625.5,481.17
51961,STARLINK-3689,2024-11-27T14:00:01Z,2024-11-27T22:00:01Z,-2218.2,481.17
51961,STARLINK-3689,2024-11-27T22:00:01Z,2024-11-28T14:00:01Z,-4609.8,481.17
51961,STARLINK-3689,2024-11-28T14:00:01Z,2024-11-28T22:00:01Z,-2203.7,481.17
51961,STARLINK-3689,2024-11-28T22:00:01Z,2024-11-29T14:00:01Z,-4287.0,481.17
51961,STARLINK-3689,2024-11-29T22:00:01Z,2024-11-30T04:00:01Z,-111.4,481.17
51961,STARLINK-3689,2024-11-30T04:00:01Z,2024-11-30T14:00:01Z,262.7,481.17
51969,STARLINK-3680,2024-11-27T08:29:20Z,2024-11-27T16:26:59Z,-108.5,554.4
51969,STARLINK-3680,2024-11-27T16:26:59Z,2024-11-28T13:09:05Z,242.7,554.4
51969,STARLINK-3680,2024-11-29T03:28:56Z,2024-11-29T22:35:22Z,-207.2,554.4
51969,STARLINK-3680,2024-11-29T22:35:22Z,2024-11-30T16:06:20Z,198.9,554.4
51972,STARLINK-3671,2024-11-28T15:59:20Z,2024-11-29T06:19:12Z,149.7,554.36
51972,STARLINK-3671,2024-11-29T06:19:12Z,2024-11-29T22:14:34Z,-236.1,554.36
51976,STARLINK-3663,2024-11-26T09:52:53Z,2024-11-27T09:37:58Z,-212.0,528.22
51976,STARLINK-3663,2024-11-27T17:32:59Z,2024-11-28T09:22:59Z,-168.5,528.22
51976,STARLINK-3663,2024-11-28T09:22:59Z,2024-11-29T17:02:52Z,-312.3,528.22
51976,STARLINK-3663,2024-11-29T17:02:52Z,2024-11-30T08:52:46Z,-171.8,528.22
51978,STARLINK-3666,2024-11-26T22:00:01Z,2024-11-27T06:00:01Z,-2286.7,438.46
51978,STARLINK-3666,2024-11-27T06:00:01Z,2024-11-27T14:00:01Z,-2277.6,438.46
51978,STARLINK-3666,2024-11-27T14:00:01Z,2024-11-27T22:00:01Z,-2156.3,438.46
51978,STARLINK-3666,2024-11-27T22:00:01Z,2024-11-28T06:00:01Z,-2299.4,438.46
51978,STARLINK-3666,2024-11-28T06:00:01Z,2024-11-28T14:00:01Z,-2231.4,438.46
51978,STARLINK-3666,2024-11-28T14:00:01Z,2024-11-28T22:00:01Z,-2175.2,438.46
51978,STARLINK-3666,2024-11-28T22:00:01Z,2024-11-29T14:00:01Z,-4532.5,438.46
51978,STARLINK-3666,2024-11-29T14:00:01Z,2024-11-29T22:00:01Z,-2135.4,438.46
51978,STARLINK-3666,2024-11-29T22:00:01Z,2024-11-30T14:00:01Z,-4532.8,438.46
51980,STARLINK-3649,2024-11-26T09:58:40Z,2024-11-27T08:14:08Z,102.0,546.88
51982,STARLINK-3650,2024-11-26T20:00:02Z,2024-11-26T22:00:01Z,-525.5,418.52
51982,STARLINK-3650,2024-11-26T22:00:01Z,2024-11-27T12:00:02Z,-3902.6,418.52
51982,STARLINK-3650,2024-11-27T12:00:02Z,2024-11-27T14:00:01Z,-636.6,418.52
51982,STARLINK-3650,2024-11-27T14:00:01Z,2024-11-27T20:00:01Z,-1579.1,418.52
51982,STARLINK-3650,2024-11-27T20:00:01Z,2024-11-27T22:00:01Z,-553.1,418.52
51982,STARLINK-3650,2024-11-27T22:00:01Z,2024-11-28T12:00:01Z,-3941.5,418.52
51982,STARLINK-3650,2024-11-28T12:00:01Z,2024-11-28T14:00:01Z,-591.6,418.52
51982,STARLINK-3650,2024-11-28T14:00:01Z,2024-11-28T22:00:01Z,-2109.9,418.52
51982,STARLINK-3650,2024-11-28T22:00:01Z,2024-11-29T04:00:02Z,-1749.2,418.52
51982,STARLINK-3650,2024-11-29T04:00:02Z,2024-11-29T22:00:01Z,-4908.3,418.52
51982,STARLINK-3650,2024-11-29T22:00:01Z,2024-11-30T04:00:01Z,-1714.8,418.52
51982,STARLINK-3650,2024-11-30T04:00:01Z,2024-11-30T14:00:01Z,-2781.2,418.52
51985,STARLINK-3651,2024-11-30T11:03:55Z,2024-11-30T15:50:05Z,113.1,546.85
51987,STARLINK-3644,2024-11-28T17:10:40Z,2024-11-28T23:32:16Z,185.0,546.89
51988,STARLINK-3640,2024-11-27T07:21:07Z,2024-11-28T00:50:23Z,105.5,546.88
51988,STARLINK-3640,2024-11-28T00:50:23Z,2024-11-28T07:11:55Z,-105.3,546.88
51991,STARLINK-3652,2024-11-26T06:05:34Z,2024-11-27T07:31:43Z,-174.3,546.88
52000,STARLINK-3653,2024-11-26T07:11:49Z,2024-11-27T08:37:58Z,-171.1,546.82
52002,STARLINK-3668,2024-11-29T21:18:33Z,2024-11-30T10:01:36Z,-117.6,546.87
52003,STARLINK-3654,2024-11-26T22:00:01Z,2024-11-27T14:00:01Z,-100.4,508.89
52003,STARLINK-3654,2024-11-28T14:00:01Z,2024-11-28T20:00:01Z,136.6,508.89
52003,STARLINK-3654,2024-11-28T23:22:59Z,2024-11-29T15:08:56Z,-152.3,508.89
52003,STARLINK-3654,2024-11-29T15:08:56Z,2024-11-30T05:20:22Z,133.0,508.89
52088,STARLINK-3537,2024-11-26T06:38:44Z,2024-11-27T06:28:44Z,-217.0,543.99
52088,STARLINK-3537,2024-11-27T06:28:44Z,2024-11-28T03:08:01Z,-195.8,543.99
52088,STARLINK-3537,2024-11-28T03:08:01Z,2024-11-28T12:39:59Z,-104.4,543.99
52088,STARLINK-3537,2024-11-28T19:01:17Z,2024-11-29T12:29:50Z,-182.2,543.99
52088,STARLINK-3537,2024-11-29T12:29:50Z,2024-11-30T12:19:36Z,-250.4,543.99
52091,STARLINK-3713,2024-11-26T20:00:02Z,2024-11-26T22:00:01Z,-336.5,489.98
52091,STARLINK-3713,2024-11-26T22:00:01Z,2024-11-27T04:00:01Z,-1127.6,489.98
52091,STARLINK-3713,2024-11-27T04:00:01Z,2024-11-27T14:00:01Z,-1881.9,489.98
52091,STARLINK-3713,2024-11-27T14:00:01Z,2024-11-27T20:00:01Z,-1302.5,489.98
52091,STARLINK-3713,2024-11-27T20:00:01Z,2024-11-27T22:00:01Z,-325.0,489.98
52091,STARLINK-3713,2024-11-27T22:00:01Z,2024-11-28T04:00:01Z,-1156.4,489.98
52091,STARLINK-3713,2024-11-28T04:00:01Z,2024-11-28T14:00:01Z,-1869.7,489.98
52091,STARLINK-3713,2024-11-28T14:00:01Z,2024-11-28T20:00:01Z,-1303.7,489.98
52091,STARLINK-3713,2024-11-28T20:00:01Z,2024-11-28T22:00:01Z,-293.5,489.98
52091,STARLINK-3713,2024-11-28T22:00:01Z,2024-11-29T04:00:02Z,-1171.9,489.98
52091,STARLINK-3713,2024-11-29T04:00:02Z,2024-11-29T20:00:01Z,-3148.5,489.98
52091,STARLINK-3713,2024-11-29T20:00:01Z,2024-11-29T22:00:01Z,-285.2,489.98
52091,STARLINK-3713,2024-11-29T22:00:01Z,2024-11-30T04:00:01Z,-1212.1,489.98
52091,STARLINK-3713,2024-11-30T04:00:01Z,2024-11-30T12:00:01Z,-1335.2,489.98
52091,STARLINK-3713,2024-11-30T12:00:01Z,2024-11-30T14:00:01Z,-234.6,489.98
52093,STARLINK-3673,2024-11-26T13:20:09Z,2024-11-27T10:00:09Z,-102.9,546.87
52101,STARLINK-3703,2024-11-26T13:18:51Z,2024-11-27T09:58:48Z,-143.0,546.94
52103,STARLINK-3705,2024-11-27T12:17:54Z,2024-11-28T02:36:18Z,-171.6,546.87
52103,STARLINK-3705,2024-11-28T02:36:18Z,2024-11-28T10:33:16Z,128.4,546.87
52103,STARLINK-3705,2024-11-28T12:08:39Z,2024-11-29T02:27:11Z,-883.9,546.87
52103,STARLINK-3705,2024-11-29T02:27:11Z,2024-11-29T10:24:02Z,307.1,546.87
52103,STARLINK-3705,2024-11-29T18:20:55Z,2024-11-30T11:50:14Z,563.4,546.87
52115,STARLINK-3685,2024-11-26T13:09:32Z,2024-11-27T03:27:57Z,-110.4,546.88
52118,STARLINK-3743,2024-11-27T11:30:09Z,2024-11-28T03:24:02Z,101.9,546.88
52124,STARLINK-3684,2024-11-26T06:00:02Z,2024-11-26T22:00:01Z,-4387.2,422.41
52124,STARLINK-3684,2024-11-26T22:00:01Z,2024-11-27T14:00:01Z,-4404.2,422.41
52124,STARLINK-3684,2024-11-27T14:00:01Z,2024-11-27T22:00:01Z,-2266.0,422.41
52124,STARLINK-3684,2024-11-27T22:00:01Z,2024-11-28T06:00:01Z,-2275.9,422.41
52124,STARLINK-3684,2024-11-28T06:00:01Z,2024-11-28T14:00:01Z,-2145.5,422.41
52124,STARLINK-3684,2024-11-28T14:00:01Z,2024-11-28T22:00:01Z,-2218.1,422.41
52124,STARLINK-3684,2024-11-28T22:00:01Z,2024-11-29T04:00:02Z,-1793.7,422.41
52124,STARLINK-3684,2024-11-29T04:00:02Z,2024-11-29T14:00:01Z,-2078.9,422.41
52124,STARLINK-3684,2024-11-29T14:00:01Z,2024-11-29T22:00:01Z,-1769.8,422.41
52124,STARLINK-3684,2024-11-29T22:00:01Z,2024-11-30T14:00:01Z,-4442.9,422.41
52261,STARLINK-3810,2024-11-26T12:00:01Z,2024-11-26T22:00:01Z,-2791.5,388.03
52261,STARLINK-3810,2024-11-26T22:00:01Z,2024-11-27T14:00:01Z,-4292.1,388.03
52261,STARLINK-3810,2024-11-27T14:00:01Z,2024-11-27T22:00:01Z,-2297.3,388.03
52261,STARLINK-3810,2024-11-27T22:00:01Z,2024-11-28T04:00:01Z,-1568.8,388.03
52261,STARLINK-3810,2024-11-28T04:00:01Z,2024-11-28T14:00:01Z,-2716.6,388.03
52261,STARLINK-3810,2024-11-28T14:00:01Z,2024-11-28T22:00:01Z,-2272.4,388.03
52261,STARLINK-3810,2024-11-28T22:00:01Z,2024-11-29T04:00:02Z,-1598.8,388.03
52261,STARLINK-3810,2024-11-29T04:00:02Z,2024-11-29T20:00:01Z,-4453.7,388.03
52261,STARLINK-3810,2024-11-29T20:00:01Z,2024-11-29T22:00:01Z,-467.5,388.03
52261,STARLINK-3810,2024-11-29T22:00:01Z,2024-11-30T12:00:01Z,-3785.8,388.03
52261,STARLINK-3810,2024-11-30T12:00:01Z,2024-11-30T14:00:01Z,-512.4,388.03
52268,STARLINK-3746,2024-11-28T14:43:39Z,2024-11-29T11:23:45Z,175.7,546.89
52268,STARLINK-3746,2024-11-29T11:23:45Z,2024-11-30T11:14:27Z,-179.6,546.89
52270,STARLINK-3804,2024-11-26T13:37:21Z,2024-11-27T13:28:05Z,-119.3,546.86
52270,STARLINK-3804,2024-11-28T13:18:55Z,2024-11-29T11:34:17Z,-107.4,546.86
52272,STARLINK-3781,2024-11-28T14:50:23Z,2024-11-29T03:33:25Z,686.2,546.88
52272,STARLINK-3781,2024-11-29T03:33:25Z,2024-11-29T11:30:22Z,-777.3,546.88
52284,STARLINK-3561,2024-11-29T10:32:01Z,2024-11-30T10:22:47Z,-124.5,546.86
52286,STARLINK-3802,2024-11-28T04:09:10Z,2024-11-28T10:30:39Z,-172.4,546.87
52286,STARLINK-3802,2024-11-29T10:21:24Z,2024-11-29T13:32:15Z,995.2,546.87
52286,STARLINK-3802,2024-11-29T13:32:15Z,2024-11-30T13:22:59Z,-968.5,546.87
52289,STARLINK-3751,2024-11-29T10:37:19Z,2024-11-30T10:28:05Z,-122.0,546.87
52291,STARLINK-3773,2024-11-26T13:08:43Z,2024-11-27T12:41:21Z,-343.9,487.54
52291,STARLINK-3773,2024-11-27T12:41:21Z,2024-11-28T12:13:53Z,-404.5,487.54
52291,STARLINK-3773,2024-11-28T12:13:53Z,2024-11-29T13:20:26Z,-453.5,487.54
52291,STARLINK-3773,2024-11-29T13:20:26Z,2024-11-30T01:53:39Z,-251.5,487.54
52291,STARLINK-3773,2024-11-30T01:53:39Z,2024-11-30T11:18:32Z,-211.0,487.54
52299,STARLINK-3759,2024-11-26T22:00:01Z,2024-11-27T14:00:01Z,114.3,504.9
52299,STARLINK-3759,2024-11-27T14:00:01Z,2024-11-27T22:00:01Z,-127.0,504.9
52299,STARLINK-3759,2024-11-30T10:57:13Z,2024-11-30T12:31:37Z,-131.6,504.9
52299,STARLINK-3759,2024-11-30T12:31:37Z,2024-11-30T15:40:38Z,-121.2,504.9
52301,STARLINK-3768,2024-11-28T13:04:16Z,2024-11-29T12:55:06Z,139.6,546.9
52304,STARLINK-3744,2024-11-27T10:51:46Z,2024-11-28T02:45:38Z,173.1,546.88
52304,STARLINK-3744,2024-11-28T10:42:35Z,2024-11-28T12:17:56Z,-239.5,546.88
52304,STARLINK-3744,2024-11-29T02:36:25Z,2024-11-30T02:27:11Z,-104.5,546.88
52305,STARLINK-3724,2024-11-26T13:06:47Z,2024-11-27T12:57:38Z,281.3,546.89
52332,STARLINK-3831,2024-11-27T20:46:40Z,2024-11-28T11:05:05Z,-286.2,546.88
52332,STARLINK-3831,2024-11-28T11:05:05Z,2024-11-28T20:37:25Z,272.8,546.88
52337,STARLINK-3797,2024-11-27T04:40:50Z,2024-11-27T20:34:39Z,-131.0,546.88
52338,STARLINK-3815,2024-11-26T12:00:01Z,2024-11-26T22:00:01Z,-230.9,458.92
52338,STARLINK-3815,2024-11-26T22:00:01Z,2024-11-27T12:00:02Z,-538.5,458.92
52338,STARLINK-3815,2024-11-27T14:00:01Z,2024-11-27T22:00:01Z,-186.8,458.92
52338,STARLINK-3815,2024-11-27T22:00:01Z,2024-11-28T12:00:01Z,-536.0,458.92
52338,STARLINK-3815,2024-11-28T14:00:01Z,2024-11-28T22:00:01Z,-258.1,458.92
52338,STARLINK-3815,2024-11-29T18:29:21Z,2024-11-30T08:31:17Z,-360.3,458.92
52338,STARLINK-3815,2024-11-30T08:31:17Z,2024-11-30T14:45:25Z,-285.1,458.92
52342,STARLINK-3850,2024-11-29T17:17:27Z,2024-11-29T22:03:36Z,-100.1,546.89
52354,STARLINK-3876,2024-11-29T03:20:08Z,2024-11-29T19:13:56Z,-144.7,546.84
52354,STARLINK-3876,2024-11-29T19:13:56Z,2024-11-30T03:10:53Z,177.2,546.84
52357,STARLINK-3821,2024-11-29T19:24:35Z,2024-11-30T03:21:34Z,127.2,546.9
52362,STARLINK-3848,2024-11-26T22:21:54Z,2024-11-27T20:37:20Z,123.3,546.9
52370,STARLINK-3827,2024-11-28T18:32:54Z,2024-11-29T10:26:49Z,101.0,546.89
52370,STARLINK-3827,2024-11-29T10:26:49Z,2024-11-29T16:48:19Z,-111.8,546.89
52378,STARLINK-3806,2024-11-30T09:28:27Z,2024-11-30T15:50:02Z,122.0,546.88
52381,STARLINK-3803,2024-11-26T06:00:02Z,2024-11-26T14:00:01Z,-1632.0,402.42
52381,STARLINK-3803,2024-11-26T14:00:01Z,2024-11-26T22:00:01Z,294.7,402.42
52381,STARLINK-3803,2024-11-26T22:00:01Z,2024-11-27T06:00:01Z,-937.8,402.42
52381,STARLINK-3803,2024-11-27T06:00:01Z,2024-11-27T14:00:01Z,-2275.4,402.42
52381,STARLINK-3803,2024-11-27T14:00:01Z,2024-11-27T22:00:01Z,-2143.5,402.42
52381,STARLINK-3803,2024-11-27T22:00:01Z,2024-11-28T14:00:01Z,-4468.3,402.42
52381,STARLINK-3803,2024-11-28T14:00:01Z,2024-11-28T22:00:01Z,-2149.9,402.42
52381,STARLINK-3803,2024-11-28T22:00:01Z,2024-11-29T14:00:01Z,-4472.0,402.42
52381,STARLINK-3803,2024-11-29T14:00:01Z,2024-11-29T22:00:01Z,-2115.9,402.42
52381,STARLINK-3803,2024-11-29T22:00:01Z,2024-11-30T04:00:01Z,-1662.7,402.42
52381,STARLINK-3803,2024-11-30T04:00:01Z,2024-11-30T14:00:01Z,-2770.8,402.42
52452,STARLINK-3909,2024-11-29T10:51:51Z,2024-11-30T09:07:19Z,409.0,546.86
52456,STARLINK-3896,2024-11-26T12:19:10Z,2024-11-27T12:10:00Z,116.0,546.85
52460,STARLINK-3865,2024-11-26T06:00:02Z,2024-11-26T22:00:01Z,-4344.7,419.61
52460,STARLINK-3865,2024-11-26T22:00:01Z,2024-11-27T14:00:01Z,-4501.8,419.61
52460,STARLINK-3865,2024-11-27T14:00:01Z,2024-11-27T22:00:01Z,-2170.2,419.61
52460,STARLINK-3865,2024-11-27T22:00:01Z,2024-11-28T06:00:01Z,-2293.8,419.61
52460,STARLINK-3865,2024-11-28T06:00:01Z,2024-11-28T14:00:01Z,-2208.8,419.61
52460,STARLINK-3865,2024-11-28T14:00:01Z,2024-11-28T22:00:01Z,-2129.1,419.61
52460,STARLINK-3865,2024-11-28T22:00:01Z,2024-11-29T14:00:01Z,-4510.5,419.61
52460,STARLINK-3865,2024-11-29T14:00:01Z,2024-11-29T22:00:01Z,-2153.1,419.61
52460,STARLINK-3865,2024-11-29T22:00:01Z,2024-11-30T14:00:01Z,-4473.3,419.61
52461,STARLINK-3900,2024-11-28T17:46:29Z,2024-11-29T17:37:15Z,-150.1,546.88
52461,STARLINK-3900,2024-11-29T17:37:15Z,2024-11-30T09:31:08Z,144.5,546.88
52462,STARLINK-3903,2024-11-26T10:02:45Z,2024-11-27T01:56:36Z,-112.9,546.87
52463,STARLINK-3885,2024-11-30T06:15:03Z,2024-11-30T12:36:35Z,-186.4,546.87
52466,STARLINK-3840,2024-11-26T10:15:46Z,2024-11-27T01:55:58Z,-219.2,480.24
52466,STARLINK-3840,2024-11-27T01:55:58Z,2024-11-27T08:12:01Z,-101.4,480.24
52466,STARLINK-3840,2024-11-27T08:12:01Z,2024-11-27T17:36:06Z,-144.4,480.24
52466,STARLINK-3840,2024-11-27T23:52:09Z,2024-11-28T07:42:11Z,-141.1,480.24
52466,STARLINK-3840,2024-11-28T07:42:11Z,2024-11-29T10:20:13Z,-434.7,480.24
52466,STARLINK-3840,2024-11-29T10:20:13Z,2024-11-30T06:42:08Z,-357.5,480.24
52467,STARLINK-3873,2024-11-26T11:31:23Z,2024-11-26T17:52:56Z,116.1,546.86
52467,STARLINK-3873,2024-11-26T17:52:56Z,2024-11-27T11:22:14Z,198.8,546.86
52476,STARLINK-3835,2024-11-27T18:02:26Z,2024-11-28T09:56:19Z,232.4,546.89
52476,STARLINK-3835,2024-11-28T09:56:19Z,2024-11-28T17:53:13Z,-221.6,546.89
52477,STARLINK-3860,2024-11-29T01:27:32Z,2024-11-29T09:24:30Z,102.9,546.88
52477,STARLINK-3860,2024-11-29T09:24:30Z,2024-11-30T09:15:15Z,-120.5,546.88
52481,STARLINK-3842,2024-11-26T06:00:02Z,2024-11-26T22:00:01Z,-4170.3,315.34
52481,STARLINK-3842,2024-11-26T22:00:01Z,2024-11-27T14:00:01Z,-4379.6,315.34
52481,STARLINK-3842,2024-11-27T14:00:01Z,2024-11-27T22:00:01Z,-2037.6,315.34
52481,STARLINK-3842,2024-11-27T22:00:01Z,2024-11-28T14:00:01Z,-4393.8,315.34
52481,STARLINK-3842,2024-11-28T14:00:01Z,2024-11-28T22:00:01Z,-2028.1,315.34
52481,STARLINK-3842,2024-11-28T22:00:01Z,2024-11-29T14:00:01Z,-4333.0,315.34
52481,STARLINK-3842,2024-11-29T14:00:01Z,2024-11-29T22:00:01Z,-2042.1,315.34
52481,STARLINK-3842,2024-11-29T22:00:01Z,2024-11-30T14:00:01Z,-4312.0,315.34
52485,STARLINK-3913,2024-11-29T16:54:53Z,2024-11-30T07:13:20Z,290.2,546.87
52485,STARLINK-3913,2024-11-30T07:13:20Z,2024-11-30T16:45:41Z,-267.0,546.87
52486,STARLINK-3918,2024-11-29T08:19:32Z,2024-11-29T17:51:50Z,-102.9,546.88
52487,STARLINK-3902,2024-11-28T17:20:01Z,2024-11-29T01:17:00Z,113.0,546.88
52487,STARLINK-3902,2024-11-29T01:17:00Z,2024-11-29T07:38:30Z,-106.7,546.88
52488,STARLINK-3892,2024-11-26T10:17:15Z,2024-11-27T11:43:30Z,118.2,546.85
52488,STARLINK-3892,2024-11-27T11:43:30Z,2024-11-28T02:01:56Z,-115.5,546.85
52493,STARLINK-3883,2024-11-28T07:15:54Z,2024-11-29T10:17:28Z,243.7,546.88
52493,STARLINK-3883,2024-11-29T10:17:28Z,2024-11-30T00:35:55Z,-252.5,546.88
52494,STARLINK-3857,2024-11-29T06:34:53Z,2024-11-29T17:42:36Z,132.2,546.89
52494,STARLINK-3857,2024-11-29T17:42:36Z,2024-11-30T06:25:40Z,-137.2,546.89
52502,STARLINK-3912,2024-11-28T23:37:32Z,2024-11-29T17:06:48Z,119.1,546.88
52503,STARLINK-3861,2024-11-28T17:00:06Z,2024-11-28T23:21:39Z,116.3,546.86
52533,STARLINK-3951,2024-11-26T06:00:02Z,2024-11-26T22:00:01Z,-4700.7,515.01
52533,STARLINK-3951,2024-11-26T22:00:01Z,2024-11-27T06:00:01Z,-2227.2,515.01
52533,STARLINK-3951,2024-11-27T06:00:01Z,2024-11-27T14:00:01Z,-2323.9,515.01
52533,STARLINK-3951,2024-11-27T14:00:01Z,2024-11-27T22:00:01Z,-2351.4,515.01
52533,STARLINK-3951,2024-11-27T22:00:01Z,2024-11-28T14:00:01Z,-4527.3,515.01
52533,STARLINK-3951,2024-11-28T14:00:01Z,2024-11-28T22:00:01Z,-2358.4,515.01
52533,STARLINK-3951,2024-11-28T22:00:01Z,2024-11-29T14:00:01Z,-4497.1,515.01
52533,STARLINK-3951,2024-11-29T14:00:01Z,2024-11-29T22:00:01Z,-2372.2,515.01
52533,STARLINK-3951,2024-11-29T22:00:01Z,2024-11-30T04:00:01Z,-1638.9,515.01
52533,STARLINK-3951,2024-11-30T04:00:01Z,2024-11-30T14:00:01Z,-2838.9,515.01
52536,STARLINK-3964,2024-11-28T13:48:03Z,2024-11-29T12:03:25Z,-128.9,546.87
52542,STARLINK-3937,2024-11-28T14:46:18Z,2024-11-29T13:01:45Z,113.3,546.87
52544,STARLINK-3944,2024-11-27T14:04:34Z,2024-11-29T12:10:42Z,-101.8,546.88
52555,STARLINK-3949,2024-11-26T13:27:43Z,2024-11-27T05:09:37Z,-286.0,488.55
52555,STARLINK-3949,2024-11-27T05:09:37Z,2024-11-29T13:40:07Z,-727.7,488.55
52555,STARLINK-3949,2024-11-29T13:40:07Z,2024-11-30T14:46:49Z,-374.9,488.55
52556,STARLINK-3763,2024-11-27T13:49:34Z,2024-11-28T11:54:22Z,-166.8,510.24
52556,STARLINK-3763,2024-11-28T13:28:59Z,2024-11-29T11:33:44Z,-163.5,510.24
52556,STARLINK-3763,2024-11-29T11:33:44Z,2024-11-30T04:54:34Z,-145.8,510.24
52560,STARLINK-3956,2024-11-27T14:09:10Z,2024-11-28T12:24:35Z,167.4,546.91
52560,STARLINK-3956,2024-11-28T13:59:59Z,2024-11-29T12:15:21Z,-195.2,546.91
52566,STARLINK-3938,2024-11-28T14:32:23Z,2024-11-29T15:58:35Z,110.4,546.87
52566,STARLINK-3938,2024-11-29T15:58:35Z,2024-11-30T12:38:35Z,-112.8,546.87
52570,STARLINK-3924,2024-11-26T14:00:01Z,2024-11-26T22:00:01Z,-2283.8,392.97
52570,STARLINK-3924,2024-11-26T22:00:01Z,2024-11-27T06:00:01Z,-1551.5,392.97
52570,STARLINK-3924,2024-11-27T06:00:01Z,2024-11-27T14:00:01Z,-1667.8,392.97
52570,STARLINK-3924,2024-11-27T14:00:01Z,2024-11-27T22:00:01Z,-2255.1,392.97
52570,STARLINK-3924,2024-11-27T22:00:01Z,2024-11-28T06:00:01Z,-2189.3,392.97
52570,STARLINK-3924,2024-11-28T06:00:01Z,2024-11-28T14:00:01Z,-2102.7,392.97
52570,STARLINK-3924,2024-11-28T14:00:01Z,2024-11-28T22:00:01Z,-2288.2,392.97
52570,STARLINK-3924,2024-11-28T22:00:01Z,2024-11-29T06:00:01Z,-2215.0,392.97
52570,STARLINK-3924,2024-11-29T06:00:01Z,2024-11-29T22:00:01Z,-4343.9,392.97
52570,STARLINK-3924,2024-11-29T22:00:01Z,2024-11-30T04:00:01Z,-1639.6,392.97
52570,STARLINK-3924,2024-11-30T04:00:01Z,2024-11-30T14:00:01Z,-2657.8,392.97
52578,STARLINK-3833,2024-11-27T13:00:57Z,2024-11-28T12:51:47Z,118.6,546.89
52578,STARLINK-3833,2024-11-29T12:42:31Z,2024-11-30T12:33:19Z,160.7,546.89
52582,STARLINK-3886,2024-11-26T06:00:02Z,2024-11-26T22:00:01Z,-3941.5,398.82
52582,STARLINK-3886,2024-11-26T22:00:01Z,2024-11-27T06:00:01Z,-1912.8,398.82
52582,STARLINK-3886,2024-11-27T06:00:01Z,2024-11-27T14:00:01Z,-1908.1,398.82
52582,STARLINK-3886,2024-11-27T14:00:01Z,2024-11-27T22:00:01Z,-2001.1,398.82
52582,STARLINK-3886,2024-11-27T22:00:01Z,2024-11-28T14:00:01Z,-3813.2,398.82
52582,STARLINK-3886,2024-11-28T14:00:01Z,2024-11-28T22:00:01Z,-2005.2,398.82
52582,STARLINK-3886,2024-11-28T22:00:01Z,2024-11-29T06:00:01Z,-1956.4,398.82
52582,STARLINK-3886,2024-11-29T06:00:01Z,2024-11-29T22:00:01Z,-3885.2,398.82
52582,STARLINK-3886,2024-11-29T22:00:01Z,2024-11-30T04:00:01Z,-1419.9,398.82
52582,STARLINK-3886,2024-11-30T04:00:01Z,2024-11-30T14:00:01Z,-2392.7,398.82
52584,STARLINK-3922,2024-11-29T22:00:01Z,2024-11-30T00:05:24Z,-274.9,546.88
52584,STARLINK-3922,2024-11-30T00:05:24Z,2024-11-30T11:13:08Z,234.9,546.88
52587,STARLINK-3867,2024-11-26T14:14:26Z,2024-11-27T12:29:53Z,131.0,546.85
52587,STARLINK-3867,2024-11-27T14:05:16Z,2024-11-28T12:20:39Z,-142.2,546.85
52600,STARLINK-4026,2024-11-27T16:00:27Z,2024-11-28T09:29:39Z,-152.4,546.88
52600,STARLINK-4026,2024-11-28T09:29:39Z,2024-11-28T15:51:14Z,141.2,546.88
52603,STARLINK-4016,2024-11-26T15:55:09Z,2024-11-27T01:27:30Z,146.0,546.85
52603,STARLINK-4016,2024-11-27T09:24:25Z,2024-11-27T22:07:29Z,-112.7,546.85
52606,STARLINK-3928,2024-11-27T22:11:23Z,2024-11-28T09:19:09Z,119.9,546.9
52624,STARLINK-4009,2024-11-26T12:00:01Z,2024-11-26T22:00:01Z,-2836.1,404.04
52624,STARLINK-4009,2024-11-26T22:00:01Z,2024-11-27T04:00:01Z,-1612.7,404.04
52624,STARLINK-4009,2024-11-27T04:00:01Z,2024-11-27T14:00:01Z,-2754.1,404.04
52624,STARLINK-4009,2024-11-27T14:00:01Z,2024-11-27T20:00:01Z,-1740.6,404.04
52624,STARLINK-4009,2024-11-27T20:00:01Z,2024-11-27T22:00:01Z,-515.8,404.04
52624,STARLINK-4009,2024-11-27T22:00:01Z,2024-11-28T14:00:01Z,-4347.8,404.04
52624,STARLINK-4009,2024-11-28T14:00:01Z,2024-11-28T22:00:01Z,-2252.7,404.04
52624,STARLINK-4009,2024-11-28T22:00:01Z,2024-11-29T04:00:02Z,-1652.8,404.04
52624,STARLINK-4009,2024-11-29T04:00:02Z,2024-11-29T20:00:01Z,-4399.0,404.04
52624,STARLINK-4009,2024-11-29T20:00:01Z,2024-11-29T22:00:01Z,-521.9,404.04
52624,STARLINK-4009,2024-11-29T22:00:01Z,2024-11-30T14:00:01Z,-4361.9,404.04
52631,STARLINK-3794,2024-11-26T09:24:19Z,2024-11-26T22:07:26Z,109.5,546.86
52631,STARLINK-3794,2024-11-26T22:07:26Z,2024-11-27T15:36:39Z,-112.7,546.86
52632,STARLINK-3995,2024-11-27T22:12:45Z,2024-11-28T22:03:31Z,-106.3,546.85
52633,STARLINK-3994,2024-11-29T08:39:23Z,2024-11-30T08:30:14Z,123.1,546.89
52643,STARLINK-3963,2024-11-26T22:14:02Z,2024-11-27T07:46:19Z,-130.3,546.86
52648,STARLINK-3854,2024-11-29T21:55:36Z,2024-11-30T07:27:56Z,154.0,546.89
52649,STARLINK-3868,2024-11-30T00:29:17Z,2024-11-30T14:47:44Z,128.2,546.88
52660,STARLINK-4081,2024-11-26T08:53:09Z,2024-11-26T18:25:27Z,-142.1,546.9
52667,STARLINK-4076,2024-11-29T14:04:39Z,2024-11-30T13:55:25Z,-105.6,546.87
52675,STARLINK-3934,2024-11-26T07:34:58Z,2024-11-26T15:31:54Z,-123.9,546.85
52683,STARLINK-4039,2024-11-26T12:00:01Z,2024-11-26T22:00:01Z,-3048.8,303.95
52683,STARLINK-4039,2024-11-26T22:00:01Z,2024-11-27T04:00:01Z,-1893.9,303.95
52683,STARLINK-4039,2024-11-27T04:00:01Z,2024-11-27T12:00:02Z,-1002.5,303.95
52683,STARLINK-4039,2024-11-27T12:00:02Z,2024-11-27T14:00:01Z,-538.5,303.95
52683,STARLINK-4039,2024-11-27T14:00:01Z,2024-11-27T22:00:01Z,-2173.1,303.95
52683,STARLINK-4039,2024-11-27T22:00:01Z,2024-11-28T12:00:01Z,-3618.9,303.95
52683,STARLINK-4039,2024-11-28T12:00:01Z,2024-11-28T14:00:01Z,-345.2,303.95
52683,STARLINK-4039,2024-11-28T14:00:01Z,2024-11-28T22:00:01Z,-1746.7,303.95
52683,STARLINK-4039,2024-11-28T22:00:01Z,2024-11-29T04:00:02Z,-1180.1,303.95
52683,STARLINK-4039,2024-11-29T04:00:02Z,2024-11-29T20:00:01Z,-3399.7,303.95
52683,STARLINK-4039,2024-11-29T20:00:01Z,2024-11-29T22:00:01Z,-446.7,303.95
52683,STARLINK-4039,2024-11-29T22:00:01Z,2024-11-30T14:00:01Z,-3258.8,303.95
52685,STARLINK-4029,2024-11-26T17:49:41Z,2024-11-27T14:29:43Z,155.9,546.88
52685,STARLINK-4029,2024-11-27T14:29:43Z,2024-11-28T06:23:34Z,-129.6,546.88
52688,STARLINK-4032,2024-11-26T17:39:04Z,2024-11-27T14:19:03Z,-103.6,546.89
52691,STARLINK-3945,2024-11-26T20:00:02Z,2024-11-26T22:00:01Z,-598.4,399.6
52691,STARLINK-3945,2024-11-26T22:00:01Z,2024-11-27T12:00:02Z,-3865.3,399.6
52691,STARLINK-3945,2024-11-27T12:00:02Z,2024-11-27T14:00:01Z,-530.8,399.6
52691,STARLINK-3945,2024-11-27T14:00:01Z,2024-11-27T22:00:01Z,-2244.7,399.6
52691,STARLINK-3945,2024-11-27T22:00:01Z,2024-11-28T12:00:01Z,-3833.3,399.6
52691,STARLINK-3945,2024-11-28T12:00:01Z,2024-11-28T14:00:01Z,-535.7,399.6
52691,STARLINK-3945,2024-11-28T14:00:01Z,2024-11-28T22:00:01Z,-2239.2,399.6
52691,STARLINK-3945,2024-11-28T22:00:01Z,2024-11-29T20:00:01Z,-6014.6,399.6
52691,STARLINK-3945,2024-11-29T20:00:01Z,2024-11-29T22:00:01Z,-567.1,399.6
52691,STARLINK-3945,2024-11-29T22:00:01Z,2024-11-30T14:00:01Z,-4312.5,399.6
52696,STARLINK-4025,2024-11-26T12:00:01Z,2024-11-26T22:00:01Z,-2968.9,316.75
52696,STARLINK-4025,2024-11-26T22:00:01Z,2024-11-27T12:00:02Z,-4189.9,316.75
52696,STARLINK-4025,2024-11-27T12:00:02Z,2024-11-27T14:00:01Z,-517.7,316.75
52696,STARLINK-4025,2024-11-27T14:00:01Z,2024-11-27T22:00:01Z,-2401.4,316.75
52696,STARLINK-4025,2024-11-27T22:00:01Z,2024-11-28T04:00:01Z,-1740.4,316.75
52696,STARLINK-4025,2024-11-28T04:00:01Z,2024-11-28T14:00:01Z,-2921.7,316.75
52696,STARLINK-4025,2024-11-28T14:00:01Z,2024-11-28T20:00:01Z,-1875.8,316.75
52696,STARLINK-4025,2024-11-28T20:00:01Z,2024-11-28T22:00:01Z,-587.8,316.75
52696,STARLINK-4025,2024-11-28T22:00:01Z,2024-11-29T20:00:01Z,-6406.8,316.75
52696,STARLINK-4025,2024-11-29T20:00:01Z,2024-11-29T22:00:01Z,-614.3,316.75
52696,STARLINK-4025,2024-11-29T22:00:01Z,2024-11-30T12:00:01Z,-4031.4,316.75
52696,STARLINK-4025,2024-11-30T12:00:01Z,2024-11-30T14:00:01Z,-601.9,316.75
52699,STARLINK-3987,2024-11-29T07:15:55Z,2024-11-29T13:37:29Z,107.5,546.88
52701,STARLINK-4003,2024-11-26T10:54:23Z,2024-11-26T22:00:01Z,-4528.8,472.44
52701,STARLINK-4003,2024-11-26T22:00:01Z,2024-11-27T14:00:01Z,-4489.3,472.44
52701,STARLINK-4003,2024-11-27T14:00:01Z,2024-11-27T22:00:01Z,-2311.5,472.44
52701,STARLINK-4003,2024-11-27T22:00:01Z,2024-11-28T04:00:01Z,-1582.4,472.44
52701,STARLINK-4003,2024-11-28T04:00:01Z,2024-11-28T12:00:01Z,-2334.4,472.44
52701,STARLINK-4003,2024-11-28T12:00:01Z,2024-11-28T14:00:01Z,-536.7,472.44
52701,STARLINK-4003,2024-11-28T14:00:01Z,2024-11-28T22:00:01Z,-2324.4,472.44
52701,STARLINK-4003,2024-11-28T22:00:01Z,2024-11-29T12:00:01Z,-3894.3,472.44
52701,STARLINK-4003,2024-11-29T12:00:01Z,2024-11-29T22:00:01Z,-2868.0,472.44
52701,STARLINK-4003,2024-11-29T22:00:01Z,2024-11-30T12:00:01Z,-3943.0,472.44
52701,STARLINK-4003,2024-11-30T12:00:01Z,2024-11-30T14:00:01Z,-495.3,472.44
52702,STARLINK-4033,2024-11-28T07:39:39Z,2024-11-28T14:01:16Z,144.3,546.88
52705,STARLINK-3844,2024-11-28T06:46:06Z,2024-11-28T13:07:35Z,-173.4,546.89
52705,STARLINK-3844,2024-11-28T16:18:21Z,2024-11-29T06:36:51Z,125.5,546.89
52707,STARLINK-4007,2024-11-26T16:10:13Z,2024-11-26T22:31:46Z,146.9,546.86
52707,STARLINK-4007,2024-11-26T22:31:46Z,2024-11-27T06:28:46Z,268.2,546.86
52708,STARLINK-3962,2024-11-27T13:53:58Z,2024-11-28T15:20:06Z,-107.7,546.88
52830,STARLINK-4091,2024-11-28T12:27:52Z,2024-11-29T09:07:57Z,253.8,546.86
52839,STARLINK-4048,2024-11-29T16:01:13Z,2024-11-30T06:19:42Z,-121.6,546.87
52839,STARLINK-4048,2024-11-30T06:19:42Z,2024-11-30T15:52:01Z,149.6,546.87
52842,STARLINK-4046,2024-11-28T06:43:25Z,2024-11-28T16:15:43Z,-109.4,546.86
52843,STARLINK-4188,2024-11-28T17:19:20Z,2024-11-29T06:02:25Z,107.4,546.87
52860,STARLINK-4191,2024-11-26T07:13:44Z,2024-11-27T08:39:58Z,140.5,546.88
52874,STARLINK-4210,2024-11-29T15:05:35Z,2024-11-30T14:56:21Z,-100.3,546.9
52877,STARLINK-4214,2024-11-29T15:42:39Z,2024-11-30T04:25:45Z,116.9,546.89
52990,STARLINK-4286,2024-11-29T12:57:05Z,2024-11-30T12:47:51Z,-106.4,546.87
52996,STARLINK-4295,2024-11-29T02:55:44Z,2024-11-30T10:43:27Z,102.2,546.89
52997,STARLINK-4301,2024-11-26T22:00:01Z,2024-11-27T06:00:01Z,-483.1,365.23
52997,STARLINK-4301,2024-11-27T06:00:01Z,2024-11-27T14:00:01Z,-532.9,365.23
52997,STARLINK-4301,2024-11-27T14:00:01Z,2024-11-27T22:00:01Z,-353.4,365.23
52997,STARLINK-4301,2024-11-27T22:00:01Z,2024-11-28T06:00:01Z,-550.5,365.23
52997,STARLINK-4301,2024-11-28T06:00:01Z,2024-11-28T14:00:01Z,-536.0,365.23
52997,STARLINK-4301,2024-11-28T14:00:01Z,2024-11-28T22:00:01Z,-343.4,365.23
52997,STARLINK-4301,2024-11-28T22:00:01Z,2024-11-29T06:00:01Z,-490.6,365.23
52997,STARLINK-4301,2024-11-29T06:00:01Z,2024-11-29T14:00:01Z,-519.8,365.23
52997,STARLINK-4301,2024-11-29T14:00:01Z,2024-11-29T22:00:01Z,-403.1,365.23
52997,STARLINK-4301,2024-11-29T22:00:01Z,2024-11-30T04:00:01Z,-461.4,365.23
52997,STARLINK-4301,2024-11-30T04:00:01Z,2024-11-30T14:00:01Z,-645.1,365.23
53003,STARLINK-4255,2024-11-27T11:20:11Z,2024-11-28T03:14:05Z,360.4,547.0
53003,STARLINK-4255,2024-11-28T16:00:01Z,2024-11-29T12:37:12Z,-109.3,547.0
53004,STARLINK-4253,2024-11-27T13:16:50Z,2024-11-28T09:56:46Z,-191.4,546.97
53004,STARLINK-4253,2024-11-28T09:56:46Z,2024-11-29T09:47:39Z,209.8,546.97
53005,STARLINK-4288,2024-11-30T10:47:19Z,2024-11-30T12:22:41Z,-178.5,546.87
53019,STARLINK-4282,2024-11-29T12:54:26Z,2024-11-30T03:12:51Z,-135.4,546.89
53019,STARLINK-4282,2024-11-30T03:12:51Z,2024-11-30T09:34:26Z,191.4,546.89
53021,STARLINK-4203,2024-11-26T14:00:01Z,2024-11-26T22:00:01Z,-2492.9,332.48
53021,STARLINK-4203,2024-11-26T22:00:01Z,2024-11-27T06:00:01Z,-2504.2,332.48
53021,STARLINK-4203,2024-11-27T06:00:01Z,2024-11-27T14:00:01Z,-2363.9,332.48
53021,STARLINK-4203,2024-11-27T14:00:01Z,2024-11-27T22:00:01Z,-2455.5,332.48
53021,STARLINK-4203,2024-11-27T22:00:01Z,2024-11-28T14:00:01Z,-4847.5,332.48
53021,STARLINK-4203,2024-11-28T14:00:01Z,2024-11-28T22:00:01Z,-2467.6,332.48
53021,STARLINK-4203,2024-11-28T22:00:01Z,2024-11-29T14:00:01Z,-4877.3,332.48
53021,STARLINK-4203,2024-11-29T14:00:01Z,2024-11-29T22:00:01Z,-2465.4,332.48
53021,STARLINK-4203,2024-11-29T22:00:01Z,2024-11-30T14:00:01Z,-4856.7,332.48
53022,STARLINK-4216,2024-11-28T11:33:34Z,2024-11-29T09:48:55Z,-124.0,546.87
53022,STARLINK-4216,2024-11-29T09:48:55Z,2024-11-30T09:39:43Z,103.5,546.87
53024,STARLINK-4289,2024-11-26T13:06:11Z,2024-11-27T09:46:12Z,-125.6,546.88
53026,STARLINK-4119,2024-11-28T12:43:46Z,2024-11-29T09:23:49Z,106.8,546.83
53026,STARLINK-4119,2024-11-29T09:23:49Z,2024-11-30T10:49:58Z,-189.4,546.83
53030,STARLINK-4160,2024-11-26T11:41:27Z,2024-11-27T13:07:37Z,-162.9,546.86
53054,STARLINK-4339,2024-11-27T06:19:22Z,2024-11-27T22:19:06Z,-122.2,570.15
53054,STARLINK-4339,2024-11-27T22:19:06Z,2024-11-28T11:06:58Z,104.0,570.15
53056,STARLINK-4314,2024-11-28T23:49:28Z,2024-11-29T06:13:26Z,155.9,570.14
53056,STARLINK-4314,2024-11-29T06:13:26Z,2024-11-30T11:01:02Z,-103.4,570.14
53060,STARLINK-4305,2024-11-29T01:17:21Z,2024-11-29T10:53:18Z,171.9,570.14
53060,STARLINK-4305,2024-11-29T18:53:12Z,2024-11-30T10:53:00Z,-101.3,570.14
53065,STARLINK-4312,2024-11-29T18:37:13Z,2024-11-30T10:37:02Z,292.2,570.14
53072,STARLINK-4344,2024-11-28T18:18:53Z,2024-11-29T18:18:33Z,166.7,570.23
53077,STARLINK-4315,2024-11-27T05:11:42Z,2024-11-27T17:58:50Z,-148.7,565.78
53077,STARLINK-4315,2024-11-27T17:58:50Z,2024-11-28T05:10:04Z,-138.9,565.78
53077,STARLINK-4315,2024-11-28T05:10:04Z,2024-11-28T17:57:10Z,-156.0,565.78
53077,STARLINK-4315,2024-11-28T17:57:10Z,2024-11-29T17:55:25Z,-287.7,565.78
53077,STARLINK-4315,2024-11-29T17:55:25Z,2024-11-30T11:30:03Z,-258.7,565.78
53078,STARLINK-4322,2024-11-28T18:16:08Z,2024-11-29T00:40:06Z,119.1,570.15
53080,STARLINK-4330,2024-11-28T05:25:42Z,2024-11-29T00:37:28Z,175.3,570.14
53080,STARLINK-4330,2024-11-29T00:37:28Z,2024-11-29T11:49:17Z,-348.7,570.14
53080,STARLINK-4330,2024-11-29T11:49:17Z,2024-11-29T18:13:13Z,175.1,570.14
53082,STARLINK-4321,2024-11-30T11:41:01Z,2024-11-30T13:17:01Z,108.4,570.15
53133,STARLINK-4154,2024-11-26T12:00:01Z,2024-11-26T22:00:01Z,-2712.8,404.02
53133,STARLINK-4154,2024-11-26T22:00:01Z,2024-11-27T12:00:02Z,-3926.7,404.02
53133,STARLINK-4154,2024-11-27T12:00:02Z,2024-11-27T14:00:01Z,-550.9,404.02
53133,STARLINK-4154,2024-11-27T14:00:01Z,2024-11-27T22:00:01Z,-2162.7,404.02
53133,STARLINK-4154,2024-11-27T22:00:01Z,2024-11-28T14:00:01Z,-4416.2,404.02
53133,STARLINK-4154,2024-11-28T14:00:01Z,2024-11-28T20:00:01Z,-1599.6,404.02
53133,STARLINK-4154,2024-11-28T20:00:01Z,2024-11-28T22:00:01Z,-598.5,404.02
53133,STARLINK-4154,2024-11-28T22:00:01Z,2024-11-29T12:00:01Z,-3899.3,404.02
53133,STARLINK-4154,2024-11-29T12:00:01Z,2024-11-29T22:00:01Z,-2715.3,404.02
53133,STARLINK-4154,2024-11-29T22:00:01Z,2024-11-30T14:00:01Z,-4381.4,404.02
53140,STARLINK-4170,2024-11-26T09:54:04Z,2024-11-26T19:26:19Z,-318.4,546.89
53140,STARLINK-4170,2024-11-26T19:26:19Z,2024-11-26T22:37:06Z,-188.4,546.89
53140,STARLINK-4170,2024-11-26T22:37:06Z,2024-11-27T16:06:24Z,511.4,546.89
53149,STARLINK-4021,2024-11-28T20:35:33Z,2024-11-29T01:21:40Z,-109.1,546.89
53160,STARLINK-4096,2024-11-28T07:45:42Z,2024-11-28T18:53:22Z,-128.9,546.84
53163,STARLINK-4104,2024-11-28T16:56:48Z,2024-11-29T08:50:42Z,225.5,546.89
53163,STARLINK-4104,2024-11-29T08:50:42Z,2024-11-29T16:47:37Z,-138.5,546.89
53166,STARLINK-4110,2024-11-27T16:49:38Z,2024-11-28T16:40:17Z,-133.7,546.41
53166,STARLINK-4110,2024-11-28T16:40:17Z,2024-11-29T06:58:38Z,-137.8,546.41
53166,STARLINK-4110,2024-11-29T06:58:38Z,2024-11-29T18:06:14Z,-206.0,546.41
53166,STARLINK-4110,2024-11-29T18:06:14Z,2024-11-30T14:46:00Z,-115.5,546.41
53175,STARLINK-4292,2024-11-29T08:28:10Z,2024-11-29T18:00:27Z,-116.6,546.89
53180,STARLINK-4258,2024-11-30T11:46:54Z,2024-11-30T13:22:17Z,-151.1,546.88
53181,STARLINK-4273,2024-11-26T13:22:28Z,2024-11-27T14:27:11Z,-399.3,481.36
53181,STARLINK-4273,2024-11-27T14:27:11Z,2024-11-28T15:31:47Z,-401.0,481.36
53181,STARLINK-4273,2024-11-28T15:31:47Z,2024-11-30T11:24:29Z,-729.9,481.36
53193,STARLINK-4351,2024-11-26T09:54:41Z,2024-11-27T03:30:28Z,124.6,570.13
53199,STARLINK-4395,2024-11-26T22:29:15Z,2024-11-27T09:41:05Z,-105.0,570.12
53199,STARLINK-4395,2024-11-28T09:40:45Z,2024-11-28T14:28:45Z,177.9,570.12
53199,STARLINK-4395,2024-11-28T14:28:45Z,2024-11-29T09:40:26Z,-150.6,570.12
53206,STARLINK-4408,2024-11-28T15:27:20Z,2024-11-29T01:03:14Z,142.3,570.14
53207,STARLINK-4413,2024-11-26T18:53:20Z,2024-11-27T02:53:11Z,-105.4,570.08
53207,STARLINK-4413,2024-11-29T10:52:26Z,2024-11-30T10:52:06Z,-142.9,570.08
53213,STARLINK-4414,2024-11-27T10:37:04Z,2024-11-27T15:24:59Z,-129.3,570.13
53214,STARLINK-4353,2024-11-27T10:47:42Z,2024-11-28T02:47:30Z,101.0,570.13
53218,STARLINK-4384,2024-11-28T15:09:03Z,2024-11-29T10:20:46Z,-147.5,570.17
53218,STARLINK-4384,2024-11-29T10:20:46Z,2024-11-29T16:44:43Z,213.4,570.17
53220,STARLINK-4363,2024-11-30T02:30:54Z,2024-11-30T10:30:47Z,-104.4,570.13
53221,STARLINK-4377,2024-11-28T10:20:44Z,2024-11-28T18:20:41Z,137.4,570.15
53223,STARLINK-4354,2024-11-28T10:29:06Z,2024-11-29T00:52:56Z,173.7,570.12
53223,STARLINK-4354,2024-11-29T02:28:55Z,2024-11-29T04:04:52Z,-220.6,570.12
53228,STARLINK-4365,2024-11-26T10:16:01Z,2024-11-27T19:51:41Z,219.4,570.13
53228,STARLINK-4365,2024-11-27T19:51:41Z,2024-11-28T11:51:24Z,-218.2,570.13
53228,STARLINK-4365,2024-11-29T21:26:59Z,2024-11-30T10:14:48Z,-150.2,570.13
53229,STARLINK-4367,2024-11-27T10:07:46Z,2024-11-28T03:43:28Z,-149.3,570.15
53229,STARLINK-4367,2024-11-28T03:43:28Z,2024-11-28T21:19:16Z,121.4,570.15
53229,STARLINK-4367,2024-11-29T10:07:07Z,2024-11-30T10:06:47Z,-141.6,570.15
53246,STARLINK-4131,2024-11-29T03:53:55Z,2024-11-30T03:44:45Z,103.0,546.9
53248,STARLINK-4135,2024-11-29T04:07:46Z,2024-11-29T20:01:41Z,157.4,546.87
53249,STARLINK-4128,2024-11-26T20:34:00Z,2024-11-26T22:09:22Z,-120.3,546.88
53249,STARLINK-4128,2024-11-27T04:30:54Z,2024-11-27T18:49:23Z,104.3,546.88
53251,STARLINK-4129,2024-11-30T10:12:52Z,2024-11-30T16:34:21Z,-126.3,546.88
53260,STARLINK-4136,2024-11-27T19:46:19Z,2024-11-28T03:43:11Z,-117.2,546.87
53260,STARLINK-4136,2024-11-28T03:43:11Z,2024-11-28T16:26:19Z,112.8,546.87
53260,STARLINK-4136,2024-11-29T19:27:54Z,2024-11-30T03:24:47Z,-251.3,546.87
53264,STARLINK-3950,2024-11-26T22:50:26Z,2024-11-27T19:30:26Z,-110.8,546.87
53281,STARLINK-4182,2024-11-26T22:00:01Z,2024-11-27T06:00:01Z,-2175.2,399.07
53281,STARLINK-4182,2024-11-27T06:00:01Z,2024-11-27T14:00:01Z,-2306.4,399.07
53281,STARLINK-4182,2024-11-27T14:00:01Z,2024-11-27T22:00:01Z,-2167.0,399.07
53281,STARLINK-4182,2024-11-27T22:00:01Z,2024-11-28T14:00:01Z,-4429.6,399.07
53281,STARLINK-4182,2024-11-28T14:00:01Z,2024-11-28T22:00:01Z,-2162.8,399.07
53281,STARLINK-4182,2024-11-28T22:00:01Z,2024-11-29T20:00:01Z,-6002.2,399.07
53281,STARLINK-4182,2024-11-29T20:00:01Z,2024-11-29T22:00:01Z,-590.7,399.07
53281,STARLINK-4182,2024-11-29T22:00:01Z,2024-11-30T04:00:01Z,-1654.7,399.07
53281,STARLINK-4182,2024-11-30T04:00:01Z,2024-11-30T14:00:01Z,-2771.9,399.07
53282,STARLINK-4164,2024-11-29T09:51:36Z,2024-11-29T19:23:52Z,-110.3,546.86
53282,STARLINK-4164,2024-11-29T19:23:52Z,2024-11-30T16:03:55Z,109.5,546.86
53284,STARLINK-4172,2024-11-26T22:00:01Z,2024-11-27T06:00:01Z,-2171.8,395.77
53284,STARLINK-4172,2024-11-27T06:00:01Z,2024-11-27T14:00:01Z,-2306.6,395.77
53284,STARLINK-4172,2024-11-27T14:00:01Z,2024-11-27T22:00:01Z,-2146.1,395.77
53284,STARLINK-4172,2024-11-27T22:00:01Z,2024-11-28T14:00:01Z,-4443.1,395.77
53284,STARLINK-4172,2024-11-28T14:00:01Z,2024-11-28T22:00:01Z,-2156.8,395.77
53284,STARLINK-4172,2024-11-28T22:00:01Z,2024-11-29T20:00:01Z,-5974.8,395.77
53284,STARLINK-4172,2024-11-29T20:00:01Z,2024-11-29T22:00:01Z,-627.6,395.77
53284,STARLINK-4172,2024-11-29T22:00:01Z,2024-11-30T04:00:01Z,-1611.1,395.77
53284,STARLINK-4172,2024-11-30T04:00:01Z,2024-11-30T14:00:01Z,-2787.8,395.77
53286,STARLINK-4165,2024-11-26T21:58:46Z,2024-11-27T10:41:50Z,-101.7,546.84
53288,STARLINK-4162,2024-11-28T19:06:38Z,2024-11-29T03:03:30Z,-126.0,546.88
53288,STARLINK-4162,2024-11-29T09:25:03Z,2024-11-29T18:57:25Z,154.3,546.88
53389,STARLINK-4523,2024-11-27T12:35:47Z,2024-11-28T12:26:32Z,-148.0,546.93
53398,STARLINK-4512,2024-11-27T14:53:33Z,2024-11-28T17:55:00Z,-244.6,546.89
53398,STARLINK-4512,2024-11-28T17:55:00Z,2024-11-29T05:02:49Z,297.2,546.89
53398,STARLINK-4512,2024-11-29T14:35:08Z,2024-11-30T11:15:08Z,-171.5,546.89
53409,STARLINK-4490,2024-11-29T12:04:07Z,2024-11-30T10:19:30Z,-104.1,546.86
53423,STARLINK-4539,2024-11-28T13:06:19Z,2024-11-28T14:41:45Z,141.2,546.87
53423,STARLINK-4539,2024-11-29T12:57:08Z,2024-11-30T11:12:30Z,-168.1,546.87
53423,STARLINK-4539,2024-11-30T11:12:30Z,2024-11-30T14:23:17Z,114.3,546.87
53426,STARLINK-4558,2024-11-29T11:58:49Z,2024-11-30T10:14:12Z,-119.8,546.87
53427,STARLINK-4541,2024-11-27T14:23:10Z,2024-11-29T10:53:07Z,-111.1,545.38
53428,STARLINK-4540,2024-11-26T06:00:02Z,2024-11-26T22:00:01Z,-4418.8,401.89
53428,STARLINK-4540,2024-11-26T22:00:01Z,2024-11-27T06:00:01Z,-2224.0,401.89
53428,STARLINK-4540,2024-11-27T06:00:01Z,2024-11-27T14:00:01Z,-2111.3,401.89
53428,STARLINK-4540,2024-11-27T14:00:01Z,2024-11-27T22:00:01Z,-2263.3,401.89
53428,STARLINK-4540,2024-11-27T22:00:01Z,2024-11-28T06:00:01Z,-2241.7,401.89
53428,STARLINK-4540,2024-11-28T06:00:01Z,2024-11-28T14:00:01Z,-2107.6,401.89
53428,STARLINK-4540,2024-11-28T14:00:01Z,2024-11-28T22:00:01Z,-2249.1,401.89
53428,STARLINK-4540,2024-11-28T22:00:01Z,2024-11-29T04:00:02Z,-1639.7,401.89
53428,STARLINK-4540,2024-11-29T04:00:02Z,2024-11-29T14:00:01Z,-2706.0,401.89
53428,STARLINK-4540,2024-11-29T14:00:01Z,2024-11-29T22:00:01Z,-2243.8,401.89
53428,STARLINK-4540,2024-11-29T22:00:01Z,2024-11-30T04:00:01Z,-1681.9,401.89
53428,STARLINK-4540,2024-11-30T04:00:01Z,2024-11-30T14:00:01Z,-2685.1,401.89
53435,STARLINK-4542,2024-11-29T11:11:04Z,2024-11-30T11:01:50Z,-107.1,546.88
53436,STARLINK-4527,2024-11-26T20:55:07Z,2024-11-27T11:13:34Z,-123.0,546.88
53436,STARLINK-4527,2024-11-27T11:13:34Z,2024-11-28T11:04:21Z,110.8,546.88
53468,STARLINK-4400,2024-11-26T18:11:24Z,2024-11-27T08:35:13Z,-109.6,570.14
53469,STARLINK-4399,2024-11-27T06:53:32Z,2024-11-27T14:53:29Z,123.8,570.18
53469,STARLINK-4399,2024-11-27T18:05:27Z,2024-11-28T02:05:12Z,-350.0,570.18
53469,STARLINK-4399,2024-11-28T06:53:07Z,2024-11-28T18:05:05Z,286.3,570.18
53469,STARLINK-4399,2024-11-29T18:04:47Z,2024-11-30T06:52:35Z,-201.6,570.18
53469,STARLINK-4399,2024-11-30T06:52:35Z,2024-11-30T14:52:31Z,169.7,570.18
53471,STARLINK-4316,2024-11-26T06:48:31Z,2024-11-26T18:00:24Z,105.2,570.14
53472,STARLINK-4447,2024-11-27T14:50:47Z,2024-11-28T18:02:25Z,-121.9,570.13
53477,STARLINK-4412,2024-11-26T06:43:31Z,2024-11-26T19:31:22Z,133.3,570.14
53479,STARLINK-4436,2024-11-29T01:43:39Z,2024-11-29T14:31:27Z,-144.1,570.12
53479,STARLINK-4436,2024-11-29T14:31:27Z,2024-11-30T06:31:17Z,119.7,570.12
53486,STARLINK-4431,2024-11-28T01:35:58Z,2024-11-28T14:23:46Z,-117.6,570.13
53486,STARLINK-4431,2024-11-28T19:11:42Z,2024-11-29T01:35:38Z,145.4,570.13
53487,STARLINK-4432,2024-11-26T08:00:53Z,2024-11-26T19:12:43Z,-114.0,570.14
53493,STARLINK-4361,2024-11-29T01:17:01Z,2024-11-29T18:52:46Z,-113.2,570.12
53495,STARLINK-4429,2024-11-27T18:45:23Z,2024-11-28T01:09:16Z,-228.8,570.13
53495,STARLINK-4429,2024-11-28T01:09:16Z,2024-11-28T13:57:07Z,174.6,570.13
53501,STARLINK-4434,2024-11-27T13:41:26Z,2024-11-28T13:41:10Z,112.1,570.14
53501,STARLINK-4434,2024-11-28T13:41:10Z,2024-11-29T05:40:56Z,-125.1,570.14
53501,STARLINK-4434,2024-11-29T05:40:56Z,2024-11-29T07:16:52Z,-186.9,570.14
53504,STARLINK-4448,2024-11-29T13:46:09Z,2024-11-30T07:21:53Z,-107.8,570.13
53507,STARLINK-4444,2024-11-28T08:45:13Z,2024-11-29T02:21:00Z,170.4,570.16
53507,STARLINK-4444,2024-11-29T02:21:00Z,2024-11-29T18:20:46Z,-218.8,570.16
53508,STARLINK-4443,2024-11-29T07:14:14Z,2024-11-29T18:26:02Z,-161.7,570.14
53508,STARLINK-4443,2024-11-29T18:26:02Z,2024-11-30T13:37:50Z,137.6,570.14
53509,STARLINK-4402,2024-11-27T08:42:51Z,2024-11-28T02:18:38Z,133.1,570.14
53509,STARLINK-4402,2024-11-28T02:18:38Z,2024-11-28T08:42:31Z,-194.7,570.14
53527,STARLINK-4511,2024-11-26T10:53:46Z,2024-11-27T09:08:32Z,-243.4,544.32
53527,STARLINK-4511,2024-11-27T09:08:32Z,2024-11-28T02:37:13Z,-186.2,544.32
53527,STARLINK-4511,2024-11-28T02:37:13Z,2024-11-28T12:09:12Z,-109.4,544.32
53527,STARLINK-4511,2024-11-28T12:09:12Z,2024-11-29T08:48:29Z,-213.8,544.32
53527,STARLINK-4511,2024-11-29T08:48:29Z,2024-11-30T10:13:40Z,-290.8,544.32
53534,STARLINK-4488,2024-11-26T22:17:59Z,2024-11-27T03:01:18Z,-1733.6,499.5
53534,STARLINK-4488,2024-11-27T03:01:18Z,2024-11-27T12:00:02Z,-3066.8,499.5
53534,STARLINK-4488,2024-11-27T22:00:01Z,2024-11-28T04:00:01Z,-119.0,499.5
53534,STARLINK-4488,2024-11-28T04:00:01Z,2024-11-28T12:00:01Z,567.8,499.5
53534,STARLINK-4488,2024-11-28T14:00:01Z,2024-11-28T20:00:01Z,-1446.3,499.5
53534,STARLINK-4488,2024-11-28T20:00:01Z,2024-11-28T22:00:01Z,-514.7,499.5
53534,STARLINK-4488,2024-11-28T22:00:01Z,2024-11-29T20:00:01Z,-6301.9,499.5
53534,STARLINK-4488,2024-11-29T20:00:01Z,2024-11-29T22:00:01Z,-532.2,499.5
53534,STARLINK-4488,2024-11-29T22:00:01Z,2024-11-30T12:00:01Z,-3998.2,499.5
53534,STARLINK-4488,2024-11-30T12:00:01Z,2024-11-30T14:00:01Z,-614.4,499.5
53535,STARLINK-4138,2024-11-28T14:19:07Z,2024-11-29T10:59:10Z,161.4,546.84
53544,STARLINK-4303,2024-11-29T02:05:13Z,2024-11-29T08:26:49Z,145.1,546.89
53548,STARLINK-4513,2024-11-27T10:04:45Z,2024-11-28T08:20:09Z,122.7,546.88
53548,STARLINK-4513,2024-11-28T08:20:09Z,2024-11-29T11:21:42Z,-137.7,546.88
53552,STARLINK-4495,2024-11-28T11:15:01Z,2024-11-29T07:55:06Z,169.7,546.88
53552,STARLINK-4495,2024-11-29T07:55:06Z,2024-11-30T07:45:49Z,-176.8,546.88
53560,STARLINK-4564,2024-11-29T10:14:10Z,2024-11-29T18:11:04Z,-116.6,546.88
53560,STARLINK-4564,2024-11-29T18:11:04Z,2024-11-30T06:54:11Z,209.3,546.88
53564,STARLINK-4577,2024-11-29T17:55:09Z,2024-11-30T06:38:18Z,129.6,546.9
53570,STARLINK-4550,2024-11-26T10:04:42Z,2024-11-27T01:58:31Z,-125.7,546.88
53570,STARLINK-4550,2024-11-27T11:30:50Z,2024-11-28T11:21:35Z,-128.0,546.88
53570,STARLINK-4550,2024-11-28T12:56:58Z,2024-11-28T17:43:08Z,192.2,546.88
53593,STARLINK-4671,2024-11-26T14:12:42Z,2024-11-26T22:04:22Z,-110.7,495.27
53593,STARLINK-4671,2024-11-26T22:04:22Z,2024-11-27T21:39:16Z,-319.7,495.27
53593,STARLINK-4671,2024-11-27T21:39:16Z,2024-11-28T13:22:29Z,-221.4,495.27
53593,STARLINK-4671,2024-11-28T13:22:29Z,2024-11-28T19:39:45Z,-102.7,495.27
53593,STARLINK-4671,2024-11-28T19:39:45Z,2024-11-29T20:48:46Z,-373.1,495.27
53593,STARLINK-4671,2024-11-29T20:48:46Z,2024-11-30T06:14:36Z,-153.5,495.27
53596,STARLINK-4668,2024-11-26T22:00:01Z,2024-11-27T12:51:35Z,-312.9,470.53
53596,STARLINK-4668,2024-11-27T12:51:35Z,2024-11-27T20:40:40Z,-139.6,470.53
53596,STARLINK-4668,2024-11-27T20:40:40Z,2024-11-28T06:03:33Z,-178.4,470.53
53596,STARLINK-4668,2024-11-28T06:03:33Z,2024-11-28T18:34:01Z,-228.3,470.53
53596,STARLINK-4668,2024-11-28T20:07:50Z,2024-11-29T19:34:51Z,-450.6,470.53
53596,STARLINK-4668,2024-11-29T19:34:51Z,2024-11-30T04:57:38Z,-194.1,470.53
53601,STARLINK-4675,2024-11-26T22:43:46Z,2024-11-28T06:31:32Z,113.3,546.89
53607,STARLINK-4591,2024-11-27T13:26:47Z,2024-11-27T21:23:40Z,-112.7,546.86
53611,STARLINK-4650,2024-11-26T12:22:10Z,2024-11-27T05:36:55Z,-238.0,482.44
53611,STARLINK-4650,2024-11-27T05:36:55Z,2024-11-28T05:07:51Z,-355.4,482.44
53611,STARLINK-4650,2024-11-28T05:07:51Z,2024-11-28T12:58:08Z,-118.5,482.44
53611,STARLINK-4650,2024-11-28T12:58:08Z,2024-11-28T20:48:25Z,-130.5,482.44
53611,STARLINK-4650,2024-11-28T20:48:25Z,2024-11-29T18:45:06Z,-347.5,482.44
53611,STARLINK-4650,2024-11-29T20:19:09Z,2024-11-30T11:59:35Z,-282.7,482.44
53617,STARLINK-4601,2024-11-26T22:00:01Z,2024-11-27T06:00:01Z,-2302.5,406.24
53617,STARLINK-4601,2024-11-27T06:00:01Z,2024-11-27T14:00:01Z,-2199.7,406.24
53617,STARLINK-4601,2024-11-27T14:00:01Z,2024-11-27T22:00:01Z,-2156.9,406.24
53617,STARLINK-4601,2024-11-27T22:00:01Z,2024-11-28T14:00:01Z,-4465.2,406.24
53617,STARLINK-4601,2024-11-28T14:00:01Z,2024-11-28T22:00:01Z,-2139.1,406.24
53617,STARLINK-4601,2024-11-28T22:00:01Z,2024-11-29T04:00:02Z,-1730.9,406.24
53617,STARLINK-4601,2024-11-29T04:00:02Z,2024-11-29T22:00:01Z,-4879.0,406.24
53617,STARLINK-4601,2024-11-29T22:00:01Z,2024-11-30T12:00:01Z,-3873.6,406.24
53617,STARLINK-4601,2024-11-30T12:00:01Z,2024-11-30T14:00:01Z,-598.5,406.24
53619,STARLINK-4609,2024-11-28T06:48:43Z,2024-11-28T19:31:52Z,106.6,546.87
53619,STARLINK-4609,2024-11-28T22:42:39Z,2024-11-29T13:01:04Z,-134.4,546.87
53625,STARLINK-4603,2024-11-26T22:00:01Z,2024-11-27T06:00:01Z,-2301.1,411.72
53625,STARLINK-4603,2024-11-27T06:00:01Z,2024-11-27T14:00:01Z,-2200.8,411.72
53625,STARLINK-4603,2024-11-27T14:00:01Z,2024-11-27T22:00:01Z,-2165.5,411.72
53625,STARLINK-4603,2024-11-27T22:00:01Z,2024-11-28T14:00:01Z,-4474.1,411.72
53625,STARLINK-4603,2024-11-28T14:00:01Z,2024-11-28T22:00:01Z,-2142.3,411.72
53625,STARLINK-4603,2024-11-28T22:00:01Z,2024-11-29T04:00:02Z,-1728.7,411.72
53625,STARLINK-4603,2024-11-29T04:00:02Z,2024-11-29T22:00:01Z,-4880.7,411.72
53625,STARLINK-4603,2024-11-29T22:00:01Z,2024-11-30T14:00:01Z,-4469.9,411.72
53632,STARLINK-4606,2024-11-29T11:21:42Z,2024-11-30T04:50:55Z,-119.4,546.88
53636,STARLINK-4586,2024-11-30T10:51:16Z,2024-11-30T12:26:41Z,110.9,546.71
53637,STARLINK-4396,2024-11-26T13:52:38Z,2024-11-27T05:46:29Z,-106.6,546.88
53648,STARLINK-4622,2024-11-26T09:53:24Z,2024-11-27T03:29:09Z,252.4,570.13
53654,STARLINK-4420,2024-11-27T09:34:24Z,2024-11-28T09:34:04Z,-153.6,570.14
53654,STARLINK-4420,2024-11-28T09:34:04Z,2024-11-28T15:58:00Z,133.4,570.14
53663,STARLINK-4457,2024-11-26T09:24:04Z,2024-11-27T09:23:45Z,184.0,570.07
53664,STARLINK-4471,2024-11-26T15:34:57Z,2024-11-28T02:46:32Z,114.5,570.11
53665,STARLINK-4334,2024-11-26T09:13:21Z,2024-11-27T09:13:06Z,112.8,570.13
53670,STARLINK-4459,2024-11-26T13:50:39Z,2024-11-26T15:26:37Z,-121.4,570.14
53670,STARLINK-4459,2024-11-26T15:26:37Z,2024-11-28T02:38:10Z,117.0,570.14
53673,STARLINK-4456,2024-11-26T09:37:45Z,2024-11-27T12:49:22Z,239.2,570.13
53675,STARLINK-4617,2024-11-27T10:22:23Z,2024-11-28T02:22:12Z,122.1,570.13
53675,STARLINK-4617,2024-11-29T02:21:52Z,2024-11-29T10:21:42Z,-259.3,570.13
53675,STARLINK-4617,2024-11-29T10:21:42Z,2024-11-29T21:33:37Z,242.7,570.13
53680,STARLINK-4630,2024-11-29T03:52:31Z,2024-11-29T05:28:31Z,205.3,570.13
53680,STARLINK-4630,2024-11-29T05:28:31Z,2024-11-30T10:16:08Z,-207.5,570.13
53681,STARLINK-4424,2024-11-30T10:13:27Z,2024-11-30T16:37:23Z,103.6,570.13
53684,STARLINK-4624,2024-11-26T15:34:39Z,2024-11-28T02:46:11Z,-102.2,570.17
53685,STARLINK-4626,2024-11-29T11:47:27Z,2024-11-30T10:11:08Z,-237.1,570.1
53686,STARLINK-4467,2024-11-27T03:07:49Z,2024-11-27T04:43:48Z,107.8,570.13
53688,STARLINK-4571,2024-11-29T14:51:03Z,2024-11-30T02:02:55Z,-234.7,570.13
53689,STARLINK-4562,2024-11-29T09:44:48Z,2024-11-30T14:32:27Z,148.7,570.14
53692,STARLINK-4572,2024-11-26T14:46:39Z,2024-11-27T09:58:22Z,-159.2,570.17
53705,STARLINK-4717,2024-11-28T13:51:22Z,2024-11-28T21:48:19Z,110.2,546.89
53705,STARLINK-4717,2024-11-28T21:48:19Z,2024-11-29T21:39:05Z,-135.7,546.89
53706,STARLINK-4716,2024-11-29T21:17:51Z,2024-11-30T06:50:10Z,236.6,546.89
53706,STARLINK-4716,2024-11-30T06:50:10Z,2024-11-30T13:11:44Z,-208.5,546.89
53707,STARLINK-4667,2024-11-29T05:12:43Z,2024-11-29T21:06:33Z,-141.7,546.84
53713,STARLINK-4698,2024-11-26T23:02:12Z,2024-11-27T22:38:38Z,-428.3,500.21
53713,STARLINK-4698,2024-11-27T22:38:38Z,2024-11-28T22:14:57Z,-319.8,500.21
53713,STARLINK-4698,2024-11-28T22:14:57Z,2024-11-29T21:51:10Z,-347.6,500.21
53714,STARLINK-4688,2024-11-26T14:00:01Z,2024-11-26T22:00:01Z,-214.5,421.75
53714,STARLINK-4688,2024-11-26T22:00:01Z,2024-11-27T06:00:01Z,-2276.6,421.75
53714,STARLINK-4688,2024-11-27T06:00:01Z,2024-11-27T14:00:01Z,-2219.9,421.75
53714,STARLINK-4688,2024-11-27T14:00:01Z,2024-11-27T22:00:01Z,-2147.7,421.75
53714,STARLINK-4688,2024-11-27T22:00:01Z,2024-11-28T14:00:01Z,-4517.9,421.75
53714,STARLINK-4688,2024-11-28T14:00:01Z,2024-11-28T22:00:01Z,-2147.0,421.75
53714,STARLINK-4688,2024-11-28T22:00:01Z,2024-11-29T14:00:01Z,-4490.0,421.75
53714,STARLINK-4688,2024-11-29T14:00:01Z,2024-11-29T22:00:01Z,-2125.7,421.75
53714,STARLINK-4688,2024-11-29T22:00:01Z,2024-11-30T14:00:01Z,-4513.3,421.75
53721,STARLINK-4707,2024-11-27T03:39:16Z,2024-11-27T08:25:23Z,-130.8,546.88
53723,STARLINK-4705,2024-11-27T00:01:55Z,2024-11-27T07:58:50Z,-105.9,546.88
53728,STARLINK-4640,2024-11-27T00:44:25Z,2024-11-28T00:35:09Z,-141.3,546.8
53729,STARLINK-4651,2024-11-27T07:27:06Z,2024-11-27T23:20:59Z,150.7,546.89
53729,STARLINK-4651,2024-11-27T23:20:59Z,2024-11-28T23:11:45Z,-137.3,546.89
53735,STARLINK-4618,2024-11-27T22:42:31Z,2024-11-28T22:33:17Z,-117.2,546.87
53738,STARLINK-4662,2024-11-28T08:09:30Z,2024-11-29T08:00:15Z,-127.1,546.88
53738,STARLINK-4662,2024-11-29T14:21:47Z,2024-11-29T22:18:44Z,118.8,546.88
53748,STARLINK-4669,2024-11-26T14:00:01Z,2024-11-26T22:00:01Z,-2046.2,508.85
53748,STARLINK-4669,2024-11-26T22:00:01Z,2024-11-27T06:00:01Z,-2010.7,508.85
53748,STARLINK-4669,2024-11-27T06:00:01Z,2024-11-27T14:00:01Z,-1849.1,508.85
53748,STARLINK-4669,2024-11-27T14:00:01Z,2024-11-27T22:00:01Z,-2035.0,508.85
53748,STARLINK-4669,2024-11-27T22:00:01Z,2024-11-28T06:00:01Z,-2013.8,508.85
53748,STARLINK-4669,2024-11-28T06:00:01Z,2024-11-28T14:00:01Z,-1857.8,508.85
53748,STARLINK-4669,2024-11-28T14:00:01Z,2024-11-28T22:00:01Z,-2020.2,508.85
53748,STARLINK-4669,2024-11-28T22:00:01Z,2024-11-29T22:00:01Z,-5856.1,508.85
53748,STARLINK-4669,2024-11-29T22:00:01Z,2024-11-30T04:00:01Z,-1490.1,508.85
53748,STARLINK-4669,2024-11-30T04:00:01Z,2024-11-30T14:00:01Z,-2402.2,508.85
53749,STARLINK-4680,2024-11-26T23:31:43Z,2024-11-27T07:19:58Z,-192.8,462.03
53749,STARLINK-4680,2024-11-27T07:19:58Z,2024-11-28T06:44:38Z,-563.0,462.03
53749,STARLINK-4680,2024-11-28T06:44:38Z,2024-11-28T22:00:01Z,-342.8,462.03
53749,STARLINK-4680,2024-11-28T22:00:01Z,2024-11-29T13:57:14Z,-428.4,462.03
53749,STARLINK-4680,2024-11-29T13:57:14Z,2024-11-29T21:45:20Z,-198.5,462.03
53749,STARLINK-4680,2024-11-29T21:45:20Z,2024-11-30T13:21:28Z,-405.4,462.03
53779,STARLINK-4706,2024-11-26T16:44:48Z,2024-11-27T02:17:07Z,334.0,546.86
53786,STARLINK-4631,2024-11-27T09:07:47Z,2024-11-27T21:50:46Z,-206.8,546.91
53786,STARLINK-4631,2024-11-27T21:50:46Z,2024-11-27T23:26:14Z,212.1,546.91
53792,STARLINK-4739,2024-11-29T08:53:27Z,2024-11-29T23:11:54Z,-184.3,546.89
53794,STARLINK-4730,2024-11-29T01:22:54Z,2024-11-29T22:02:56Z,138.6,546.89
53794,STARLINK-4730,2024-11-29T22:02:56Z,2024-11-30T01:13:42Z,-110.1,546.89
53795,STARLINK-4742,2024-11-28T09:06:28Z,2024-11-28T15:28:03Z,119.3,546.89
53795,STARLINK-4742,2024-11-29T08:57:18Z,2024-11-29T23:15:44Z,-131.9,546.89
53796,STARLINK-4721,2024-11-27T07:06:29Z,2024-11-27T14:58:20Z,-123.1,497.28
53796,STARLINK-4721,2024-11-27T14:58:20Z,2024-11-28T06:41:59Z,-272.3,497.28
53796,STARLINK-4721,2024-11-28T06:41:59Z,2024-11-28T14:33:48Z,-131.7,497.28
53796,STARLINK-4721,2024-11-28T14:33:48Z,2024-11-29T14:09:09Z,-410.2,497.28
53796,STARLINK-4721,2024-11-29T14:09:09Z,2024-11-29T22:00:54Z,-139.1,497.28
53796,STARLINK-4721,2024-11-29T22:00:54Z,2024-11-30T13:44:22Z,-292.9,497.28
53799,STARLINK-4710,2024-11-28T00:24:38Z,2024-11-28T22:40:01Z,-102.4,546.85
53803,STARLINK-4727,2024-11-29T12:51:07Z,2024-11-29T22:23:22Z,-302.5,546.87
53803,STARLINK-4727,2024-11-30T06:20:17Z,2024-11-30T12:41:54Z,246.0,546.87
53818,STARLINK-4749,2024-11-26T14:00:01Z,2024-11-26T22:00:01Z,-262.8,439.12
53818,STARLINK-4749,2024-11-26T22:29:05Z,2024-11-27T07:48:08Z,-284.8,439.12
53818,STARLINK-4749,2024-11-27T07:48:08Z,2024-11-27T22:00:01Z,-440.9,439.12
53818,STARLINK-4749,2024-11-27T23:19:49Z,2024-11-28T19:30:51Z,-671.1,439.12
53818,STARLINK-4749,2024-11-28T19:30:51Z,2024-11-29T21:54:14Z,-872.9,439.12
53818,STARLINK-4749,2024-11-29T21:54:14Z,2024-11-30T07:13:00Z,-342.7,439.12
53820,STARLINK-4758,2024-11-29T10:55:12Z,2024-11-30T02:49:06Z,121.5,546.88
53825,STARLINK-4751,2024-11-27T22:10:46Z,2024-11-28T10:53:50Z,-128.1,546.88
53828,STARLINK-4760,2024-11-29T22:55:53Z,2024-11-30T10:03:34Z,-132.0,546.92
53836,STARLINK-4778,2024-11-26T17:40:29Z,2024-11-26T22:26:38Z,-114.7,546.86
53837,STARLINK-4776,2024-11-29T00:13:57Z,2024-11-30T03:15:29Z,-132.1,546.87
53839,STARLINK-4784,2024-11-26T22:31:55Z,2024-11-28T03:08:52Z,137.4,546.89
53839,STARLINK-4784,2024-11-28T03:08:52Z,2024-11-28T17:27:19Z,-136.4,546.89
53839,STARLINK-4784,2024-11-28T17:27:19Z,2024-11-29T09:21:09Z,-140.3,546.89
53839,STARLINK-4784,2024-11-29T09:21:09Z,2024-11-29T17:18:07Z,158.1,546.89
53847,STARLINK-4777,2024-11-27T10:32:31Z,2024-11-28T02:26:25Z,121.7,546.84
53849,STARLINK-4770,2024-11-29T10:03:30Z,2024-11-29T22:46:35Z,-287.4,546.88
53851,STARLINK-4755,2024-11-28T10:02:05Z,2024-11-28T16:23:40Z,116.8,546.87
53852,STARLINK-4797,2024-11-27T10:30:34Z,2024-11-27T16:52:07Z,321.1,546.88
53852,STARLINK-4797,2024-11-27T16:52:07Z,2024-11-28T02:24:25Z,-346.6,546.88
53855,STARLINK-4703,2024-11-27T18:04:20Z,2024-11-28T09:58:09Z,-140.4,546.89
53855,STARLINK-4703,2024-11-28T09:58:09Z,2024-11-29T03:27:26Z,110.3,546.89
53858,STARLINK-4798,2024-11-29T09:11:53Z,2024-11-29T23:30:25Z,180.3,546.89
53858,STARLINK-4798,2024-11-29T23:30:25Z,2024-11-30T09:02:42Z,-136.9,546.89
53862,STARLINK-4792,2024-11-26T22:00:01Z,2024-11-27T06:00:01Z,-1896.6,398.51
53862,STARLINK-4792,2024-11-27T06:00:01Z,2024-11-27T14:00:01Z,-1914.3,398.51
53862,STARLINK-4792,2024-11-27T14:00:01Z,2024-11-27T22:00:01Z,-2288.2,398.51
53862,STARLINK-4792,2024-11-27T22:00:01Z,2024-11-28T14:00:01Z,-4323.4,398.51
53862,STARLINK-4792,2024-11-28T14:00:01Z,2024-11-28T22:00:01Z,-2271.4,398.51
53862,STARLINK-4792,2024-11-28T22:00:01Z,2024-11-29T04:00:02Z,-1650.5,398.51
53862,STARLINK-4792,2024-11-29T04:00:02Z,2024-11-29T20:00:01Z,-4427.0,398.51
53862,STARLINK-4792,2024-11-29T20:00:01Z,2024-11-29T22:00:01Z,-514.3,398.51
53862,STARLINK-4792,2024-11-29T22:00:01Z,2024-11-30T14:00:01Z,-4315.4,398.51
53865,STARLINK-4785,2024-11-26T22:00:01Z,2024-11-27T06:00:01Z,-2224.6,408.41
53865,STARLINK-4785,2024-11-27T06:00:01Z,2024-11-27T14:00:01Z,-2115.2,408.41
53865,STARLINK-4785,2024-11-27T14:00:01Z,2024-11-27T22:00:01Z,-2293.2,408.41
53865,STARLINK-4785,2024-11-27T22:00:01Z,2024-11-28T06:00:01Z,-2218.9,408.41
53865,STARLINK-4785,2024-11-28T06:00:01Z,2024-11-28T14:00:01Z,-2135.2,408.41
53865,STARLINK-4785,2024-11-28T14:00:01Z,2024-11-28T22:00:01Z,-2270.8,408.41
53865,STARLINK-4785,2024-11-28T22:00:01Z,2024-11-29T04:00:02Z,-1641.2,408.41
53865,STARLINK-4785,2024-11-29T04:00:02Z,2024-11-29T20:00:01Z,-4431.7,408.41
53865,STARLINK-4785,2024-11-29T20:00:01Z,2024-11-29T22:00:01Z,-529.3,408.41
53865,STARLINK-4785,2024-11-29T22:00:01Z,2024-11-30T14:00:01Z,-4378.0,408.41
53889,STARLINK-5031,2024-11-27T12:09:17Z,2024-11-27T20:06:14Z,109.3,546.88
53894,STARLINK-5043,2024-11-28T11:44:09Z,2024-11-28T19:41:07Z,274.5,546.89
53894,STARLINK-5043,2024-11-28T19:41:07Z,2024-11-28T22:51:52Z,-226.6,546.89
53901,STARLINK-5024,2024-11-27T12:55:48Z,2024-11-28T12:46:10Z,-243.0,545.41
53904,STARLINK-4787,2024-11-28T12:21:10Z,2024-11-28T18:42:46Z,129.6,546.89
53904,STARLINK-4787,2024-11-29T12:12:00Z,2024-11-30T04:05:49Z,-111.3,546.89
53906,STARLINK-5054,2024-11-28T10:57:44Z,2024-11-29T01:16:14Z,117.7,546.87
53906,STARLINK-5054,2024-11-29T01:16:14Z,2024-11-29T10:48:32Z,-102.5,546.87
53909,STARLINK-4796,2024-11-29T18:24:19Z,2024-11-30T10:18:11Z,118.2,546.86
53910,STARLINK-5056,2024-11-27T04:21:37Z,2024-11-27T23:10:52Z,-114.8,484.66
53910,STARLINK-5056,2024-11-27T23:10:52Z,2024-11-28T18:00:06Z,-126.7,484.66
53910,STARLINK-5056,2024-11-29T03:24:42Z,2024-11-29T23:47:59Z,-132.2,484.66
53915,STARLINK-5017,2024-11-28T11:50:47Z,2024-11-28T18:12:21Z,117.0,546.86
53916,STARLINK-5051,2024-11-28T23:22:17Z,2024-11-29T16:51:29Z,-154.0,546.88
53916,STARLINK-5051,2024-11-29T16:51:29Z,2024-11-29T23:13:03Z,127.0,546.88
53927,STARLINK-5008,2024-11-26T17:46:58Z,2024-11-27T11:07:09Z,-172.3,506.71
53927,STARLINK-5008,2024-11-27T11:07:09Z,2024-11-28T02:52:44Z,-173.9,506.71
53927,STARLINK-5008,2024-11-28T02:52:44Z,2024-11-28T10:45:31Z,-116.7,506.71
53927,STARLINK-5008,2024-11-28T10:45:31Z,2024-11-29T10:23:46Z,-354.3,506.71
53927,STARLINK-5008,2024-11-29T10:23:46Z,2024-11-30T10:01:55Z,-392.9,506.71
53930,STARLINK-5010,2024-11-26T17:39:02Z,2024-11-26T22:25:13Z,253.2,546.88
53930,STARLINK-5010,2024-11-26T22:25:13Z,2024-11-27T11:08:17Z,-242.0,546.88
53931,STARLINK-5015,2024-11-29T10:37:15Z,2024-11-29T23:20:23Z,263.8,546.89
53931,STARLINK-5015,2024-11-29T23:20:23Z,2024-11-30T10:28:02Z,-263.3,546.89
53932,STARLINK-4772,2024-11-27T03:57:08Z,2024-11-28T10:09:25Z,-209.9,546.88
53932,STARLINK-4772,2024-11-28T10:09:25Z,2024-11-28T22:52:32Z,209.4,546.88
53934,STARLINK-4775,2024-11-28T10:04:08Z,2024-11-28T18:01:06Z,148.1,546.89
53934,STARLINK-4775,2024-11-29T09:54:57Z,2024-11-29T22:38:00Z,-272.3,546.89
53934,STARLINK-4775,2024-11-29T22:38:00Z,2024-11-30T09:45:42Z,207.5,546.89
53937,STARLINK-4765,2024-11-26T12:00:01Z,2024-11-26T22:00:01Z,-1832.9,438.94
53937,STARLINK-4765,2024-11-26T22:00:01Z,2024-11-27T12:00:02Z,-2283.6,438.94
53937,STARLINK-4765,2024-11-27T12:00:02Z,2024-11-27T14:00:01Z,-269.5,438.94
53937,STARLINK-4765,2024-11-27T14:00:01Z,2024-11-27T20:00:01Z,-1671.0,438.94
53937,STARLINK-4765,2024-11-27T20:00:01Z,2024-11-27T22:00:01Z,-544.6,438.94
53937,STARLINK-4765,2024-11-27T22:00:01Z,2024-11-28T14:00:01Z,-4373.3,438.94
53937,STARLINK-4765,2024-11-28T14:00:01Z,2024-11-28T22:00:01Z,-2297.7,438.94
53937,STARLINK-4765,2024-11-28T22:00:01Z,2024-11-29T04:00:02Z,-1818.8,438.94
53937,STARLINK-4765,2024-11-29T04:00:02Z,2024-11-29T12:00:01Z,296.5,438.94
53937,STARLINK-4765,2024-11-29T12:00:01Z,2024-11-29T20:00:01Z,-170.9,438.94
53937,STARLINK-4765,2024-11-30T04:00:01Z,2024-11-30T12:00:01Z,-1759.4,438.94
53937,STARLINK-4765,2024-11-30T12:00:01Z,2024-11-30T14:00:01Z,-507.7,438.94
53973,STARLINK-5156,2024-11-26T23:12:53Z,2024-11-27T13:31:24Z,117.9,546.87
53974,STARLINK-5159,2024-11-27T19:07:50Z,2024-11-28T04:40:06Z,-103.2,546.88
53986,STARLINK-5119,2024-11-26T11:30:44Z,2024-11-27T11:21:33Z,105.5,546.88
53986,STARLINK-5119,2024-11-27T11:21:33Z,2024-11-27T17:43:04Z,-132.5,546.88
53987,STARLINK-5112,2024-11-26T22:12:58Z,2024-11-28T10:45:55Z,-114.0,544.86
53988,STARLINK-5113,2024-11-27T12:23:51Z,2024-11-27T18:45:21Z,-105.5,546.88
53988,STARLINK-5113,2024-11-30T03:59:16Z,2024-11-30T11:56:13Z,103.1,546.88
53989,STARLINK-5115,2024-11-26T20:00:02Z,2024-11-26T22:00:01Z,-511.3,397.41
53989,STARLINK-5115,2024-11-26T22:00:01Z,2024-11-27T12:00:02Z,-3911.8,397.41
53989,STARLINK-5115,2024-11-27T12:00:02Z,2024-11-27T14:00:01Z,-598.0,397.41
53989,STARLINK-5115,2024-11-27T14:00:01Z,2024-11-27T22:00:01Z,-2102.9,397.41
53989,STARLINK-5115,2024-11-27T22:00:01Z,2024-11-28T04:00:01Z,-1747.5,397.41
53989,STARLINK-5115,2024-11-28T04:00:01Z,2024-11-28T14:00:01Z,-2728.5,397.41
53989,STARLINK-5115,2024-11-28T14:00:01Z,2024-11-28T22:00:01Z,-2108.6,397.41
53989,STARLINK-5115,2024-11-28T22:00:01Z,2024-11-29T04:00:02Z,-1800.3,397.41
53989,STARLINK-5115,2024-11-29T04:00:02Z,2024-11-29T20:00:01Z,-4243.7,397.41
53989,STARLINK-5115,2024-11-29T20:00:01Z,2024-11-29T22:00:01Z,-522.7,397.41
53989,STARLINK-5115,2024-11-29T22:00:01Z,2024-11-30T12:00:01Z,-3933.5,397.41
53989,STARLINK-5115,2024-11-30T12:00:01Z,2024-11-30T14:00:01Z,-578.0,397.41
53994,STARLINK-5125,2024-11-27T18:13:34Z,2024-11-28T05:21:12Z,-169.2,546.88
53994,STARLINK-5125,2024-11-28T05:21:12Z,2024-11-28T18:04:19Z,106.9,546.88
54005,STARLINK-5135,2024-11-28T20:53:54Z,2024-11-28T22:29:21Z,152.3,546.88
54005,STARLINK-5135,2024-11-28T22:29:21Z,2024-11-29T17:33:55Z,-166.7,546.88
54009,STARLINK-5099,2024-11-29T22:04:11Z,2024-11-30T04:25:42Z,-107.1,546.9
54058,STARLINK-5167,2024-11-29T03:40:41Z,2024-11-30T05:06:49Z,-171.6,546.88
54060,STARLINK-5169,2024-11-27T04:40:06Z,2024-11-28T01:20:07Z,-102.6,546.88
54061,STARLINK-5209,2024-11-26T18:39:10Z,2024-11-27T12:07:11Z,-173.2,541.11
54061,STARLINK-5209,2024-11-27T12:07:11Z,2024-11-28T19:52:33Z,-295.6,541.11
54061,STARLINK-5209,2024-11-28T19:52:33Z,2024-11-29T18:06:15Z,-196.1,541.11
54061,STARLINK-5209,2024-11-29T18:06:15Z,2024-11-30T09:58:52Z,-149.4,541.11
54071,STARLINK-5168,2024-11-26T06:31:20Z,2024-11-26T20:49:48Z,-126.9,546.89
54072,STARLINK-5144,2024-11-26T22:00:01Z,2024-11-27T06:00:01Z,-2136.6,405.1
54072,STARLINK-5144,2024-11-27T06:00:01Z,2024-11-27T14:00:01Z,-2271.4,405.1
54072,STARLINK-5144,2024-11-27T14:00:01Z,2024-11-27T22:00:01Z,-2212.4,405.1
54072,STARLINK-5144,2024-11-27T22:00:01Z,2024-11-28T14:00:01Z,-4409.3,405.1
54072,STARLINK-5144,2024-11-28T14:00:01Z,2024-11-28T22:00:01Z,-2219.4,405.1
54072,STARLINK-5144,2024-11-28T22:00:01Z,2024-11-29T20:00:01Z,-6007.0,405.1
54072,STARLINK-5144,2024-11-29T20:00:01Z,2024-11-29T22:00:01Z,-599.6,405.1
54072,STARLINK-5144,2024-11-29T22:00:01Z,2024-11-30T14:00:01Z,-4328.2,405.1
54073,STARLINK-5146,2024-11-26T06:29:18Z,2024-11-27T06:20:08Z,102.5,546.88
54074,STARLINK-5192,2024-11-26T22:19:53Z,2024-11-27T14:13:44Z,-109.2,546.86
54083,STARLINK-5178,2024-11-28T02:21:07Z,2024-11-28T13:28:51Z,156.6,546.86
54083,STARLINK-5178,2024-11-28T13:28:51Z,2024-11-29T02:11:54Z,-171.4,546.86
54092,STARLINK-5190,2024-11-27T17:13:22Z,2024-11-28T10:25:57Z,-123.3,473.6
54092,STARLINK-5190,2024-11-28T10:25:57Z,2024-11-29T09:53:59Z,-165.4,473.6
54173,STARLINK-5242,2024-11-26T21:40:07Z,2024-11-27T07:12:26Z,127.0,546.88
54177,STARLINK-5186,2024-11-26T22:27:54Z,2024-11-28T04:40:13Z,-101.6,546.86
54196,STARLINK-5237,2024-11-28T06:06:18Z,2024-11-29T01:10:58Z,125.8,546.89
54196,STARLINK-5237,2024-11-29T13:54:03Z,2024-11-30T13:44:48Z,-101.3,546.89
54207,STARLINK-5262,2024-11-28T21:23:01Z,2024-11-29T03:44:34Z,119.4,546.88
54761,STARLINK-5202,2024-11-26T10:11:26Z,2024-11-27T14:48:14Z,-295.2,546.88
54761,STARLINK-5202,2024-11-27T14:48:14Z,2024-11-27T17:59:03Z,136.9,546.88
54763,STARLINK-5191,2024-11-28T17:39:13Z,2024-11-29T06:22:20Z,131.8,546.89
54765,STARLINK-5466,2024-11-26T14:00:01Z,2024-11-26T22:00:01Z,-2140.8,407.87
54765,STARLINK-5466,2024-11-26T22:00:01Z,2024-11-27T14:00:01Z,-4507.0,407.87
54765,STARLINK-5466,2024-11-27T14:00:01Z,2024-11-27T22:00:01Z,-2144.5,407.87
54765,STARLINK-5466,2024-11-27T22:00:01Z,2024-11-28T14:00:01Z,-4489.9,407.87
54765,STARLINK-5466,2024-11-28T14:00:01Z,2024-11-28T22:00:01Z,-2130.2,407.87
54765,STARLINK-5466,2024-11-28T22:00:01Z,2024-11-29T14:00:01Z,-4516.9,407.87
54765,STARLINK-5466,2024-11-29T14:00:01Z,2024-11-29T22:00:01Z,-2094.5,407.87
54765,STARLINK-5466,2024-11-29T22:00:01Z,2024-11-30T14:00:01Z,-4486.5,407.87
54766,STARLINK-5471,2024-11-27T07:54:55Z,2024-11-28T07:45:43Z,207.2,546.88
54766,STARLINK-5471,2024-11-28T07:45:43Z,2024-11-28T17:18:00Z,-214.7,546.88
54766,STARLINK-5471,2024-11-28T17:18:00Z,2024-11-29T09:11:55Z,273.8,546.88
54766,STARLINK-5471,2024-11-29T09:11:55Z,2024-11-29T17:08:48Z,-281.2,546.88
54767,STARLINK-5472,2024-11-28T23:34:14Z,2024-11-29T09:06:36Z,115.6,546.87
54769,STARLINK-5404,2024-11-26T14:00:01Z,2024-11-26T22:00:01Z,-2155.2,421.31
54769,STARLINK-5404,2024-11-26T22:00:01Z,2024-11-27T06:00:01Z,-2335.4,421.31
54769,STARLINK-5404,2024-11-27T06:00:01Z,2024-11-27T14:00:01Z,-2207.4,421.31
54769,STARLINK-5404,2024-11-27T14:00:01Z,2024-11-27T22:00:01Z,-2136.0,421.31
54769,STARLINK-5404,2024-11-27T22:00:01Z,2024-11-28T14:00:01Z,-4527.9,421.31
54769,STARLINK-5404,2024-11-28T14:00:01Z,2024-11-28T22:00:01Z,-2119.6,421.31
54769,STARLINK-5404,2024-11-28T22:00:01Z,2024-11-29T14:00:01Z,-4534.1,421.31
54769,STARLINK-5404,2024-11-29T14:00:01Z,2024-11-29T22:00:01Z,-2123.1,421.31
54769,STARLINK-5404,2024-11-29T22:00:01Z,2024-11-30T14:00:01Z,-4490.4,421.31
54782,STARLINK-5437,2024-11-26T14:00:01Z,2024-11-26T22:00:01Z,-860.0,283.89
54782,STARLINK-5437,2024-11-26T22:00:01Z,2024-11-27T06:00:01Z,-1004.0,283.89
54782,STARLINK-5437,2024-11-27T06:00:01Z,2024-11-27T14:00:01Z,-946.1,283.89
54782,STARLINK-5437,2024-11-27T14:00:01Z,2024-11-27T22:00:01Z,-968.8,283.89
54782,STARLINK-5437,2024-11-27T22:00:01Z,2024-11-28T06:00:01Z,-1085.7,283.89
54782,STARLINK-5437,2024-11-28T06:00:01Z,2024-11-28T14:00:01Z,-1041.8,283.89
54782,STARLINK-5437,2024-11-28T14:00:01Z,2024-11-28T22:00:01Z,-1007.6,283.89
54782,STARLINK-5437,2024-11-28T22:00:01Z,2024-11-29T04:00:02Z,-890.5,283.89
54782,STARLINK-5437,2024-11-29T04:00:02Z,2024-11-29T08:00:01Z,-494.9,283.89
54782,STARLINK-5437,2024-11-29T08:00:01Z,2024-11-30T13:59:02Z,-4444.6,283.89
54785,STARLINK-5440,2024-11-30T05:19:24Z,2024-11-30T13:16:17Z,-101.5,546.88
54787,STARLINK-5441,2024-11-30T10:00:53Z,2024-11-30T16:22:24Z,-133.7,546.88
54791,STARLINK-5425,2024-11-27T17:15:57Z,2024-11-28T10:45:07Z,-165.6,546.82
54791,STARLINK-5425,2024-11-28T10:45:07Z,2024-11-29T05:49:47Z,121.3,546.82
54794,STARLINK-5392,2024-11-26T09:17:03Z,2024-11-27T08:43:04Z,-438.8,466.36
54794,STARLINK-5392,2024-11-27T08:43:04Z,2024-11-27T16:31:43Z,-153.9,466.36
54794,STARLINK-5392,2024-11-27T16:31:43Z,2024-11-28T05:01:30Z,-261.8,466.36
54794,STARLINK-5392,2024-11-28T05:01:30Z,2024-11-28T22:12:23Z,-349.8,466.36
54794,STARLINK-5392,2024-11-28T22:12:23Z,2024-11-29T15:23:12Z,-357.0,466.36
54796,STARLINK-5415,2024-11-27T08:52:30Z,2024-11-28T11:54:02Z,-102.9,546.89
54796,STARLINK-5415,2024-11-28T11:54:02Z,2024-11-28T16:40:13Z,109.9,546.89
54801,STARLINK-5429,2024-11-28T17:55:01Z,2024-11-29T09:48:54Z,112.8,546.87
54801,STARLINK-5429,2024-11-29T09:48:54Z,2024-11-30T09:39:40Z,-117.7,546.87
54804,STARLINK-5422,2024-11-29T15:59:10Z,2024-11-30T07:53:00Z,-132.9,546.89
54822,STARLINK-5101,2024-11-26T21:04:50Z,2024-11-26T22:40:31Z,-100.9,566.22
54822,STARLINK-5101,2024-11-27T13:02:04Z,2024-11-28T04:59:20Z,152.3,566.22
54822,STARLINK-5101,2024-11-28T20:56:38Z,2024-11-29T11:18:10Z,-157.6,566.22
54826,STARLINK-5107,2024-11-26T22:42:06Z,2024-11-27T13:03:38Z,-639.2,566.25
54826,STARLINK-5107,2024-11-27T13:03:38Z,2024-11-27T21:02:15Z,147.7,566.25
54826,STARLINK-5107,2024-11-27T21:02:15Z,2024-11-28T12:59:34Z,495.7,566.25
54827,STARLINK-5383,2024-11-27T20:51:09Z,2024-11-28T12:48:24Z,-103.2,566.24
54827,STARLINK-5383,2024-11-29T17:31:33Z,2024-11-30T11:04:31Z,-151.6,566.24
54835,STARLINK-5389,2024-11-28T11:04:40Z,2024-11-28T22:14:39Z,-269.5,566.22
54835,STARLINK-5389,2024-11-28T22:14:39Z,2024-11-29T11:00:36Z,324.4,566.22
54847,STARLINK-5061,2024-11-28T09:20:05Z,2024-11-28T17:18:43Z,-160.3,566.21
54847,STARLINK-5061,2024-11-28T17:18:43Z,2024-11-29T02:53:06Z,116.2,566.21
54848,STARLINK-5432,2024-11-27T19:55:43Z,2024-11-28T03:54:21Z,150.0,566.23
54848,STARLINK-5432,2024-11-28T03:54:21Z,2024-11-28T11:52:59Z,-177.5,566.23
54849,STARLINK-5434,2024-11-27T18:14:38Z,2024-11-28T11:47:39Z,-161.0,566.18
54849,STARLINK-5434,2024-11-28T21:22:00Z,2024-11-29T03:44:56Z,152.6,566.18
54854,STARLINK-5419,2024-11-28T19:27:38Z,2024-11-29T11:24:55Z,-189.7,566.15
54857,STARLINK-5078,2024-11-26T14:39:04Z,2024-11-26T21:02:01Z,123.4,566.22
54857,STARLINK-5078,2024-11-26T21:02:01Z,2024-11-27T11:23:32Z,-182.5,566.22
54861,STARLINK-5400,2024-11-26T21:06:45Z,2024-11-27T13:04:05Z,481.1,566.2
54861,STARLINK-5400,2024-11-27T13:04:05Z,2024-11-27T17:51:17Z,-283.5,566.2
54861,STARLINK-5400,2024-11-27T17:51:17Z,2024-11-28T03:25:34Z,-249.1,566.2
54864,STARLINK-5359,2024-11-26T12:39:23Z,2024-11-27T12:35:17Z,-165.5,566.2
54865,STARLINK-5411,2024-11-29T20:48:07Z,2024-11-30T03:11:04Z,320.9,566.22
54865,STARLINK-5411,2024-11-30T03:11:04Z,2024-11-30T11:09:40Z,-376.3,566.22
54868,STARLINK-5379,2024-11-29T18:29:14Z,2024-11-30T12:02:13Z,-122.6,566.21
54869,STARLINK-5402,2024-11-28T20:23:25Z,2024-11-29T10:44:58Z,-108.0,566.22
54869,STARLINK-5402,2024-11-29T10:44:58Z,2024-11-29T17:07:53Z,101.0,566.22
55272,STARLINK-5310,2024-11-26T14:01:03Z,2024-11-28T10:52:47Z,-117.9,579.15
55273,STARLINK-5291,2024-11-28T04:46:02Z,2024-11-28T20:47:19Z,-120.8,579.21
55273,STARLINK-5291,2024-11-28T20:47:19Z,2024-11-29T11:12:34Z,118.3,579.21
55274,STARLINK-5236,2024-11-27T16:38:45Z,2024-11-28T03:51:40Z,-101.4,579.21
55279,STARLINK-5323,2024-11-26T11:42:41Z,2024-11-26T21:19:27Z,-125.6,579.14
55284,STARLINK-5337,2024-11-27T22:15:29Z,2024-11-28T11:04:37Z,101.4,579.22
55287,STARLINK-5341,2024-11-29T02:17:24Z,2024-11-29T08:41:35Z,-779.7,579.1
55287,STARLINK-5341,2024-11-29T08:41:35Z,2024-11-29T18:18:07Z,-434.1,579.1
55287,STARLINK-5341,2024-11-29T18:18:07Z,2024-11-30T02:18:37Z,-144.6,579.1
55292,STARLINK-5325,2024-11-30T09:32:10Z,2024-11-30T15:56:45Z,105.6,579.19
55295,STARLINK-5293,2024-11-28T17:05:02Z,2024-11-29T06:00:01Z,219.8,579.17
55295,STARLINK-5293,2024-11-29T06:00:01Z,2024-11-29T17:07:06Z,-101.2,579.17
55295,STARLINK-5293,2024-11-29T17:07:06Z,2024-11-29T21:55:29Z,-158.3,579.17
55302,STARLINK-5321,2024-11-26T20:25:04Z,2024-11-27T17:14:46Z,-135.8,579.19
55302,STARLINK-5321,2024-11-28T20:29:03Z,2024-11-29T02:53:34Z,-152.7,579.19
55302,STARLINK-5321,2024-11-29T02:53:34Z,2024-11-29T09:18:06Z,177.6,579.19
55302,STARLINK-5321,2024-11-29T09:18:06Z,2024-11-29T15:42:38Z,-444.2,579.19
55302,STARLINK-5321,2024-11-29T15:42:38Z,2024-11-30T15:44:39Z,313.8,579.19
55303,STARLINK-5322,2024-11-28T10:58:29Z,2024-11-28T20:35:20Z,112.8,579.18
55303,STARLINK-5322,2024-11-29T11:00:34Z,2024-11-30T11:02:33Z,-135.3,579.18
55305,STARLINK-5316,2024-11-29T20:01:02Z,2024-11-30T08:50:08Z,178.9,579.2
55307,STARLINK-5288,2024-11-30T08:13:43Z,2024-11-30T14:38:13Z,-423.3,579.19
55331,STARLINK-5492,2024-11-27T08:14:31Z,2024-11-27T16:13:04Z,-433.4,566.21
55331,STARLINK-5492,2024-11-27T16:13:04Z,2024-11-28T00:11:47Z,477.1,566.21
55331,STARLINK-5492,2024-11-28T16:09:06Z,2024-11-28T22:31:59Z,-103.4,566.21
55338,STARLINK-5658,2024-11-27T22:20:03Z,2024-11-28T06:18:44Z,110.9,566.22
55339,STARLINK-5671,2024-11-27T06:14:50Z,2024-11-28T07:46:29Z,267.0,566.21
55339,STARLINK-5671,2024-11-28T07:46:29Z,2024-11-28T15:45:06Z,-280.3,566.21
55339,STARLINK-5671,2024-11-28T15:45:06Z,2024-11-28T22:08:01Z,146.2,566.21
55339,STARLINK-5671,2024-11-28T22:08:01Z,2024-11-29T06:06:40Z,-122.3,566.21
55341,STARLINK-5670,2024-11-27T01:30:46Z,2024-11-27T07:53:45Z,168.5,566.22
55341,STARLINK-5670,2024-11-28T07:49:39Z,2024-11-28T15:48:16Z,-137.3,566.22
55341,STARLINK-5670,2024-11-28T15:48:16Z,2024-11-29T15:44:14Z,162.7,566.22
55343,STARLINK-5661,2024-11-28T01:10:46Z,2024-11-28T15:32:18Z,-121.9,566.2
55343,STARLINK-5661,2024-11-28T15:32:18Z,2024-11-28T23:30:57Z,142.5,566.2
55344,STARLINK-5662,2024-11-26T08:38:08Z,2024-11-27T05:26:44Z,-6346.4,220.47
55344,STARLINK-5662,2024-11-27T05:26:44Z,2024-11-27T21:45:14Z,-20121.9,220.47
55344,STARLINK-5662,2024-11-27T21:45:14Z,2024-11-28T00:42:35Z,-6236.0,220.47
55344,STARLINK-5662,2024-11-28T00:42:35Z,2024-11-28T00:54:31Z,-320.7,220.47
55344,STARLINK-5662,2024-11-28T00:54:31Z,2024-11-28T05:41:54Z,-18995.4,220.47
55350,STARLINK-5668,2024-11-28T05:40:22Z,2024-11-28T15:14:44Z,-122.2,566.22
55351,STARLINK-5659,2024-11-30T06:51:55Z,2024-11-30T14:50:37Z,173.0,566.22
55353,STARLINK-5608,2024-11-27T06:43:25Z,2024-11-27T16:17:48Z,269.6,566.23
55353,STARLINK-5608,2024-11-27T16:17:48Z,2024-11-27T22:40:41Z,-357.0,566.23
55354,STARLINK-5649,2024-11-30T05:21:01Z,2024-11-30T14:55:19Z,-202.4,566.22
55359,STARLINK-5641,2024-11-29T05:07:32Z,2024-11-29T22:40:31Z,-104.5,566.22
55363,STARLINK-5648,2024-11-28T01:07:11Z,2024-11-28T17:04:28Z,164.1,566.17
55369,STARLINK-5644,2024-11-29T23:12:05Z,2024-11-30T05:35:02Z,110.1,566.23
55370,STARLINK-5027,2024-11-28T16:59:39Z,2024-11-28T23:22:35Z,130.4,566.21
55376,STARLINK-5586,2024-11-29T14:13:39Z,2024-11-30T14:09:34Z,-109.3,566.22
55377,STARLINK-5567,2024-11-28T16:10:08Z,2024-11-29T06:31:42Z,130.3,566.21
55378,STARLINK-5572,2024-11-27T16:38:09Z,2024-11-28T06:59:44Z,107.4,566.2
55380,STARLINK-5571,2024-11-27T07:04:32Z,2024-11-27T15:03:11Z,124.4,566.24
55381,STARLINK-5575,2024-11-29T16:10:50Z,2024-11-30T00:09:31Z,106.0,566.22
55386,STARLINK-5555,2024-11-26T09:50:33Z,2024-11-27T01:47:46Z,-309.9,566.22
55386,STARLINK-5555,2024-11-27T01:47:46Z,2024-11-27T06:35:02Z,313.9,566.22
55393,STARLINK-4786,2024-11-29T00:00:15Z,2024-11-29T06:24:59Z,434.4,579.18
55393,STARLINK-4786,2024-11-29T06:24:59Z,2024-11-29T22:26:49Z,775.0,579.18
55393,STARLINK-4786,2024-11-29T22:26:49Z,2024-11-30T12:52:23Z,332.3,579.18
55397,STARLINK-5224,2024-11-27T05:32:07Z,2024-11-27T23:09:39Z,221.2,579.18
55397,STARLINK-5224,2024-11-27T23:09:39Z,2024-11-28T19:59:21Z,-263.6,579.18
55399,STARLINK-5276,2024-11-26T13:00:58Z,2024-11-27T06:38:30Z,150.9,579.19
55399,STARLINK-5276,2024-11-28T06:40:32Z,2024-11-28T19:29:38Z,133.4,579.19
55401,STARLINK-5076,2024-11-29T22:49:53Z,2024-11-30T11:38:58Z,-152.5,579.18
55406,STARLINK-5630,2024-11-27T05:56:29Z,2024-11-27T18:45:37Z,127.5,579.17
55409,STARLINK-5047,2024-11-27T05:56:43Z,2024-11-27T18:45:43Z,-129.7,579.14
55409,STARLINK-5047,2024-11-27T18:45:43Z,2024-11-28T12:23:16Z,178.0,579.14
55415,STARLINK-5618,2024-11-28T22:48:32Z,2024-11-29T18:02:06Z,-107.9,579.22
55416,STARLINK-5624,2024-11-27T18:33:51Z,2024-11-28T07:22:59Z,120.9,579.18
55418,STARLINK-5030,2024-11-26T13:55:26Z,2024-11-27T07:32:57Z,205.4,579.21
55418,STARLINK-5030,2024-11-27T07:32:57Z,2024-11-27T13:57:28Z,-173.3,579.21
55421,STARLINK-5598,2024-11-28T18:41:54Z,2024-11-28T23:30:21Z,113.4,579.19
55430,STARLINK-5642,2024-11-27T09:21:26Z,2024-11-28T02:58:51Z,-108.2,579.2
55430,STARLINK-5642,2024-11-29T07:49:19Z,2024-11-30T07:51:18Z,-128.0,579.2
55431,STARLINK-5643,2024-11-29T00:12:23Z,2024-11-29T06:36:52Z,-130.2,579.18
55431,STARLINK-5643,2024-11-29T13:01:24Z,2024-11-30T00:14:22Z,105.0,579.18
55450,STARLINK-5686,2024-11-27T07:38:37Z,2024-11-28T09:10:19Z,101.8,566.23
55452,STARLINK-5683,2024-11-28T16:52:55Z,2024-11-29T07:14:27Z,-182.0,566.21
55452,STARLINK-5683,2024-11-29T07:14:27Z,2024-11-29T16:48:51Z,187.0,566.21
55455,STARLINK-5680,2024-11-30T07:15:13Z,2024-11-30T16:49:34Z,-157.4,566.22
55457,STARLINK-5682,2024-11-28T02:21:48Z,2024-11-28T07:08:59Z,-117.4,566.21
55457,STARLINK-5682,2024-11-28T07:08:59Z,2024-11-29T00:42:01Z,153.8,566.21
55458,STARLINK-5020,2024-11-27T18:03:58Z,2024-11-28T02:02:36Z,-116.2,566.22
55458,STARLINK-5020,2024-11-28T02:02:36Z,2024-11-28T17:59:53Z,101.6,566.22
55460,STARLINK-5678,2024-11-29T06:47:19Z,2024-11-30T08:18:55Z,-104.4,566.22
55460,STARLINK-5678,2024-11-30T08:18:55Z,2024-11-30T16:17:36Z,155.6,566.22
55461,STARLINK-5646,2024-11-30T06:52:49Z,2024-11-30T16:27:10Z,-120.5,566.21
55464,STARLINK-5676,2024-11-28T17:35:56Z,2024-11-29T17:31:53Z,227.9,566.22
55464,STARLINK-5676,2024-11-29T17:31:53Z,2024-11-30T01:30:29Z,-248.6,566.22
55464,STARLINK-5676,2024-11-30T01:30:29Z,2024-11-30T06:17:37Z,-137.4,566.22
55468,STARLINK-5672,2024-11-26T09:42:15Z,2024-11-27T09:38:10Z,-111.9,566.2
55471,STARLINK-5711,2024-11-28T17:23:06Z,2024-11-29T01:21:47Z,132.2,566.22
55473,STARLINK-5687,2024-11-26T09:45:30Z,2024-11-27T07:47:15Z,-474.5,501.74
55473,STARLINK-5687,2024-11-27T07:47:15Z,2024-11-27T15:39:15Z,-318.7,501.74
55473,STARLINK-5687,2024-11-27T15:39:15Z,2024-11-27T23:31:15Z,-160.2,501.74
55473,STARLINK-5687,2024-11-28T05:48:50Z,2024-11-28T15:15:12Z,-101.7,501.74
55473,STARLINK-5687,2024-11-30T06:35:04Z,2024-11-30T14:27:00Z,-161.5,501.74
55475,STARLINK-5650,2024-11-28T07:37:34Z,2024-11-28T17:11:54Z,345.2,566.24
55475,STARLINK-5650,2024-11-28T17:11:54Z,2024-11-29T07:33:29Z,-358.7,566.24
55481,STARLINK-5694,2024-11-27T10:14:29Z,2024-11-28T10:10:22Z,-653.8,566.25
55481,STARLINK-5694,2024-11-28T10:10:22Z,2024-11-28T18:09:05Z,818.0,566.25
55487,STARLINK-5701,2024-11-26T13:26:50Z,2024-11-27T02:12:42Z,167.7,566.24
55487,STARLINK-5701,2024-11-27T02:12:42Z,2024-11-27T13:22:51Z,237.2,566.24
55487,STARLINK-5701,2024-11-27T13:22:51Z,2024-11-28T04:00:01Z,-330.3,566.24
55487,STARLINK-5701,2024-11-28T04:00:01Z,2024-11-28T14:00:01Z,157.8,566.24
55492,STARLINK-5013,2024-11-28T01:38:14Z,2024-11-28T08:01:11Z,116.8,566.23
55495,STARLINK-5100,2024-11-26T09:17:10Z,2024-11-27T01:14:29Z,106.9,566.22
55570,STARLINK-5737,2024-11-27T05:02:42Z,2024-11-28T09:45:48Z,302.3,566.23
55570,STARLINK-5737,2024-11-28T09:45:48Z,2024-11-29T03:18:46Z,-423.8,566.23
55572,STARLINK-5732,2024-11-26T12:50:58Z,2024-11-27T12:46:55Z,220.6,566.22
55576,STARLINK-5751,2024-11-29T02:21:59Z,2024-11-29T18:19:19Z,267.7,566.23
55576,STARLINK-5751,2024-11-29T18:19:19Z,2024-11-30T00:42:12Z,-511.6,566.23
55576,STARLINK-5751,2024-11-30T00:42:12Z,2024-11-30T10:16:35Z,261.9,566.23
55579,STARLINK-5754,2024-11-29T04:01:46Z,2024-11-30T08:44:53Z,298.3,566.22
55583,STARLINK-5742,2024-11-29T10:35:52Z,2024-11-30T10:31:45Z,-262.9,566.22
55583,STARLINK-5742,2024-11-30T10:31:45Z,2024-11-30T12:07:33Z,722.3,566.22
55584,STARLINK-5736,2024-11-26T12:20:37Z,2024-11-27T13:52:17Z,-105.7,566.2
55585,STARLINK-5769,2024-11-27T03:27:21Z,2024-11-27T09:50:19Z,108.2,566.22
55585,STARLINK-5769,2024-11-27T09:50:19Z,2024-11-28T03:23:16Z,-118.7,566.22
55585,STARLINK-5769,2024-11-29T11:17:49Z,2024-11-30T08:02:16Z,-116.4,566.22
55590,STARLINK-5762,2024-11-27T10:10:27Z,2024-11-27T14:57:38Z,-135.5,566.22
55590,STARLINK-5762,2024-11-27T14:57:38Z,2024-11-28T03:43:27Z,116.1,566.22
55599,STARLINK-5761,2024-11-28T09:50:55Z,2024-11-29T09:46:52Z,239.3,566.22
55599,STARLINK-5761,2024-11-29T09:46:52Z,2024-11-30T08:07:03Z,-215.8,566.22
55604,STARLINK-5748,2024-11-27T12:09:19Z,2024-11-28T08:53:46Z,-100.2,566.21
55604,STARLINK-5748,2024-11-28T08:53:46Z,2024-11-29T02:26:47Z,100.4,566.21
55605,STARLINK-5725,2024-11-27T09:35:49Z,2024-11-28T09:31:46Z,198.8,566.22
55609,STARLINK-5719,2024-11-28T03:04:02Z,2024-11-28T11:02:40Z,107.3,566.23
55611,STARLINK-5730,2024-11-29T12:11:57Z,2024-11-30T02:33:30Z,-402.4,566.2
55616,STARLINK-5710,2024-11-29T18:15:38Z,2024-11-30T03:50:04Z,185.8,566.22
55618,STARLINK-5717,2024-11-29T04:00:02Z,2024-11-29T20:00:01Z,-174.3,566.19
55622,STARLINK-5702,2024-11-26T13:26:23Z,2024-11-27T03:47:56Z,-275.6,566.21
55622,STARLINK-5702,2024-11-27T03:47:56Z,2024-11-27T10:10:50Z,217.1,566.21
55632,STARLINK-5546,2024-11-26T08:09:00Z,2024-11-26T22:34:11Z,-118.6,579.18
55632,STARLINK-5546,2024-11-28T05:00:45Z,2024-11-28T21:02:05Z,101.5,579.18
55632,STARLINK-5546,2024-11-28T21:02:05Z,2024-11-29T00:14:21Z,-180.8,579.18
55637,STARLINK-5062,2024-11-27T06:28:32Z,2024-11-27T20:53:41Z,-128.3,579.22
55637,STARLINK-5062,2024-11-27T20:53:41Z,2024-11-28T03:18:16Z,141.3,579.22
55641,STARLINK-5065,2024-11-28T14:07:24Z,2024-11-29T02:56:33Z,184.4,579.19
55641,STARLINK-5065,2024-11-29T02:56:33Z,2024-11-29T06:08:59Z,366.6,579.19
55641,STARLINK-5065,2024-11-29T06:08:59Z,2024-11-29T14:09:56Z,484.8,579.19
55641,STARLINK-5065,2024-11-29T14:09:56Z,2024-11-30T14:12:35Z,606.0,579.19
55643,STARLINK-5483,2024-11-29T19:39:40Z,2024-11-30T13:17:08Z,-111.5,579.18
55650,STARLINK-5494,2024-11-29T14:03:11Z,2024-11-30T06:04:29Z,-108.2,579.18
55653,STARLINK-5067,2024-11-26T21:21:48Z,2024-11-27T06:59:00Z,712.1,579.31
55653,STARLINK-5067,2024-11-27T06:59:00Z,2024-11-29T19:51:39Z,-979.0,579.31
55654,STARLINK-5070,2024-11-28T06:42:38Z,2024-11-29T03:32:20Z,-156.9,579.21
55654,STARLINK-5070,2024-11-29T19:33:40Z,2024-11-30T06:46:35Z,-170.2,579.21
55656,STARLINK-5326,2024-11-28T03:48:31Z,2024-11-29T23:03:21Z,-1411.0,579.17
55656,STARLINK-5326,2024-11-30T03:51:39Z,2024-11-30T13:28:15Z,-104.8,579.17
55658,STARLINK-5307,2024-11-26T19:57:37Z,2024-11-27T13:35:00Z,-181.1,579.21
55658,STARLINK-5307,2024-11-27T19:59:34Z,2024-11-28T07:12:34Z,169.9,579.21
55667,STARLINK-5456,2024-11-28T02:06:03Z,2024-11-29T05:20:08Z,-445.4,578.94
55667,STARLINK-5456,2024-11-29T05:20:08Z,2024-11-29T18:09:04Z,-172.3,578.94
55667,STARLINK-5456,2024-11-29T18:09:04Z,2024-11-30T14:58:15Z,-2380.9,578.94
55670,STARLINK-5423,2024-11-28T18:07:11Z,2024-11-29T11:44:41Z,124.9,579.2
55670,STARLINK-5423,2024-11-29T11:44:41Z,2024-11-30T11:46:40Z,-129.0,579.2
55678,STARLINK-5314,2024-11-28T05:06:05Z,2024-11-28T13:06:44Z,-101.7,579.17
55742,STARLINK-5594,2024-11-27T00:23:02Z,2024-11-27T06:47:37Z,119.1,579.17
55742,STARLINK-5594,2024-11-27T18:00:34Z,2024-11-28T10:01:50Z,-158.4,579.17
55750,STARLINK-5573,2024-11-30T09:35:45Z,2024-11-30T12:48:04Z,115.3,579.19
55754,STARLINK-5612,2024-11-28T07:31:36Z,2024-11-29T01:09:07Z,176.0,579.23
55756,STARLINK-5614,2024-11-28T10:19:48Z,2024-11-29T00:45:02Z,117.3,579.18
55759,STARLINK-5081,2024-11-29T01:02:45Z,2024-11-29T09:03:27Z,208.9,579.19
55759,STARLINK-5081,2024-11-29T09:03:27Z,2024-11-30T10:41:34Z,-206.4,579.19
55766,STARLINK-5599,2024-11-28T17:08:20Z,2024-11-29T01:08:52Z,-340.6,578.86
55766,STARLINK-5599,2024-11-29T01:08:52Z,2024-11-29T05:57:09Z,-221.4,578.86
55766,STARLINK-5599,2024-11-29T05:57:09Z,2024-11-29T21:58:01Z,-813.4,578.86
55766,STARLINK-5599,2024-11-29T21:58:01Z,2024-11-30T15:35:04Z,-436.0,578.86
55768,STARLINK-5583,2024-11-29T01:20:49Z,2024-11-29T06:09:12Z,-100.1,579.26
55770,STARLINK-5557,2024-11-29T01:08:46Z,2024-11-29T09:09:48Z,851.4,579.19
55770,STARLINK-5557,2024-11-29T09:09:48Z,2024-11-30T13:59:51Z,-873.4,579.19
55777,STARLINK-5814,2024-11-29T16:34:03Z,2024-11-30T05:23:03Z,-145.1,579.2
55782,STARLINK-5826,2024-11-29T15:39:54Z,2024-11-30T04:28:59Z,170.2,579.2
55782,STARLINK-5826,2024-11-30T04:28:59Z,2024-11-30T07:41:15Z,-135.3,579.2
55784,STARLINK-5797,2024-11-26T21:34:21Z,2024-11-27T08:47:16Z,-180.3,579.18
55784,STARLINK-5797,2024-11-27T08:47:16Z,2024-11-27T15:11:50Z,208.7,579.18
55785,STARLINK-5818,2024-11-28T15:31:38Z,2024-11-29T15:33:40Z,145.4,579.18
55785,STARLINK-5818,2024-11-29T15:33:40Z,2024-11-30T04:22:43Z,-143.9,579.18
55787,STARLINK-5811,2024-11-27T15:23:35Z,2024-11-28T07:25:01Z,181.4,579.16
55787,STARLINK-5811,2024-11-28T07:25:01Z,2024-11-28T15:25:38Z,-146.5,579.16
55787,STARLINK-5811,2024-11-28T15:25:38Z,2024-11-29T04:14:42Z,-108.2,579.16
55791,STARLINK-5807,2024-11-28T03:54:38Z,2024-11-28T15:07:35Z,101.4,579.22
55915,STARLINK-5859,2024-11-29T14:59:15Z,2024-11-30T10:12:54Z,111.1,579.21
55917,STARLINK-5855,2024-11-26T06:19:22Z,2024-11-27T13:49:51Z,-244.7,500.77
55917,STARLINK-5855,2024-11-27T13:49:51Z,2024-11-28T02:25:59Z,-223.0,500.77
55917,STARLINK-5855,2024-11-28T02:25:59Z,2024-11-28T10:18:33Z,-236.1,500.77
55917,STARLINK-5855,2024-11-29T09:56:12Z,2024-11-30T09:33:50Z,-103.6,500.77
55918,STARLINK-5867,2024-11-27T03:54:18Z,2024-11-28T15:09:15Z,-204.6,579.19
55922,STARLINK-5863,2024-11-27T11:24:56Z,2024-11-28T11:26:57Z,150.7,579.19
55922,STARLINK-5863,2024-11-28T14:39:13Z,2024-11-29T11:28:57Z,-151.9,579.19
55924,STARLINK-5849,2024-11-27T10:06:30Z,2024-11-28T10:08:35Z,132.6,579.18
55924,STARLINK-5849,2024-11-28T10:08:35Z,2024-11-29T10:10:33Z,-169.2,579.18
55926,STARLINK-5921,2024-11-27T03:29:57Z,2024-11-28T09:56:31Z,142.7,579.18
55926,STARLINK-5921,2024-11-28T09:56:31Z,2024-11-29T09:58:30Z,-165.0,579.18
55944,STARLINK-5926,2024-11-29T08:58:23Z,2024-11-30T02:35:51Z,-438.9,579.18
55948,STARLINK-5900,2024-11-28T12:44:39Z,2024-11-29T01:33:40Z,-128.9,579.14
55948,STARLINK-5900,2024-11-29T01:33:40Z,2024-11-29T11:10:02Z,-948.6,579.14
55948,STARLINK-5900,2024-11-29T17:34:30Z,2024-11-30T11:11:29Z,-556.6,579.14
55951,STARLINK-5908,2024-11-29T13:34:47Z,2024-11-30T02:23:48Z,-318.3,579.18
55951,STARLINK-5908,2024-11-30T02:23:48Z,2024-11-30T12:00:39Z,322.4,579.18
55956,STARLINK-5883,2024-11-27T08:30:00Z,2024-11-28T11:44:13Z,-148.8,579.12
55956,STARLINK-5883,2024-11-28T11:44:13Z,2024-11-29T10:10:10Z,201.0,579.12
55956,STARLINK-5883,2024-11-29T10:10:10Z,2024-11-30T11:48:18Z,-101.3,579.12
55962,STARLINK-5906,2024-11-28T07:55:59Z,2024-11-29T11:10:25Z,341.3,579.19
55963,STARLINK-5924,2024-11-28T12:02:20Z,2024-11-29T08:52:01Z,-134.4,579.18
55965,STARLINK-5894,2024-11-27T08:24:00Z,2024-11-28T02:01:32Z,104.8,579.19
55965,STARLINK-5894,2024-11-28T02:01:32Z,2024-11-28T08:26:02Z,-102.6,579.19
55990,STARLINK-5946,2024-11-27T14:17:52Z,2024-11-28T07:50:53Z,107.5,566.21
55990,STARLINK-5946,2024-11-28T07:50:53Z,2024-11-28T17:25:14Z,-135.5,566.21
55992,STARLINK-5962,2024-11-26T20:00:02Z,2024-11-26T22:00:01Z,-620.3,369.25
55992,STARLINK-5962,2024-11-26T22:00:01Z,2024-11-27T04:00:01Z,-1542.2,369.25
55992,STARLINK-5962,2024-11-27T04:00:01Z,2024-11-27T14:00:01Z,-2758.4,369.25
55992,STARLINK-5962,2024-11-27T14:00:01Z,2024-11-27T20:00:01Z,-1639.0,369.25
55992,STARLINK-5962,2024-11-27T20:00:01Z,2024-11-27T22:00:01Z,-591.3,369.25
55992,STARLINK-5962,2024-11-27T22:00:01Z,2024-11-28T12:00:01Z,-3743.5,369.25
55992,STARLINK-5962,2024-11-28T12:00:01Z,2024-11-28T14:00:01Z,-530.0,369.25
55992,STARLINK-5962,2024-11-28T14:00:01Z,2024-11-28T22:00:01Z,-2243.8,369.25
55992,STARLINK-5962,2024-11-28T22:00:01Z,2024-11-29T12:00:01Z,-3743.1,369.25
55992,STARLINK-5962,2024-11-29T12:00:01Z,2024-11-29T22:00:01Z,-2752.6,369.25
55992,STARLINK-5962,2024-11-29T22:00:01Z,2024-11-30T12:00:01Z,-3711.1,369.25
55992,STARLINK-5962,2024-11-30T12:00:01Z,2024-11-30T14:00:01Z,-507.9,369.25
55999,STARLINK-5901,2024-11-29T07:08:27Z,2024-11-29T13:31:20Z,-218.2,566.22
55999,STARLINK-5901,2024-11-29T13:31:20Z,2024-11-30T15:03:00Z,205.8,566.22
56000,STARLINK-5910,2024-11-29T13:02:35Z,2024-11-30T12:58:33Z,470.2,566.22
56003,STARLINK-5789,2024-11-26T08:50:00Z,2024-11-26T18:24:24Z,182.7,566.22
56003,STARLINK-5789,2024-11-26T18:24:24Z,2024-11-27T13:33:08Z,-159.1,566.22
56008,STARLINK-5803,2024-11-26T17:42:50Z,2024-11-27T06:28:45Z,128.0,566.2
56008,STARLINK-5803,2024-11-27T06:28:45Z,2024-11-27T14:27:18Z,-124.5,566.2
56014,STARLINK-5942,2024-11-26T08:07:21Z,2024-11-27T06:27:35Z,115.0,566.26
56014,STARLINK-5942,2024-11-27T06:27:35Z,2024-11-27T12:50:23Z,-930.5,566.26
56014,STARLINK-5942,2024-11-27T12:50:23Z,2024-11-28T07:59:14Z,957.7,566.26
56017,STARLINK-5934,2024-11-26T15:58:05Z,2024-11-27T07:55:22Z,383.4,566.25
56017,STARLINK-5934,2024-11-27T12:42:34Z,2024-11-28T12:38:27Z,-366.8,566.25
56020,STARLINK-5912,2024-11-26T15:48:26Z,2024-11-27T12:32:52Z,-383.2,566.15
56020,STARLINK-5912,2024-11-27T12:32:52Z,2024-11-27T14:08:38Z,259.9,566.15
56020,STARLINK-5912,2024-11-27T14:08:38Z,2024-11-28T12:28:50Z,149.5,566.15
56030,STARLINK-5781,2024-11-30T05:12:58Z,2024-11-30T13:11:40Z,157.4,566.21
56032,STARLINK-5786,2024-11-26T18:02:23Z,2024-11-27T03:36:45Z,-245.9,566.22
56032,STARLINK-5786,2024-11-27T03:36:45Z,2024-11-27T06:48:13Z,239.9,566.22
56033,STARLINK-5784,2024-11-26T20:00:02Z,2024-11-26T22:00:01Z,-582.3,434.95
56033,STARLINK-5784,2024-11-26T22:00:01Z,2024-11-27T12:00:02Z,-3833.1,434.95
56033,STARLINK-5784,2024-11-27T12:00:02Z,2024-11-27T14:00:01Z,-528.2,434.95
56033,STARLINK-5784,2024-11-27T14:00:01Z,2024-11-27T22:00:01Z,-2335.1,434.95
56033,STARLINK-5784,2024-11-27T22:00:01Z,2024-11-28T12:00:01Z,-3833.1,434.95
56033,STARLINK-5784,2024-11-28T12:00:01Z,2024-11-28T14:00:01Z,-506.4,434.95
56033,STARLINK-5784,2024-11-28T14:00:01Z,2024-11-28T22:00:01Z,-2325.4,434.95
56033,STARLINK-5784,2024-11-28T22:00:01Z,2024-11-29T12:00:01Z,-3833.5,434.95
56033,STARLINK-5784,2024-11-29T12:00:01Z,2024-11-29T22:00:01Z,-2847.7,434.95
56033,STARLINK-5784,2024-11-29T22:00:01Z,2024-11-30T12:00:01Z,-3820.2,434.95
56033,STARLINK-5784,2024-11-30T12:00:01Z,2024-11-30T14:00:01Z,-495.7,434.95
56034,STARLINK-5782,2024-11-27T03:35:09Z,2024-11-27T13:09:31Z,-138.0,566.22
56034,STARLINK-5782,2024-11-27T13:09:31Z,2024-11-28T06:42:31Z,123.8,566.22
56039,STARLINK-5795,2024-11-27T12:02:55Z,2024-11-28T13:34:29Z,-427.6,566.22
56039,STARLINK-5795,2024-11-28T13:34:29Z,2024-11-28T15:10:16Z,504.2,566.22
56093,STARLINK-6102,2024-11-26T12:00:01Z,2024-11-26T22:00:01Z,-3073.8,341.18
56093,STARLINK-6102,2024-11-26T22:00:01Z,2024-11-27T04:00:01Z,-1907.4,341.18
56093,STARLINK-6102,2024-11-27T04:00:01Z,2024-11-27T14:00:01Z,-3041.0,341.18
56093,STARLINK-6102,2024-11-27T14:00:01Z,2024-11-27T20:00:01Z,-1853.8,341.18
56093,STARLINK-6102,2024-11-27T20:00:01Z,2024-11-27T22:00:01Z,-579.6,341.18
56093,STARLINK-6102,2024-11-27T22:00:01Z,2024-11-28T12:00:01Z,-4332.3,341.18
56093,STARLINK-6102,2024-11-28T12:00:01Z,2024-11-28T14:00:01Z,-625.5,341.18
56093,STARLINK-6102,2024-11-28T14:00:01Z,2024-11-28T22:00:01Z,-2437.6,341.18
56093,STARLINK-6102,2024-11-28T22:00:01Z,2024-11-29T04:00:02Z,-2252.9,341.18
56093,STARLINK-6102,2024-11-29T04:00:02Z,2024-11-29T12:00:01Z,-1995.1,341.18
56093,STARLINK-6102,2024-11-29T12:00:01Z,2024-11-29T20:00:01Z,-2493.1,341.18
56093,STARLINK-6102,2024-11-29T20:00:01Z,2024-11-29T22:00:01Z,-529.6,341.18
56093,STARLINK-6102,2024-11-29T22:00:01Z,2024-11-30T12:00:01Z,-4695.8,341.18
56093,STARLINK-6102,2024-11-30T12:00:01Z,2024-11-30T14:00:01Z,-582.6,341.18
56094,STARLINK-6109,2024-11-30T05:43:05Z,2024-11-30T13:41:42Z,-149.2,566.22
56101,STARLINK-6095,2024-11-26T21:37:22Z,2024-11-26T23:13:12Z,-503.2,566.21
56102,STARLINK-6075,2024-11-26T21:29:37Z,2024-11-27T15:02:31Z,738.0,566.17
56102,STARLINK-6075,2024-11-30T00:00:01Z,2024-11-30T05:15:44Z,-240.2,566.17
56102,STARLINK-6075,2024-11-30T05:15:44Z,2024-11-30T13:14:30Z,130.1,566.17
56105,STARLINK-6066,2024-11-29T22:38:34Z,2024-11-30T13:00:07Z,189.6,566.22
56106,STARLINK-6078,2024-11-26T12:00:01Z,2024-11-26T22:00:01Z,-2889.9,521.51
56106,STARLINK-6078,2024-11-26T22:00:01Z,2024-11-27T04:00:01Z,-1790.1,521.51
56106,STARLINK-6078,2024-11-27T04:00:01Z,2024-11-27T14:00:01Z,-2845.1,521.51
56106,STARLINK-6078,2024-11-27T14:00:01Z,2024-11-27T20:00:01Z,-1720.6,521.51
56106,STARLINK-6078,2024-11-27T20:00:01Z,2024-11-27T22:00:01Z,-556.4,521.51
56106,STARLINK-6078,2024-11-27T22:00:01Z,2024-11-28T14:00:01Z,-4624.6,521.51
56106,STARLINK-6078,2024-11-28T14:00:01Z,2024-11-28T20:00:01Z,-1715.8,521.51
56106,STARLINK-6078,2024-11-28T20:00:01Z,2024-11-28T22:00:01Z,-546.5,521.51
56106,STARLINK-6078,2024-11-28T22:00:01Z,2024-11-29T20:00:01Z,-6320.4,521.51
56106,STARLINK-6078,2024-11-29T20:00:01Z,2024-11-29T22:00:01Z,-540.0,521.51
56106,STARLINK-6078,2024-11-29T22:00:01Z,2024-11-30T14:00:01Z,-4636.2,521.51
56112,STARLINK-6080,2024-11-29T06:25:15Z,2024-11-29T19:11:08Z,128.8,566.21
56113,STARLINK-6113,2024-11-27T06:19:05Z,2024-11-28T12:37:59Z,171.4,566.23
56113,STARLINK-6113,2024-11-28T12:37:59Z,2024-11-28T15:49:23Z,-143.9,566.23
56114,STARLINK-6103,2024-11-26T12:00:01Z,2024-11-26T22:00:01Z,-2641.2,523.02
56114,STARLINK-6103,2024-11-26T22:00:01Z,2024-11-27T12:00:02Z,-4036.0,523.02
56114,STARLINK-6103,2024-11-27T12:00:02Z,2024-11-27T14:00:01Z,-602.9,523.02
56114,STARLINK-6103,2024-11-27T14:00:01Z,2024-11-27T22:00:01Z,-2274.8,523.02
56114,STARLINK-6103,2024-11-27T22:00:01Z,2024-11-28T04:00:01Z,-1807.5,523.02
56114,STARLINK-6103,2024-11-28T04:00:01Z,2024-11-28T14:00:01Z,-2836.8,523.02
56114,STARLINK-6103,2024-11-28T14:00:01Z,2024-11-28T22:00:01Z,-2242.3,523.02
56114,STARLINK-6103,2024-11-28T22:00:01Z,2024-11-29T04:00:02Z,-1817.8,523.02
56114,STARLINK-6103,2024-11-29T04:00:02Z,2024-11-29T22:00:01Z,-5048.8,523.02
56114,STARLINK-6103,2024-11-29T22:00:01Z,2024-11-30T12:00:01Z,-4035.2,523.02
56114,STARLINK-6103,2024-11-30T12:00:01Z,2024-11-30T14:00:01Z,-613.8,523.02
56116,STARLINK-6114,2024-11-28T00:01:40Z,2024-11-28T06:24:34Z,142.2,566.22
56121,STARLINK-6092,2024-11-27T06:14:50Z,2024-11-27T14:13:28Z,-180.6,566.22
56121,STARLINK-6092,2024-11-27T14:13:28Z,2024-11-27T22:12:05Z,-195.7,566.22
56121,STARLINK-6092,2024-11-27T22:12:05Z,2024-11-28T12:33:40Z,401.3,566.22
56134,STARLINK-5564,2024-11-26T20:03:44Z,2024-11-26T21:39:28Z,-113.2,566.18
56137,STARLINK-5090,2024-11-27T20:57:01Z,2024-11-27T22:32:41Z,-440.9,566.21
56137,STARLINK-5090,2024-11-27T22:32:41Z,2024-11-28T12:54:17Z,441.5,566.21
56140,STARLINK-5375,2024-11-26T22:56:00Z,2024-11-27T13:17:32Z,-195.7,566.21
56140,STARLINK-5375,2024-11-27T13:17:32Z,2024-11-28T05:14:49Z,212.5,566.21
56140,STARLINK-5375,2024-11-30T05:06:42Z,2024-11-30T13:05:17Z,-168.1,566.21
56141,STARLINK-5377,2024-11-27T06:33:51Z,2024-11-27T14:32:31Z,-107.7,566.16
56144,STARLINK-5374,2024-11-29T12:59:48Z,2024-11-30T04:57:01Z,-111.8,566.21
56144,STARLINK-5374,2024-11-30T04:57:01Z,2024-11-30T12:55:42Z,123.6,566.21
56146,STARLINK-5111,2024-11-29T04:45:10Z,2024-11-29T19:06:37Z,-207.0,566.18
56147,STARLINK-5140,2024-11-27T12:16:27Z,2024-11-27T17:03:35Z,-103.3,566.21
56287,STARLINK-30107,2024-11-27T18:15:30Z,2024-11-28T02:14:11Z,108.4,566.23
56287,STARLINK-30107,2024-11-28T10:12:50Z,2024-11-29T00:34:20Z,-110.5,566.23
56287,STARLINK-30107,2024-11-29T00:34:20Z,2024-11-29T16:31:40Z,111.8,566.23
56291,STARLINK-30113,2024-11-28T03:06:46Z,2024-11-28T09:29:39Z,-163.0,566.23
56291,STARLINK-30113,2024-11-28T09:29:39Z,2024-11-28T17:28:19Z,157.4,566.23
56292,STARLINK-30098,2024-11-27T01:20:43Z,2024-11-28T18:49:39Z,-437.6,566.21
56292,STARLINK-30098,2024-11-28T18:49:39Z,2024-11-29T01:12:33Z,115.6,566.21
56292,STARLINK-30098,2024-11-29T01:12:33Z,2024-11-29T17:09:51Z,369.8,566.21
56294,STARLINK-30049,2024-11-26T18:43:35Z,2024-11-27T01:06:30Z,130.7,566.22
56294,STARLINK-30049,2024-11-27T01:06:30Z,2024-11-27T10:40:52Z,-158.3,566.22
56302,STARLINK-30111,2024-11-29T09:39:59Z,2024-11-30T09:35:48Z,-192.3,566.22
56304,STARLINK-30099,2024-11-27T01:44:45Z,2024-11-27T17:41:58Z,-188.5,566.19
56306,STARLINK-30112,2024-11-27T09:52:55Z,2024-11-28T03:25:55Z,-107.5,566.22
56318,STARLINK-5954,2024-11-28T05:45:40Z,2024-11-29T07:21:21Z,193.9,570.04
56321,STARLINK-5876,2024-11-26T10:23:35Z,2024-11-27T00:47:24Z,180.1,570.17
56321,STARLINK-5876,2024-11-27T00:47:24Z,2024-11-28T03:59:03Z,-137.4,570.17
56321,STARLINK-5876,2024-11-30T00:46:28Z,2024-11-30T07:10:23Z,-178.6,570.17
56325,STARLINK-5981,2024-11-28T19:50:51Z,2024-11-29T10:14:43Z,116.4,570.14
56325,STARLINK-5981,2024-11-29T10:14:43Z,2024-11-29T18:14:35Z,-108.6,570.14
56328,STARLINK-5992,2024-11-26T23:06:05Z,2024-11-28T23:05:28Z,-194.7,570.12
56328,STARLINK-5992,2024-11-28T23:05:28Z,2024-11-29T10:17:21Z,208.7,570.12
56337,STARLINK-5561,2024-11-28T17:56:33Z,2024-11-29T00:20:32Z,137.3,570.15
56337,STARLINK-5561,2024-11-29T00:20:32Z,2024-11-29T17:56:16Z,-139.3,570.15
56338,STARLINK-5554,2024-11-28T09:58:58Z,2024-11-28T22:46:43Z,-186.9,570.16
56338,STARLINK-5554,2024-11-28T22:46:43Z,2024-11-29T00:22:46Z,160.4,570.16
56342,STARLINK-5955,2024-11-27T01:51:21Z,2024-11-27T11:27:16Z,100.4,570.17
56346,STARLINK-5837,2024-11-26T11:19:32Z,2024-11-26T22:31:27Z,166.4,570.1
56348,STARLINK-5888,2024-11-26T11:22:35Z,2024-11-26T17:46:25Z,-172.7,570.14
56348,STARLINK-5888,2024-11-26T17:46:25Z,2024-11-27T06:34:18Z,158.0,570.14
56348,STARLINK-5888,2024-11-28T17:45:52Z,2024-11-29T06:33:43Z,134.5,570.14
56353,STARLINK-5874,2024-11-26T21:54:05Z,2024-11-27T10:41:49Z,-221.3,570.17
56353,STARLINK-5874,2024-11-27T10:41:49Z,2024-11-27T17:05:51Z,244.7,570.17
56360,STARLINK-5549,2024-11-26T14:02:16Z,2024-11-26T23:38:01Z,-305.5,570.15
56360,STARLINK-5549,2024-11-26T23:38:01Z,2024-11-27T10:49:57Z,211.0,570.15
56360,STARLINK-5549,2024-11-29T06:01:21Z,2024-11-29T17:13:13Z,126.8,570.15
56361,STARLINK-5550,2024-11-26T10:47:34Z,2024-11-26T23:35:28Z,140.1,570.13
56361,STARLINK-5550,2024-11-26T23:35:28Z,2024-11-27T05:59:20Z,-139.5,570.13
56376,STARLINK-6188,2024-11-26T17:38:30Z,2024-11-27T01:37:12Z,135.9,566.23
56376,STARLINK-6188,2024-11-27T09:35:51Z,2024-11-27T17:34:26Z,-113.1,566.23
56381,STARLINK-6159,2024-11-26T17:57:41Z,2024-11-27T09:54:58Z,-284.5,566.22
56381,STARLINK-6159,2024-11-27T17:53:34Z,2024-11-28T00:16:33Z,634.3,566.22
56381,STARLINK-6159,2024-11-28T00:16:33Z,2024-11-28T16:13:47Z,-360.4,566.22
56384,STARLINK-6153,2024-11-29T22:03:51Z,2024-11-30T02:51:01Z,-118.6,566.19
56385,STARLINK-6173,2024-11-26T09:36:38Z,2024-11-26T17:35:18Z,135.5,566.2
56387,STARLINK-6178,2024-11-26T09:31:48Z,2024-11-26T17:30:30Z,122.5,566.22
56393,STARLINK-6303,2024-11-26T17:09:43Z,2024-11-27T09:07:00Z,106.8,566.23
56393,STARLINK-6303,2024-11-27T09:07:00Z,2024-11-28T01:04:17Z,-105.6,566.23
56411,STARLINK-6279,2024-11-26T22:43:39Z,2024-11-27T08:18:00Z,-110.5,566.22
56412,STARLINK-6278,2024-11-29T07:44:16Z,2024-11-30T14:03:02Z,-137.0,566.21
56421,STARLINK-6270,2024-11-29T15:17:55Z,2024-11-30T13:38:07Z,126.1,566.25
56425,STARLINK-6224,2024-11-26T16:24:17Z,2024-11-27T00:22:56Z,149.8,566.2
56425,STARLINK-6224,2024-11-27T00:22:56Z,2024-11-27T08:21:36Z,-102.2,566.2
56425,STARLINK-6224,2024-11-28T22:39:03Z,2024-11-29T13:00:37Z,224.2,566.2
56425,STARLINK-6224,2024-11-29T13:00:37Z,2024-11-29T22:34:58Z,-248.5,566.2
56429,STARLINK-6264,2024-11-27T08:00:46Z,2024-11-29T06:16:54Z,131.9,566.19
56450,STARLINK-5970,2024-11-28T11:54:34Z,2024-11-29T00:43:39Z,100.9,579.17
56450,STARLINK-5970,2024-11-29T00:43:39Z,2024-11-29T16:44:59Z,-141.4,579.17
56450,STARLINK-5970,2024-11-29T16:44:59Z,2024-11-30T10:22:29Z,108.5,579.17
56457,STARLINK-5994,2024-11-29T00:31:38Z,2024-11-29T11:45:02Z,947.6,579.24
56457,STARLINK-5994,2024-11-29T11:45:02Z,2024-11-29T14:57:24Z,141.5,579.24
56457,STARLINK-5994,2024-11-29T14:57:24Z,2024-11-30T03:46:44Z,223.2,579.24
56457,STARLINK-5994,2024-11-30T03:46:44Z,2024-11-30T16:36:10Z,331.7,579.24
56459,STARLINK-6048,2024-11-29T17:39:02Z,2024-11-30T11:16:31Z,-142.6,579.19
56467,STARLINK-6055,2024-11-26T10:01:45Z,2024-11-26T21:14:46Z,204.1,579.22
56467,STARLINK-6055,2024-11-28T10:05:51Z,2024-11-28T16:30:21Z,-183.0,579.22
56467,STARLINK-6055,2024-11-28T16:30:21Z,2024-11-28T21:18:46Z,160.4,579.22
56472,STARLINK-5038,2024-11-26T09:56:05Z,2024-11-26T21:08:59Z,-112.1,579.14
56472,STARLINK-5038,2024-11-27T09:58:04Z,2024-11-27T21:11:01Z,132.8,579.14
56472,STARLINK-5038,2024-11-28T10:00:05Z,2024-11-28T21:13:00Z,-102.3,579.14
56472,STARLINK-5038,2024-11-28T21:13:00Z,2024-11-29T02:01:17Z,-284.8,579.14
56472,STARLINK-5038,2024-11-29T02:01:17Z,2024-11-30T02:02:40Z,-889.6,579.14
56472,STARLINK-5038,2024-11-30T02:02:40Z,2024-11-30T10:03:07Z,-292.3,579.14
56475,STARLINK-5541,2024-11-28T15:48:32Z,2024-11-29T03:01:38Z,351.9,579.54
56475,STARLINK-5541,2024-11-29T03:01:38Z,2024-11-29T09:26:22Z,389.7,579.54
56475,STARLINK-5541,2024-11-29T09:26:22Z,2024-11-30T03:04:23Z,784.9,579.54
56486,STARLINK-6201,2024-11-28T04:17:21Z,2024-11-28T15:30:17Z,183.5,579.2
56486,STARLINK-6201,2024-11-29T01:07:06Z,2024-11-29T09:07:45Z,-172.2,579.2
56493,STARLINK-5841,2024-11-28T12:35:35Z,2024-11-29T01:24:46Z,282.4,579.46
56493,STARLINK-5841,2024-11-29T01:24:46Z,2024-11-30T03:03:40Z,1247.0,579.46
56495,STARLINK-5529,2024-11-29T00:48:43Z,2024-11-29T08:49:27Z,108.5,579.19
56508,STARLINK-5335,2024-11-27T10:18:32Z,2024-11-28T00:40:07Z,205.8,566.21
56508,STARLINK-5335,2024-11-28T00:40:07Z,2024-11-28T10:14:27Z,-192.1,566.21
56517,STARLINK-5345,2024-11-29T09:33:36Z,2024-11-29T17:32:16Z,208.1,566.25
56517,STARLINK-5345,2024-11-30T01:30:55Z,2024-11-30T09:29:33Z,-151.9,566.25
56521,STARLINK-6333,2024-11-27T10:37:33Z,2024-11-28T00:59:08Z,216.6,566.22
56521,STARLINK-6333,2024-11-28T00:59:08Z,2024-11-28T16:56:21Z,-335.5,566.22
56525,STARLINK-6329,2024-11-28T16:53:12Z,2024-11-29T08:50:27Z,-212.5,566.21
56525,STARLINK-6329,2024-11-29T08:50:27Z,2024-11-30T02:23:29Z,218.1,566.21
56536,STARLINK-6312,2024-11-29T02:03:22Z,2024-11-29T10:01:58Z,-115.9,566.2
56536,STARLINK-6312,2024-11-29T10:01:58Z,2024-11-30T09:57:56Z,169.4,566.2
56539,STARLINK-6135,2024-11-29T01:42:35Z,2024-11-29T09:41:14Z,105.2,566.21
56540,STARLINK-6136,2024-11-27T18:13:37Z,2024-11-28T10:10:51Z,-114.1,566.2
56546,STARLINK-6187,2024-11-26T22:31:19Z,2024-11-27T11:17:09Z,100.8,566.22
56690,STARLINK-30124,2024-11-28T14:24:32Z,2024-11-28T20:47:25Z,249.1,566.21
56690,STARLINK-30124,2024-11-28T20:47:25Z,2024-11-29T03:10:23Z,-174.9,566.21
56699,STARLINK-30127,2024-11-28T04:21:29Z,2024-11-28T13:55:46Z,-107.4,566.21
56700,STARLINK-30053,2024-11-28T07:28:04Z,2024-11-28T13:50:54Z,-144.8,566.22
56700,STARLINK-30053,2024-11-28T13:50:54Z,2024-11-28T20:13:54Z,208.1,566.22
56700,STARLINK-30053,2024-11-29T20:09:48Z,2024-11-30T13:42:47Z,-114.4,566.22
56701,STARLINK-30125,2024-11-29T13:42:06Z,2024-11-30T13:38:03Z,203.6,566.23
56703,STARLINK-30132,2024-11-27T05:46:49Z,2024-11-28T04:06:59Z,-154.0,566.22
56705,STARLINK-30080,2024-11-26T07:12:36Z,2024-11-26T21:34:12Z,103.3,566.18
56705,STARLINK-30080,2024-11-29T21:21:57Z,2024-11-30T03:44:48Z,-125.7,566.18
56706,STARLINK-30079,2024-11-28T21:30:24Z,2024-11-29T03:53:22Z,124.0,566.21
56770,STARLINK-6342,2024-11-26T08:23:36Z,2024-11-26T19:36:35Z,181.2,579.18
56770,STARLINK-6342,2024-11-26T19:36:35Z,2024-11-27T08:25:43Z,122.1,579.18
56773,STARLINK-6296,2024-11-29T10:46:55Z,2024-11-30T10:48:55Z,-101.4,579.2
56774,STARLINK-6190,2024-11-28T19:10:48Z,2024-11-29T01:35:27Z,206.9,579.38
56774,STARLINK-6190,2024-11-29T01:35:27Z,2024-11-29T08:00:10Z,414.2,579.38
56774,STARLINK-6190,2024-11-29T08:00:10Z,2024-11-29T19:13:30Z,685.2,579.38
56774,STARLINK-6190,2024-11-29T19:13:30Z,2024-11-30T00:02:03Z,168.5,579.38
56774,STARLINK-6190,2024-11-30T00:02:03Z,2024-11-30T08:02:56Z,183.0,579.38
56776,STARLINK-6274,2024-11-29T12:53:25Z,2024-11-30T04:54:46Z,-203.5,579.19
56780,STARLINK-5963,2024-11-27T18:08:25Z,2024-11-28T06:57:27Z,-102.5,579.18
56780,STARLINK-5963,2024-11-28T13:21:59Z,2024-11-29T06:59:28Z,357.2,579.18
56780,STARLINK-5963,2024-11-29T13:24:01Z,2024-11-30T13:25:59Z,-382.8,579.18
56780,STARLINK-5963,2024-11-30T13:25:59Z,2024-11-30T16:38:17Z,131.7,579.18
56786,STARLINK-6341,2024-11-28T15:33:37Z,2024-11-29T12:23:21Z,-113.5,579.19
56786,STARLINK-6341,2024-11-29T15:35:37Z,2024-11-30T12:25:24Z,165.5,579.19
56789,STARLINK-6325,2024-11-28T11:38:57Z,2024-11-29T05:16:26Z,-130.8,579.18
56789,STARLINK-6325,2024-11-29T05:16:26Z,2024-11-29T06:52:34Z,139.8,579.18
56795,STARLINK-6061,2024-11-29T05:04:59Z,2024-11-30T11:31:32Z,196.8,579.2
56796,STARLINK-6049,2024-11-26T17:48:08Z,2024-11-27T14:37:52Z,-100.3,579.18
56797,STARLINK-6058,2024-11-30T07:01:18Z,2024-11-30T13:25:54Z,124.9,579.2
56799,STARLINK-5953,2024-11-28T16:58:17Z,2024-11-29T20:13:06Z,847.7,579.19
56799,STARLINK-5953,2024-11-29T20:13:06Z,2024-11-30T04:14:09Z,681.5,579.19
56807,STARLINK-6073,2024-11-29T06:40:52Z,2024-11-30T11:31:19Z,348.6,579.2
56812,STARLINK-6065,2024-11-28T11:39:32Z,2024-11-28T16:27:54Z,-164.9,579.17
56812,STARLINK-6065,2024-11-28T16:27:54Z,2024-11-29T21:18:20Z,122.4,579.17
56813,STARLINK-6056,2024-11-30T07:13:30Z,2024-11-30T13:38:02Z,-116.3,579.19
56814,STARLINK-6059,2024-11-29T17:00:04Z,2024-11-30T15:25:59Z,113.3,579.19
56816,STARLINK-6067,2024-11-27T12:55:22Z,2024-11-28T04:56:43Z,106.8,579.2
56816,STARLINK-6067,2024-11-28T04:56:43Z,2024-11-28T12:57:23Z,-102.7,579.2
56816,STARLINK-6067,2024-11-28T12:57:23Z,2024-11-28T16:09:40Z,104.1,579.2
56816,STARLINK-6067,2024-11-28T16:09:40Z,2024-11-29T04:58:43Z,-120.5,579.2
56817,STARLINK-5982,2024-11-28T13:57:48Z,2024-11-29T07:35:17Z,118.4,579.19
56817,STARLINK-5982,2024-11-29T07:35:17Z,2024-11-29T13:59:49Z,-113.3,579.19
56818,STARLINK-6028,2024-11-26T07:05:13Z,2024-11-26T18:18:08Z,137.8,579.18
56828,STARLINK-30152,2024-11-27T11:20:43Z,2024-11-27T19:19:19Z,-100.6,566.2
56832,STARLINK-30128,2024-11-29T08:56:03Z,2024-11-30T16:50:40Z,147.5,566.2
56836,STARLINK-30142,2024-11-28T03:03:34Z,2024-11-28T11:02:11Z,-188.3,566.21
56836,STARLINK-30142,2024-11-28T20:36:32Z,2024-11-29T02:59:30Z,191.6,566.21
56838,STARLINK-30123,2024-11-27T16:35:56Z,2024-11-27T21:22:55Z,-191.6,563.05
56838,STARLINK-30123,2024-11-27T21:22:55Z,2024-11-28T10:08:15Z,179.6,563.05
56838,STARLINK-30123,2024-11-28T16:30:54Z,2024-11-29T02:04:53Z,-107.1,563.05
56839,STARLINK-30076,2024-11-28T17:15:30Z,2024-11-29T02:49:53Z,105.0,566.21
56840,STARLINK-30073,2024-11-26T10:21:33Z,2024-11-27T09:55:26Z,-121.8,495.14
56840,STARLINK-30073,2024-11-28T15:46:21Z,2024-11-29T09:03:12Z,104.5,495.14
56841,STARLINK-30078,2024-11-27T18:50:33Z,2024-11-28T02:49:11Z,-170.9,566.21
56841,STARLINK-30078,2024-11-28T18:46:26Z,2024-11-29T02:45:04Z,-142.8,566.21
56841,STARLINK-30078,2024-11-29T02:45:04Z,2024-11-29T09:08:01Z,275.6,566.21
56842,STARLINK-30135,2024-11-26T11:53:29Z,2024-11-26T19:52:06Z,-112.3,566.21
56842,STARLINK-30135,2024-11-26T19:52:06Z,2024-11-27T19:48:04Z,108.4,566.21
56876,STARLINK-6206,2024-11-27T09:39:29Z,2024-11-27T16:02:22Z,-123.8,566.23
56876,STARLINK-6206,2024-11-27T16:02:22Z,2024-11-28T01:36:45Z,117.9,566.23
56878,STARLINK-6182,2024-11-29T15:52:37Z,2024-11-30T14:12:49Z,127.4,566.2
56879,STARLINK-5707,2024-11-29T07:49:10Z,2024-11-29T14:12:06Z,104.9,566.21
56880,STARLINK-6177,2024-11-27T15:41:36Z,2024-11-28T01:15:59Z,365.6,566.23
56880,STARLINK-6177,2024-11-28T09:14:39Z,2024-11-28T15:37:34Z,-179.4,566.23
56882,STARLINK-6175,2024-11-29T17:01:11Z,2024-11-30T16:57:08Z,148.3,566.24
56883,STARLINK-6171,2024-11-28T17:19:38Z,2024-11-29T01:18:17Z,-303.2,566.21
56883,STARLINK-6171,2024-11-29T01:18:17Z,2024-11-29T09:16:56Z,343.1,566.21
56885,STARLINK-5095,2024-11-26T20:34:28Z,2024-11-27T17:18:58Z,213.0,566.21
56885,STARLINK-5095,2024-11-27T17:18:58Z,2024-11-27T20:30:23Z,-222.5,566.21
56893,STARLINK-6216,2024-11-27T10:20:52Z,2024-11-27T16:43:50Z,171.9,566.23
56893,STARLINK-6216,2024-11-27T16:43:50Z,2024-11-28T08:41:04Z,-179.6,566.23
56893,STARLINK-6216,2024-11-29T14:59:55Z,2024-11-30T08:32:54Z,-155.0,566.23
56909,STARLINK-5999,2024-11-27T14:31:46Z,2024-11-28T08:04:50Z,143.4,566.2
56909,STARLINK-5999,2024-11-28T14:27:45Z,2024-11-29T08:00:44Z,-230.4,566.2
56909,STARLINK-5999,2024-11-29T15:59:22Z,2024-11-30T06:20:57Z,123.7,566.2
56912,STARLINK-5805,2024-11-28T17:05:39Z,2024-11-29T07:27:12Z,231.8,566.21
56912,STARLINK-5805,2024-11-29T07:27:12Z,2024-11-29T15:25:47Z,-608.4,566.21
56912,STARLINK-5805,2024-11-29T15:25:47Z,2024-11-30T15:21:45Z,356.7,566.21
56913,STARLINK-5950,2024-11-29T14:07:41Z,2024-11-30T14:03:37Z,147.2,566.21
56914,STARLINK-5961,2024-11-27T09:01:29Z,2024-11-28T00:58:44Z,-131.2,566.2
56914,STARLINK-5961,2024-11-28T00:58:44Z,2024-11-28T13:44:35Z,128.1,566.2
56914,STARLINK-5961,2024-11-28T16:56:03Z,2024-11-29T13:40:30Z,-101.3,566.2
56916,STARLINK-5973,2024-11-29T08:43:44Z,2024-11-30T13:26:49Z,-105.3,566.21
56916,STARLINK-5973,2024-11-30T13:26:49Z,2024-11-30T15:02:34Z,101.8,566.21
56922,STARLINK-5937,2024-11-27T14:55:38Z,2024-11-27T16:31:21Z,-104.4,566.21
56923,STARLINK-5952,2024-11-27T08:45:30Z,2024-11-27T15:08:19Z,-216.8,566.22
56923,STARLINK-5952,2024-11-27T15:08:19Z,2024-11-28T00:42:45Z,199.6,566.22
56924,STARLINK-5731,2024-11-28T08:19:04Z,2024-11-28T14:42:00Z,101.7,566.21
56925,STARLINK-5733,2024-11-27T14:50:50Z,2024-11-27T19:37:57Z,-155.7,566.22
56925,STARLINK-5733,2024-11-27T19:37:57Z,2024-11-28T08:23:49Z,114.1,566.22
56927,STARLINK-5808,2024-11-26T13:34:52Z,2024-11-27T02:20:45Z,121.7,566.22
57048,STARLINK-5847,2024-11-28T10:59:07Z,2024-11-28T12:34:13Z,-10989.1,562.4
57048,STARLINK-5847,2024-11-28T12:34:13Z,2024-11-28T22:00:01Z,10545.8,562.4
57051,STARLINK-5839,2024-11-27T17:26:07Z,2024-11-28T10:58:09Z,-2073.5,565.18
57052,STARLINK-5860,2024-11-27T11:08:00Z,2024-11-27T17:30:54Z,-139.2,566.21
57052,STARLINK-5860,2024-11-27T17:30:54Z,2024-11-28T03:05:17Z,145.0,566.21
57053,STARLINK-5865,2024-11-28T10:39:56Z,2024-11-28T18:38:32Z,-127.0,566.17
57053,STARLINK-5865,2024-11-29T02:37:11Z,2024-11-29T10:35:51Z,118.6,566.17
57080,STARLINK-6243,2024-11-26T19:22:18Z,2024-11-27T19:18:12Z,-135.1,566.18
57080,STARLINK-6243,2024-11-27T19:18:12Z,2024-11-28T01:41:11Z,504.8,566.18
57080,STARLINK-6243,2024-11-28T01:41:11Z,2024-11-28T19:14:07Z,-541.6,566.18
57085,STARLINK-6232,2024-11-26T10:50:11Z,2024-11-27T14:00:01Z,-102.8,566.22
57086,STARLINK-6247,2024-11-26T10:54:51Z,2024-11-26T17:17:43Z,-161.6,566.16
57086,STARLINK-6247,2024-11-26T17:17:43Z,2024-11-28T02:48:02Z,285.3,566.16
57086,STARLINK-6247,2024-11-28T15:33:52Z,2024-11-29T10:42:37Z,110.3,566.16
57089,STARLINK-6259,2024-11-28T18:11:46Z,2024-11-29T10:09:02Z,-403.9,566.22
57089,STARLINK-6259,2024-11-29T10:09:02Z,2024-11-29T18:07:39Z,110.7,566.22
57089,STARLINK-6259,2024-11-29T18:07:39Z,2024-11-30T14:52:09Z,259.9,566.22
57094,STARLINK-6235,2024-11-28T02:08:07Z,2024-11-28T10:06:47Z,421.4,566.22
57094,STARLINK-6235,2024-11-28T10:06:47Z,2024-11-28T18:05:26Z,-140.5,566.22
57094,STARLINK-6235,2024-11-28T18:05:26Z,2024-11-29T02:04:02Z,-320.0,566.22
57101,STARLINK-6132,2024-11-27T13:56:45Z,2024-11-27T21:55:24Z,123.7,566.18
57101,STARLINK-6132,2024-11-28T05:54:03Z,2024-11-28T13:52:41Z,-138.2,566.18
57103,STARLINK-6123,2024-11-26T22:00:01Z,2024-11-27T06:00:01Z,-2118.2,425.72
57103,STARLINK-6123,2024-11-27T06:00:01Z,2024-11-27T14:00:01Z,-2335.2,425.72
57103,STARLINK-6123,2024-11-27T14:00:01Z,2024-11-27T20:00:01Z,-1644.0,425.72
57103,STARLINK-6123,2024-11-27T20:00:01Z,2024-11-27T22:00:01Z,-576.9,425.72
57103,STARLINK-6123,2024-11-27T22:00:01Z,2024-11-28T14:00:01Z,-4400.8,425.72
57103,STARLINK-6123,2024-11-28T14:00:01Z,2024-11-28T22:00:01Z,-2255.9,425.72
57103,STARLINK-6123,2024-11-28T22:00:01Z,2024-11-29T14:00:01Z,-4371.3,425.72
57103,STARLINK-6123,2024-11-29T14:00:01Z,2024-11-29T22:00:01Z,-2251.4,425.72
57103,STARLINK-6123,2024-11-29T22:00:01Z,2024-11-30T14:00:01Z,-4363.4,425.72
57107,STARLINK-6131,2024-11-27T14:55:44Z,2024-11-28T03:41:33Z,-165.3,566.21
57107,STARLINK-6131,2024-11-28T03:41:33Z,2024-11-29T03:37:27Z,114.2,566.21
57107,STARLINK-6131,2024-11-29T03:37:27Z,2024-11-29T21:10:29Z,147.4,566.21
57107,STARLINK-6131,2024-11-30T06:44:55Z,2024-11-30T13:07:46Z,-152.9,566.21
57108,STARLINK-6099,2024-11-29T03:59:50Z,2024-11-29T13:34:11Z,137.9,566.22
57108,STARLINK-6099,2024-11-29T13:34:11Z,2024-11-30T03:55:45Z,-148.7,566.22
57110,STARLINK-6134,2024-11-28T04:05:30Z,2024-11-28T05:41:15Z,157.7,566.21
57110,STARLINK-6134,2024-11-28T13:39:53Z,2024-11-29T04:01:27Z,188.9,566.21
57110,STARLINK-6134,2024-11-29T04:01:27Z,2024-11-29T13:35:48Z,-135.4,566.21
57114,STARLINK-6125,2024-11-27T05:14:57Z,2024-11-28T03:35:08Z,-109.9,566.22
57118,STARLINK-6151,2024-11-29T22:35:00Z,2024-11-30T04:57:58Z,371.7,566.22
57120,STARLINK-6147,2024-11-27T14:39:44Z,2024-11-27T21:02:37Z,111.3,566.23
57120,STARLINK-6147,2024-11-27T21:02:37Z,2024-11-27T22:38:22Z,-121.5,566.23
57124,STARLINK-6146,2024-11-27T14:22:09Z,2024-11-28T04:43:39Z,577.0,566.21
57124,STARLINK-6146,2024-11-28T04:43:39Z,2024-11-28T14:18:06Z,-207.3,566.21
57124,STARLINK-6146,2024-11-28T14:18:06Z,2024-11-28T23:52:27Z,-358.8,566.21
57128,STARLINK-6163,2024-11-27T06:17:07Z,2024-11-27T14:15:45Z,625.1,566.24
57128,STARLINK-6163,2024-11-27T14:15:45Z,2024-11-28T06:13:01Z,-708.3,566.24
57128,STARLINK-6163,2024-11-28T06:13:01Z,2024-11-28T14:11:43Z,186.1,566.24
57146,STARLINK-5791,2024-11-28T13:11:28Z,2024-11-29T03:33:02Z,167.7,566.24
57149,STARLINK-5778,2024-11-28T11:39:40Z,2024-11-28T19:38:18Z,-585.4,566.23
57149,STARLINK-5778,2024-11-28T19:38:18Z,2024-11-29T11:35:37Z,646.1,566.23
57150,STARLINK-5780,2024-11-28T13:06:38Z,2024-11-29T03:28:15Z,145.2,566.22
57154,STARLINK-6106,2024-11-29T03:18:39Z,2024-11-30T12:48:59Z,251.8,566.21
57155,STARLINK-6108,2024-11-28T12:36:22Z,2024-11-29T02:57:53Z,-128.6,566.21
57155,STARLINK-6108,2024-11-29T12:32:13Z,2024-11-30T04:29:31Z,102.4,566.21
57220,STARLINK-5880,2024-11-28T12:24:28Z,2024-11-29T10:44:39Z,-180.5,566.22
57220,STARLINK-5880,2024-11-29T10:44:39Z,2024-11-29T13:56:08Z,205.3,566.22
57224,STARLINK-5983,2024-11-26T06:14:29Z,2024-11-26T15:48:54Z,325.0,566.22
57224,STARLINK-5983,2024-11-26T15:48:54Z,2024-11-27T12:33:20Z,-315.2,566.22
57229,STARLINK-6233,2024-11-27T13:57:53Z,2024-11-28T12:18:05Z,132.9,566.23
57230,STARLINK-6250,2024-11-27T12:04:31Z,2024-11-27T13:40:16Z,297.5,566.22
57230,STARLINK-6250,2024-11-27T13:40:16Z,2024-11-28T12:00:28Z,-407.1,566.22
57230,STARLINK-6250,2024-11-28T12:00:28Z,2024-11-28T13:36:14Z,303.2,566.22
57230,STARLINK-6250,2024-11-28T13:36:14Z,2024-11-29T11:56:25Z,-178.8,566.22
57233,STARLINK-5866,2024-11-27T14:52:03Z,2024-11-28T11:36:32Z,-212.2,566.22
57233,STARLINK-5866,2024-11-28T11:36:32Z,2024-11-29T11:32:26Z,200.8,566.22
57236,STARLINK-6315,2024-11-27T11:36:20Z,2024-11-27T14:47:46Z,-105.7,566.22
57236,STARLINK-6315,2024-11-27T14:47:46Z,2024-11-28T11:32:16Z,137.1,566.22
57238,STARLINK-6334,2024-11-26T13:05:01Z,2024-11-27T11:25:09Z,-158.8,566.2
57238,STARLINK-6334,2024-11-28T11:21:04Z,2024-11-29T03:18:20Z,-122.6,566.2
57241,STARLINK-6349,2024-11-29T12:59:07Z,2024-11-30T03:20:41Z,322.6,566.22
57241,STARLINK-6349,2024-11-30T03:20:41Z,2024-11-30T09:43:35Z,-345.3,566.22
57253,STARLINK-5516,2024-11-28T10:52:18Z,2024-11-29T10:48:13Z,-138.1,566.2
57254,STARLINK-5490,2024-11-26T16:56:20Z,2024-11-27T05:42:01Z,-367.8,566.2
57255,STARLINK-5481,2024-11-26T12:12:13Z,2024-11-27T05:45:17Z,981.2,566.18
57255,STARLINK-5481,2024-11-27T05:45:17Z,2024-11-27T13:43:51Z,-984.7,566.18
57258,STARLINK-5476,2024-11-28T13:31:46Z,2024-11-29T10:16:17Z,210.2,566.22
57261,STARLINK-5485,2024-11-26T13:29:58Z,2024-11-27T11:50:11Z,154.3,566.23
57294,STARLINK-30235,2024-11-29T09:39:39Z,2024-11-30T09:35:36Z,120.8,566.23
57296,STARLINK-30238,2024-11-29T17:33:30Z,2024-11-30T01:32:09Z,101.2,566.22
57296,STARLINK-30238,2024-11-30T01:32:09Z,2024-11-30T09:30:46Z,-117.7,566.22
57297,STARLINK-30234,2024-11-27T11:03:16Z,2024-11-28T10:55:35Z,-209.5,554.35
57297,STARLINK-30234,2024-11-28T10:55:35Z,2024-11-29T02:50:25Z,-161.4,554.35
57297,STARLINK-30234,2024-11-29T10:47:50Z,2024-11-30T02:42:37Z,-125.2,554.35
57298,STARLINK-30241,2024-11-29T18:26:03Z,2024-11-29T23:13:14Z,235.1,566.23
57298,STARLINK-30241,2024-11-29T23:13:14Z,2024-11-30T10:23:21Z,-129.9,566.23
57300,STARLINK-30236,2024-11-26T19:07:04Z,2024-11-27T11:04:22Z,-109.6,566.23
57309,STARLINK-30163,2024-11-29T01:35:03Z,2024-11-29T17:31:09Z,-119.1,560.47
57328,STARLINK-6290,2024-11-27T13:20:56Z,2024-11-28T02:06:40Z,-103.7,566.21
57330,STARLINK-6212,2024-11-29T22:42:16Z,2024-11-30T11:28:03Z,-181.7,566.22
57333,STARLINK-5585,2024-11-26T22:48:06Z,2024-11-27T13:09:39Z,-123.9,566.22
57341,STARLINK-6377,2024-11-26T22:19:18Z,2024-11-27T04:42:21Z,328.1,566.23
57341,STARLINK-6377,2024-11-27T04:42:21Z,2024-11-27T12:40:54Z,-203.6,566.23
57347,STARLINK-6378,2024-11-26T07:33:47Z,2024-11-26T20:19:38Z,106.5,566.2
57349,STARLINK-6376,2024-11-29T03:47:44Z,2024-11-29T19:44:54Z,-321.1,566.21
57352,STARLINK-6297,2024-11-27T19:52:07Z,2024-11-28T03:50:44Z,-166.6,566.21
57352,STARLINK-6297,2024-11-28T03:50:44Z,2024-11-29T11:45:19Z,132.9,566.21
57360,STARLINK-6348,2024-11-29T17:36:16Z,2024-11-30T01:34:55Z,117.5,566.21
57360,STARLINK-6348,2024-11-30T01:34:55Z,2024-11-30T11:09:17Z,-112.2,566.21
57363,STARLINK-6356,2024-11-27T11:26:18Z,2024-11-28T01:47:54Z,329.1,566.22
57363,STARLINK-6356,2024-11-28T01:47:54Z,2024-11-28T11:22:14Z,-330.6,566.22
57380,STARLINK-6366,2024-11-29T09:22:22Z,2024-11-29T17:21:02Z,198.6,566.23
57380,STARLINK-6366,2024-11-29T17:21:02Z,2024-11-30T01:19:40Z,-177.9,566.23
57407,STARLINK-30207,2024-11-27T20:14:19Z,2024-11-28T18:34:30Z,116.4,566.21
57408,STARLINK-30205,2024-11-28T12:44:47Z,2024-11-29T19:03:35Z,-135.0,566.23
57408,STARLINK-30205,2024-11-29T19:03:35Z,2024-11-30T11:00:53Z,126.3,566.23
57409,STARLINK-30222,2024-11-27T12:34:28Z,2024-11-28T12:30:23Z,-109.0,566.22
57409,STARLINK-30222,2024-11-28T12:30:23Z,2024-11-29T02:51:57Z,106.2,566.22
57411,STARLINK-30214,2024-11-29T02:18:21Z,2024-11-29T11:52:47Z,127.3,566.22
57411,STARLINK-30214,2024-11-30T03:50:03Z,2024-11-30T11:48:39Z,-100.3,566.22
57414,STARLINK-30193,2024-11-27T20:28:22Z,2024-11-28T02:51:15Z,-116.2,566.23
57414,STARLINK-30193,2024-11-29T02:47:08Z,2024-11-29T20:20:11Z,153.8,566.23
57415,STARLINK-30208,2024-11-27T12:20:05Z,2024-11-28T02:41:41Z,485.7,566.22
57415,STARLINK-30208,2024-11-28T05:53:10Z,2024-11-28T12:16:00Z,-553.5,566.22
57431,STARLINK-30170,2024-11-29T12:45:09Z,2024-11-30T04:42:22Z,-115.4,566.21
57431,STARLINK-30170,2024-11-30T04:42:22Z,2024-11-30T12:41:04Z,152.9,566.21
57432,STARLINK-30188,2024-11-28T12:44:28Z,2024-11-28T20:43:04Z,-616.9,566.21
57432,STARLINK-30188,2024-11-28T20:43:04Z,2024-11-29T03:06:01Z,574.2,566.21
57433,STARLINK-30105,2024-11-27T14:16:37Z,2024-11-28T12:03:34Z,110.5,451.18
57433,STARLINK-30105,2024-11-28T12:03:34Z,2024-11-28T13:36:54Z,-125.4,451.18
57436,STARLINK-30183,2024-11-27T21:50:13Z,2024-11-28T13:47:10Z,-114.4,564.71
57436,STARLINK-30183,2024-11-28T20:09:56Z,2024-11-29T04:08:24Z,-105.9,564.71
57436,STARLINK-30183,2024-11-29T04:08:24Z,2024-11-30T12:02:08Z,-338.3,564.71
57438,STARLINK-30158,2024-11-29T12:21:10Z,2024-11-30T12:17:06Z,118.1,566.22
57439,STARLINK-30173,2024-11-27T12:58:22Z,2024-11-28T03:19:54Z,-156.2,566.22
57439,STARLINK-30173,2024-11-28T03:19:54Z,2024-11-28T12:54:17Z,143.9,566.22
57440,STARLINK-30159,2024-11-26T23:33:55Z,2024-11-27T05:56:47Z,494.7,566.22
57440,STARLINK-30159,2024-11-27T05:56:47Z,2024-11-27T13:55:28Z,-568.5,566.22
57451,STARLINK-30216,2024-11-27T05:04:05Z,2024-11-27T13:02:42Z,-268.0,566.22
57451,STARLINK-30216,2024-11-27T13:02:42Z,2024-11-28T03:24:17Z,259.5,566.22
57462,STARLINK-30088,2024-11-27T02:14:17Z,2024-11-27T08:37:10Z,-200.9,566.24
57462,STARLINK-30088,2024-11-27T08:37:10Z,2024-11-28T02:10:11Z,126.6,566.24
57463,STARLINK-30091,2024-11-28T17:57:58Z,2024-11-29T01:56:34Z,-141.8,566.22
57464,STARLINK-30115,2024-11-27T08:56:04Z,2024-11-28T08:44:37Z,-222.7,542.34
57464,STARLINK-30115,2024-11-29T00:36:57Z,2024-11-30T02:00:38Z,-232.2,542.34
57470,STARLINK-30186,2024-11-26T11:24:00Z,2024-11-27T01:45:32Z,-1308.1,566.19
57470,STARLINK-30186,2024-11-27T01:45:32Z,2024-11-28T01:41:25Z,1229.8,566.19
57470,STARLINK-30186,2024-11-28T08:04:20Z,2024-11-28T17:38:40Z,-137.0,566.19
57470,STARLINK-30186,2024-11-28T17:38:40Z,2024-11-29T11:11:45Z,109.8,566.19
57474,STARLINK-30110,2024-11-26T10:38:57Z,2024-11-27T08:55:03Z,-177.9,551.7
57474,STARLINK-30110,2024-11-27T08:55:03Z,2024-11-28T08:46:31Z,-206.4,551.7
57474,STARLINK-30110,2024-11-28T08:46:31Z,2024-11-29T02:16:13Z,-145.8,551.7
57474,STARLINK-30110,2024-11-29T02:16:13Z,2024-11-29T18:10:27Z,-143.2,551.7
57474,STARLINK-30110,2024-11-29T18:10:27Z,2024-11-30T08:29:15Z,-124.3,551.7
57495,STARLINK-30154,2024-11-28T11:09:53Z,2024-11-29T03:07:07Z,-112.4,566.23
57495,STARLINK-30154,2024-11-29T03:07:07Z,2024-11-29T11:05:49Z,145.3,566.23
57496,STARLINK-30145,2024-11-28T04:23:00Z,2024-11-28T12:21:44Z,217.7,566.21
57496,STARLINK-30145,2024-11-28T12:21:44Z,2024-11-29T10:41:50Z,-243.2,566.21
57497,STARLINK-30226,2024-11-28T12:16:51Z,2024-11-29T10:37:01Z,-229.2,566.21
57497,STARLINK-30226,2024-11-29T10:37:01Z,2024-11-30T10:32:58Z,173.5,566.21
57501,STARLINK-30072,2024-11-26T13:22:21Z,2024-11-27T13:18:19Z,200.6,566.22
57501,STARLINK-30072,2024-11-27T13:18:19Z,2024-11-28T05:15:34Z,-110.6,566.22
57502,STARLINK-30228,2024-11-27T12:02:21Z,2024-11-28T10:21:02Z,-458.8,560.91
57502,STARLINK-30228,2024-11-28T10:21:02Z,2024-11-29T10:15:16Z,-220.0,560.91
57502,STARLINK-30228,2024-11-29T10:15:16Z,2024-11-30T11:45:03Z,-243.8,560.91
57503,STARLINK-30230,2024-11-28T13:28:36Z,2024-11-29T13:24:34Z,120.3,566.23
57503,STARLINK-30230,2024-11-29T13:24:34Z,2024-11-30T11:44:43Z,-120.8,566.23
57504,STARLINK-30213,2024-11-27T11:37:56Z,2024-11-28T13:09:37Z,106.5,566.22
57506,STARLINK-30212,2024-11-26T13:12:57Z,2024-11-27T13:08:57Z,166.5,566.22
57506,STARLINK-30212,2024-11-27T13:08:57Z,2024-11-27T14:44:37Z,-156.6,566.22
57507,STARLINK-30219,2024-11-27T13:04:06Z,2024-11-28T01:49:57Z,469.8,566.28
57507,STARLINK-30219,2024-11-28T01:49:57Z,2024-11-28T11:24:17Z,-534.3,566.28
57511,STARLINK-30147,2024-11-26T06:35:39Z,2024-11-26T12:58:32Z,-237.2,566.23
57511,STARLINK-30147,2024-11-26T12:58:32Z,2024-11-27T12:54:30Z,276.1,566.23
57513,STARLINK-30168,2024-11-26T16:14:45Z,2024-11-27T03:24:52Z,211.2,566.16
57513,STARLINK-30168,2024-11-27T03:24:52Z,2024-11-27T12:59:15Z,115.9,566.16
57513,STARLINK-30168,2024-11-27T16:10:43Z,2024-11-28T12:55:12Z,-162.6,566.16
57515,STARLINK-30081,2024-11-26T15:31:38Z,2024-11-27T05:53:13Z,141.8,566.21
57515,STARLINK-30081,2024-11-27T15:27:36Z,2024-11-28T10:36:17Z,-181.5,566.21
57515,STARLINK-30081,2024-11-28T10:36:17Z,2024-11-28T15:23:30Z,120.9,566.21
57521,STARLINK-30259,2024-11-27T15:13:43Z,2024-11-28T11:58:10Z,-203.4,566.23
57521,STARLINK-30259,2024-11-28T11:58:10Z,2024-11-28T15:09:39Z,220.9,566.23
57524,STARLINK-30260,2024-11-28T11:43:47Z,2024-11-29T11:39:43Z,-175.0,566.16
57524,STARLINK-30260,2024-11-29T11:39:43Z,2024-11-30T03:37:00Z,237.7,566.16
57529,STARLINK-30266,2024-11-26T10:59:12Z,2024-11-27T12:30:52Z,121.1,566.21
57531,STARLINK-30268,2024-11-27T12:59:39Z,2024-11-28T09:44:04Z,-251.6,566.22
57531,STARLINK-30268,2024-11-28T09:44:04Z,2024-11-29T03:17:06Z,204.1,566.22
57533,STARLINK-30254,2024-11-27T22:37:14Z,2024-11-28T09:37:02Z,-133.9,495.18
57533,STARLINK-30254,2024-11-28T17:28:18Z,2024-11-28T23:45:22Z,271.9,495.18
57534,STARLINK-30264,2024-11-27T23:10:26Z,2024-11-28T16:27:16Z,-144.7,495.18
57534,STARLINK-30264,2024-11-28T16:27:16Z,2024-11-29T16:01:14Z,183.8,495.18
57535,STARLINK-30262,2024-11-29T14:59:27Z,2024-11-30T09:39:37Z,-129.3,451.16
57602,STARLINK-30166,2024-11-28T15:02:26Z,2024-11-29T18:09:47Z,-129.4,566.21
57609,STARLINK-30174,2024-11-27T15:54:17Z,2024-11-28T01:28:35Z,-574.3,566.21
57609,STARLINK-30174,2024-11-28T01:28:35Z,2024-11-28T07:51:34Z,626.3,566.21
57613,STARLINK-30041,2024-11-27T15:39:53Z,2024-11-28T07:37:11Z,102.1,566.27
57620,STARLINK-30141,2024-11-27T15:00:07Z,2024-11-28T08:33:10Z,543.0,566.2
57620,STARLINK-30141,2024-11-28T08:33:10Z,2024-11-28T18:07:25Z,-706.2,566.2
57620,STARLINK-30141,2024-11-28T18:07:25Z,2024-11-29T08:29:04Z,191.8,566.2
57620,STARLINK-30141,2024-11-29T16:27:42Z,2024-11-30T08:24:57Z,-122.6,566.2
57623,STARLINK-30100,2024-11-27T08:29:12Z,2024-11-28T02:02:09Z,-111.2,566.2
57623,STARLINK-30100,2024-11-28T02:02:09Z,2024-11-28T10:00:50Z,110.1,566.2
57623,STARLINK-30100,2024-11-28T14:48:02Z,2024-11-29T08:21:00Z,-555.0,566.2
57623,STARLINK-30100,2024-11-29T08:21:00Z,2024-11-29T16:19:38Z,184.0,566.2
57623,STARLINK-30100,2024-11-29T16:19:38Z,2024-11-30T14:39:52Z,376.5,566.2
57632,STARLINK-30309,2024-11-29T15:41:04Z,2024-11-30T07:38:17Z,-248.6,566.21
57634,STARLINK-30323,2024-11-27T09:13:46Z,2024-11-27T18:48:05Z,-106.0,566.2
57634,STARLINK-30323,2024-11-28T01:11:01Z,2024-11-28T09:09:43Z,114.2,566.2
57635,STARLINK-30329,2024-11-28T02:49:44Z,2024-11-28T18:46:59Z,-111.2,566.2
57639,STARLINK-30326,2024-11-27T17:43:57Z,2024-11-28T01:42:37Z,-124.6,566.19
57639,STARLINK-30326,2024-11-29T17:35:45Z,2024-11-30T09:33:08Z,209.6,566.19
57642,STARLINK-30263,2024-11-27T18:12:44Z,2024-11-28T02:11:23Z,-314.0,566.2
57642,STARLINK-30263,2024-11-28T18:08:37Z,2024-11-29T02:07:17Z,234.6,566.2
57645,STARLINK-30277,2024-11-28T06:49:27Z,2024-11-28T13:06:32Z,119.1,495.23
57645,STARLINK-30277,2024-11-29T06:23:21Z,2024-11-29T14:14:42Z,131.2,495.23
57647,STARLINK-30286,2024-11-26T19:33:22Z,2024-11-27T09:54:54Z,-157.9,566.21
57647,STARLINK-30286,2024-11-27T09:54:54Z,2024-11-27T17:53:36Z,468.2,566.21
57647,STARLINK-30286,2024-11-27T17:53:36Z,2024-11-27T21:04:59Z,-430.7,566.21
57647,STARLINK-30286,2024-11-27T21:04:59Z,2024-11-28T01:52:11Z,123.3,566.21
57651,STARLINK-30294,2024-11-29T01:34:06Z,2024-11-29T19:07:09Z,214.3,566.19
57653,STARLINK-30289,2024-11-27T17:44:22Z,2024-11-28T01:42:58Z,-257.3,566.2
57653,STARLINK-30289,2024-11-28T01:42:58Z,2024-11-28T09:41:39Z,284.2,566.2
57653,STARLINK-30289,2024-11-28T17:40:18Z,2024-11-29T16:00:28Z,-170.5,566.2
57653,STARLINK-30289,2024-11-29T16:00:28Z,2024-11-30T14:20:41Z,117.9,566.2
57663,STARLINK-30267,2024-11-26T16:52:12Z,2024-11-26T23:08:29Z,161.7,482.39
57663,STARLINK-30267,2024-11-26T23:08:29Z,2024-11-27T10:06:50Z,-102.7,482.39
57663,STARLINK-30267,2024-11-29T09:08:26Z,2024-11-30T00:48:57Z,-103.0,482.39
57664,STARLINK-30302,2024-11-26T12:00:01Z,2024-11-26T20:00:02Z,-291.0,447.71
57664,STARLINK-30302,2024-11-26T22:00:01Z,2024-11-27T14:00:01Z,-278.8,447.71
57664,STARLINK-30302,2024-11-27T14:00:01Z,2024-11-27T20:00:01Z,-229.9,447.71
57664,STARLINK-30302,2024-11-27T22:00:01Z,2024-11-28T12:00:01Z,-221.8,447.71
57664,STARLINK-30302,2024-11-28T14:00:01Z,2024-11-28T20:00:01Z,-228.5,447.71
57664,STARLINK-30302,2024-11-28T22:00:01Z,2024-11-29T02:04:37Z,398.2,447.71
57664,STARLINK-30302,2024-11-29T02:04:37Z,2024-11-29T16:04:36Z,-306.4,447.71
57664,STARLINK-30302,2024-11-29T16:04:36Z,2024-11-29T23:51:13Z,-141.1,447.71
57664,STARLINK-30302,2024-11-29T23:51:13Z,2024-11-30T15:24:27Z,-297.9,447.71
57667,STARLINK-30275,2024-11-26T17:27:04Z,2024-11-27T02:50:18Z,2022.7,482.34
57667,STARLINK-30275,2024-11-27T02:50:18Z,2024-11-27T14:00:01Z,6357.5,482.34
57667,STARLINK-30275,2024-11-27T14:00:01Z,2024-11-27T22:00:01Z,2493.5,482.34
57667,STARLINK-30275,2024-11-27T22:00:01Z,2024-11-28T04:00:01Z,2100.9,482.34
57667,STARLINK-30275,2024-11-28T04:00:01Z,2024-11-28T12:00:01Z,3097.0,482.34
57667,STARLINK-30275,2024-11-28T12:00:01Z,2024-11-28T14:00:01Z,144.6,482.34
57667,STARLINK-30275,2024-11-28T14:00:01Z,2024-11-28T22:00:01Z,-147.1,482.34
57667,STARLINK-30275,2024-11-28T22:00:01Z,2024-11-29T04:00:02Z,132.5,482.34
57667,STARLINK-30275,2024-11-29T04:00:02Z,2024-11-29T12:00:01Z,-109.5,482.34
57668,STARLINK-30278,2024-11-27T02:20:44Z,2024-11-27T10:09:45Z,-104.9,470.39
57669,STARLINK-30271,2024-11-26T22:00:01Z,2024-11-27T14:00:01Z,157.9,482.36
57669,STARLINK-30271,2024-11-27T14:00:01Z,2024-11-27T20:00:01Z,-157.9,482.36
57669,STARLINK-30271,2024-11-27T22:00:01Z,2024-11-28T08:46:02Z,143.0,482.36
57670,STARLINK-30322,2024-11-26T12:00:01Z,2024-11-26T20:00:02Z,181.2,470.34
57670,STARLINK-30322,2024-11-27T04:00:01Z,2024-11-27T12:00:02Z,-209.1,470.34
57670,STARLINK-30322,2024-11-27T14:00:01Z,2024-11-27T22:00:01Z,-110.4,470.34
57670,STARLINK-30322,2024-11-27T22:00:01Z,2024-11-28T14:00:01Z,195.7,470.34
57670,STARLINK-30322,2024-11-28T14:00:01Z,2024-11-28T20:00:01Z,-196.7,470.34
57670,STARLINK-30322,2024-11-28T22:00:01Z,2024-11-29T02:35:25Z,152.5,470.34
57670,STARLINK-30322,2024-11-29T08:50:38Z,2024-11-30T08:17:44Z,-154.1,470.34
57671,STARLINK-30296,2024-11-29T09:12:58Z,2024-11-29T23:19:27Z,191.4,482.41
57671,STARLINK-30296,2024-11-30T08:43:48Z,2024-11-30T14:59:57Z,-293.9,482.41
57672,STARLINK-30274,2024-11-30T01:01:46Z,2024-11-30T08:50:46Z,-108.0,470.37
57674,STARLINK-30314,2024-11-27T02:29:15Z,2024-11-27T16:22:41Z,-404.4,411.49
57674,STARLINK-30314,2024-11-27T16:22:41Z,2024-11-28T01:38:17Z,-255.4,411.49
57674,STARLINK-30314,2024-11-28T01:38:17Z,2024-11-28T23:14:33Z,-560.0,411.49
57674,STARLINK-30314,2024-11-28T23:14:33Z,2024-11-29T08:30:03Z,-234.4,411.49
57674,STARLINK-30314,2024-11-29T08:30:03Z,2024-11-29T22:23:14Z,-378.3,411.49
57676,STARLINK-30313,2024-11-26T17:10:54Z,2024-11-26T23:26:10Z,148.6,470.37
57678,STARLINK-30320,2024-11-28T02:27:42Z,2024-11-28T19:39:30Z,-134.3,470.22
57678,STARLINK-30320,2024-11-29T01:54:41Z,2024-11-29T22:14:02Z,-167.7,470.22
57678,STARLINK-30320,2024-11-29T22:14:02Z,2024-11-30T12:00:01Z,-1690.0,470.22
57678,STARLINK-30320,2024-11-30T12:00:01Z,2024-11-30T14:00:01Z,-206.7,470.22
57678,STARLINK-30320,2024-11-30T14:00:01Z,2024-11-30T16:00:01Z,615.1,470.22
57679,STARLINK-30321,2024-11-26T16:51:22Z,2024-11-26T23:06:40Z,156.8,470.4
57680,STARLINK-30283,2024-11-27T02:11:59Z,2024-11-27T10:02:14Z,-134.7,482.35
57680,STARLINK-30283,2024-11-28T01:42:46Z,2024-11-28T15:49:16Z,132.5,482.35
57680,STARLINK-30283,2024-11-29T09:03:50Z,2024-11-29T23:10:15Z,-111.8,482.35
57680,STARLINK-30283,2024-11-29T23:10:15Z,2024-11-30T08:34:39Z,196.6,482.35
57681,STARLINK-30273,2024-11-26T09:42:16Z,2024-11-26T17:31:14Z,-245.7,470.36
57681,STARLINK-30273,2024-11-26T17:31:14Z,2024-11-26T22:12:44Z,280.8,470.36
57681,STARLINK-30273,2024-11-27T16:58:25Z,2024-11-27T23:13:34Z,-202.0,470.36
57681,STARLINK-30273,2024-11-27T23:13:34Z,2024-11-28T22:40:41Z,109.9,470.36
57681,STARLINK-30273,2024-11-29T22:07:47Z,2024-11-30T01:15:23Z,-118.0,470.36
57681,STARLINK-30273,2024-11-30T01:15:23Z,2024-11-30T09:04:25Z,102.0,470.36
57699,STARLINK-30347,2024-11-28T10:33:43Z,2024-11-28T20:08:01Z,-161.2,566.21
57702,STARLINK-30333,2024-11-26T20:06:06Z,2024-11-27T10:27:42Z,221.4,566.23
57703,STARLINK-30336,2024-11-27T20:06:53Z,2024-11-28T04:05:35Z,107.5,566.2
57704,STARLINK-30346,2024-11-28T18:12:41Z,2024-11-29T03:46:58Z,-160.7,566.22
57704,STARLINK-30346,2024-11-29T03:46:58Z,2024-11-29T11:45:38Z,100.2,566.22
57710,STARLINK-30335,2024-11-26T19:46:58Z,2024-11-27T11:44:15Z,-112.8,566.21
57710,STARLINK-30335,2024-11-27T11:44:15Z,2024-11-27T19:42:57Z,417.7,566.21
57710,STARLINK-30335,2024-11-27T19:42:57Z,2024-11-28T03:41:32Z,-313.1,566.21
57713,STARLINK-30349,2024-11-28T19:14:51Z,2024-11-29T03:13:32Z,221.3,566.22
57713,STARLINK-30349,2024-11-29T03:13:32Z,2024-11-29T11:12:10Z,-199.2,566.22
57719,STARLINK-30334,2024-11-27T17:38:24Z,2024-11-28T11:11:24Z,-152.0,566.2
57719,STARLINK-30334,2024-11-28T11:11:24Z,2024-11-28T19:10:04Z,312.9,566.2
57719,STARLINK-30334,2024-11-28T19:10:04Z,2024-11-29T03:08:37Z,-287.9,566.2
57719,STARLINK-30334,2024-11-29T03:08:37Z,2024-11-29T11:07:18Z,119.3,566.2
57732,STARLINK-30375,2024-11-27T13:37:58Z,2024-11-28T13:33:54Z,103.4,566.14
57732,STARLINK-30375,2024-11-29T21:28:29Z,2024-11-30T05:27:01Z,-161.5,566.14
57735,STARLINK-30371,2024-11-28T07:50:24Z,2024-11-30T06:06:25Z,-133.5,566.21
57738,STARLINK-30351,2024-11-28T00:39:45Z,2024-11-28T07:02:37Z,-153.2,566.23
57738,STARLINK-30351,2024-11-30T06:54:29Z,2024-11-30T14:53:05Z,-151.4,566.23
57740,STARLINK-30331,2024-11-26T21:22:45Z,2024-11-26T22:58:28Z,167.4,566.21
57740,STARLINK-30331,2024-11-26T22:58:28Z,2024-11-27T14:55:45Z,-206.7,566.21
57741,STARLINK-30364,2024-11-29T06:34:30Z,2024-11-30T00:07:34Z,104.3,566.21
57742,STARLINK-30308,2024-11-27T15:00:31Z,2024-11-27T22:59:09Z,-133.0,566.2
57742,STARLINK-30308,2024-11-28T06:57:46Z,2024-11-28T16:32:09Z,120.4,566.2
57742,STARLINK-30308,2024-11-30T06:49:38Z,2024-11-30T14:48:11Z,-361.5,566.2
57745,STARLINK-30362,2024-11-27T00:10:11Z,2024-11-27T08:08:42Z,-757.8,566.23
57745,STARLINK-30362,2024-11-27T08:08:42Z,2024-11-27T19:18:54Z,702.8,566.23
57745,STARLINK-30362,2024-11-28T00:06:05Z,2024-11-29T00:02:02Z,105.4,566.23
57749,STARLINK-30366,2024-11-27T07:30:29Z,2024-11-28T07:26:23Z,-123.9,566.26
57750,STARLINK-30357,2024-11-26T23:46:14Z,2024-11-27T07:44:50Z,-161.3,566.2
57750,STARLINK-30357,2024-11-27T07:44:50Z,2024-11-27T23:42:08Z,111.4,566.2
57753,STARLINK-30343,2024-11-27T15:48:21Z,2024-11-27T23:46:58Z,-100.3,566.19
57771,STARLINK-30397,2024-11-26T09:33:37Z,2024-11-26T17:32:14Z,-103.9,566.21
57771,STARLINK-30397,2024-11-27T01:30:52Z,2024-11-27T09:29:28Z,388.2,566.21
57771,STARLINK-30397,2024-11-27T09:29:28Z,2024-11-28T09:25:28Z,-108.4,566.21
57771,STARLINK-30397,2024-11-28T09:25:28Z,2024-11-29T15:44:15Z,-285.4,566.21
57779,STARLINK-30359,2024-11-27T01:21:42Z,2024-11-27T22:06:10Z,-129.3,566.19
57782,STARLINK-30376,2024-11-27T00:28:31Z,2024-11-27T10:02:51Z,-104.9,566.2
57782,STARLINK-30376,2024-11-27T10:02:51Z,2024-11-28T00:24:27Z,138.1,566.2
57784,STARLINK-30388,2024-11-26T08:00:01Z,2024-11-26T18:20:00Z,157.4,566.21
57786,STARLINK-30382,2024-11-26T18:15:11Z,2024-11-26T23:02:22Z,104.1,566.2
57789,STARLINK-30372,2024-11-26T09:11:27Z,2024-11-27T00:53:12Z,-177.3,490.82
57789,STARLINK-30372,2024-11-27T00:53:12Z,2024-11-27T08:44:05Z,-112.3,490.82
57789,STARLINK-30372,2024-11-27T08:44:05Z,2024-11-28T00:25:46Z,-179.2,490.82
57789,STARLINK-30372,2024-11-28T00:25:46Z,2024-11-29T01:32:26Z,-302.4,490.82
57789,STARLINK-30372,2024-11-29T07:49:05Z,2024-11-30T07:21:31Z,-170.4,490.82
57791,STARLINK-30367,2024-11-26T09:57:21Z,2024-11-27T09:53:18Z,112.6,566.21
57812,STARLINK-30395,2024-11-27T03:38:53Z,2024-11-27T11:37:30Z,-259.1,566.23
57812,STARLINK-30395,2024-11-27T11:37:30Z,2024-11-27T19:36:09Z,124.1,566.23
57813,STARLINK-30403,2024-11-26T19:35:25Z,2024-11-27T03:34:02Z,-236.0,566.22
57813,STARLINK-30403,2024-11-27T03:34:02Z,2024-11-27T11:32:42Z,261.7,566.22
57814,STARLINK-30413,2024-11-28T01:25:29Z,2024-11-28T10:59:52Z,111.0,566.23
57821,STARLINK-30415,2024-11-29T02:49:09Z,2024-11-29T10:47:50Z,105.5,566.23
57825,STARLINK-30377,2024-11-26T23:20:15Z,2024-11-27T12:06:07Z,127.5,566.2
57826,STARLINK-30422,2024-11-27T12:10:55Z,2024-11-27T18:33:49Z,196.0,566.23
57826,STARLINK-30422,2024-11-27T18:33:49Z,2024-11-28T04:08:10Z,-247.9,566.23
57827,STARLINK-30402,2024-11-30T02:30:42Z,2024-11-30T10:29:21Z,-100.3,566.21
57840,STARLINK-30285,2024-11-29T21:12:19Z,2024-11-29T22:46:24Z,105.0,482.36
57844,STARLINK-30292,2024-11-26T22:15:48Z,2024-11-27T06:00:01Z,7283.9,480.99
57844,STARLINK-30292,2024-11-27T06:00:01Z,2024-11-27T14:00:01Z,-2823.3,480.99
57844,STARLINK-30292,2024-11-27T14:00:01Z,2024-11-27T20:00:01Z,2178.7,480.99
57844,STARLINK-30292,2024-11-27T22:00:01Z,2024-11-28T04:00:01Z,-345.1,480.99
57844,STARLINK-30292,2024-11-28T04:00:01Z,2024-11-28T14:00:01Z,-101.6,480.99
57844,STARLINK-30292,2024-11-28T14:00:01Z,2024-11-28T22:00:01Z,-151.4,480.99
57844,STARLINK-30292,2024-11-28T22:00:01Z,2024-11-29T14:00:01Z,-401.4,480.99
57844,STARLINK-30292,2024-11-29T14:00:01Z,2024-11-29T22:00:01Z,-193.9,480.99
57844,STARLINK-30292,2024-11-29T22:00:01Z,2024-11-30T04:00:01Z,-201.3,480.99
57844,STARLINK-30292,2024-11-30T04:00:01Z,2024-11-30T14:00:01Z,-196.9,480.99
57845,STARLINK-30419,2024-11-26T06:15:45Z,2024-11-27T13:24:56Z,-975.7,450.68
57845,STARLINK-30419,2024-11-27T13:24:56Z,2024-11-27T21:12:09Z,-425.1,450.68
57845,STARLINK-30419,2024-11-27T21:12:09Z,2024-11-28T03:25:54Z,-208.7,450.68
57845,STARLINK-30419,2024-11-28T03:25:54Z,2024-11-29T01:13:51Z,-968.2,450.68
57845,STARLINK-30419,2024-11-29T01:13:51Z,2024-11-29T12:00:01Z,-727.9,450.68
57845,STARLINK-30419,2024-11-29T12:00:01Z,2024-11-29T20:00:01Z,-1016.2,450.68
57845,STARLINK-30419,2024-11-29T20:00:01Z,2024-11-29T22:00:01Z,-254.6,450.68
57845,STARLINK-30419,2024-11-30T04:00:01Z,2024-11-30T12:00:01Z,196.3,450.68
57846,STARLINK-30420,2024-11-26T12:00:01Z,2024-11-26T22:00:01Z,-140.1,419.58
57846,STARLINK-30420,2024-11-26T22:00:01Z,2024-11-27T12:00:02Z,-302.2,419.58
57846,STARLINK-30420,2024-11-27T14:00:01Z,2024-11-27T22:00:01Z,-125.0,419.58
57846,STARLINK-30420,2024-11-28T07:21:05Z,2024-11-28T13:32:07Z,-108.5,419.58
57846,STARLINK-30420,2024-11-28T13:32:07Z,2024-11-29T03:26:55Z,-510.3,419.58
57846,STARLINK-30420,2024-11-29T03:26:55Z,2024-11-29T21:59:50Z,-470.5,419.58
57846,STARLINK-30420,2024-11-30T02:38:03Z,2024-11-30T13:27:12Z,-227.9,419.58
57847,STARLINK-30416,2024-11-28T14:00:22Z,2024-11-29T04:06:59Z,293.6,482.38
57847,STARLINK-30416,2024-11-29T04:06:59Z,2024-11-29T16:39:19Z,-238.1,482.38
57847,STARLINK-30416,2024-11-29T16:39:19Z,2024-11-29T21:21:26Z,-183.9,482.38
57850,STARLINK-30425,2024-11-26T07:37:20Z,2024-11-27T07:08:07Z,-148.4,482.35
57850,STARLINK-30425,2024-11-27T07:08:07Z,2024-11-27T14:58:25Z,201.8,482.35
57850,STARLINK-30425,2024-11-29T01:27:34Z,2024-11-29T06:09:43Z,-103.2,482.35
57853,STARLINK-30404,2024-11-27T06:35:36Z,2024-11-27T20:39:49Z,-116.8,470.36
57856,STARLINK-30291,2024-11-26T06:36:27Z,2024-11-26T20:00:02Z,8733.9,482.45
57856,STARLINK-30291,2024-11-27T14:00:01Z,2024-11-27T20:00:01Z,105.4,482.45
57856,STARLINK-30291,2024-11-27T22:00:01Z,2024-11-28T14:00:01Z,-347.0,482.45
57856,STARLINK-30291,2024-11-28T14:00:01Z,2024-11-28T20:00:01Z,355.1,482.45
57856,STARLINK-30291,2024-11-28T22:00:01Z,2024-11-29T04:00:02Z,-254.3,482.45
57856,STARLINK-30291,2024-11-29T04:00:02Z,2024-11-29T12:00:01Z,172.0,482.45
57857,STARLINK-30424,2024-11-26T08:37:27Z,2024-11-26T21:07:56Z,195.8,470.35
57857,STARLINK-30424,2024-11-26T21:07:56Z,2024-11-27T06:30:45Z,-177.7,470.35
57857,STARLINK-30424,2024-11-29T02:17:20Z,2024-11-30T04:52:02Z,-137.6,470.35
57858,STARLINK-30290,2024-11-28T04:02:00Z,2024-11-28T21:13:56Z,116.5,481.55
57858,STARLINK-30290,2024-11-28T21:13:56Z,2024-11-29T03:29:54Z,1730.2,481.55
57858,STARLINK-30290,2024-11-29T03:29:54Z,2024-11-29T12:00:01Z,9333.1,481.55
57858,STARLINK-30290,2024-11-29T12:00:01Z,2024-11-29T20:00:01Z,880.2,481.55
57858,STARLINK-30290,2024-11-30T04:00:01Z,2024-11-30T14:00:01Z,-446.1,481.55
57859,STARLINK-30414,2024-11-28T04:08:44Z,2024-11-28T21:20:43Z,180.5,470.34
57859,STARLINK-30414,2024-11-28T21:20:43Z,2024-11-29T03:35:51Z,-261.8,470.34
57866,STARLINK-30393,2024-11-27T05:03:19Z,2024-11-28T06:34:56Z,-119.6,566.22
57866,STARLINK-30393,2024-11-28T06:34:56Z,2024-11-28T14:33:36Z,115.5,566.22
57868,STARLINK-30442,2024-11-27T07:50:58Z,2024-11-28T04:35:23Z,-201.7,566.24
57868,STARLINK-30442,2024-11-28T07:46:51Z,2024-11-29T07:42:48Z,161.1,566.24
57870,STARLINK-30460,2024-11-26T22:11:45Z,2024-11-27T07:46:09Z,143.9,566.2
57881,STARLINK-30406,2024-11-26T20:00:02Z,2024-11-26T22:00:01Z,-122.0,443.11
57881,STARLINK-30406,2024-11-26T22:00:01Z,2024-11-27T14:00:01Z,-702.3,443.11
57881,STARLINK-30406,2024-11-27T14:00:01Z,2024-11-27T20:00:01Z,-155.1,443.11
57881,STARLINK-30406,2024-11-27T20:00:01Z,2024-11-27T22:00:01Z,-129.8,443.11
57881,STARLINK-30406,2024-11-27T22:00:01Z,2024-11-28T12:00:01Z,-686.0,443.11
57881,STARLINK-30406,2024-11-28T14:00:01Z,2024-11-28T22:00:01Z,-309.3,443.11
57881,STARLINK-30406,2024-11-28T22:00:01Z,2024-11-29T12:00:01Z,-666.5,443.11
57881,STARLINK-30406,2024-11-29T12:00:01Z,2024-11-29T22:00:01Z,-361.5,443.11
57881,STARLINK-30406,2024-11-29T22:00:01Z,2024-11-30T12:00:01Z,-667.4,443.11
57891,STARLINK-30465,2024-11-27T16:27:07Z,2024-11-28T06:48:39Z,-131.6,566.2
57891,STARLINK-30465,2024-11-28T06:48:39Z,2024-11-28T16:23:02Z,127.4,566.2
57893,STARLINK-30473,2024-11-26T09:29:55Z,2024-11-27T01:27:06Z,-156.8,566.26
57893,STARLINK-30473,2024-11-27T01:27:06Z,2024-11-27T09:25:49Z,181.3,566.26
57895,STARLINK-30467,2024-11-28T16:13:25Z,2024-11-29T09:46:27Z,116.8,566.14
57896,STARLINK-30469,2024-11-27T06:33:35Z,2024-11-28T01:42:18Z,-202.2,566.2
57896,STARLINK-30469,2024-11-28T01:42:18Z,2024-11-28T06:29:29Z,145.5,566.2
57898,STARLINK-30479,2024-11-28T23:52:52Z,2024-11-29T07:51:35Z,144.9,566.21
57900,STARLINK-30457,2024-11-28T01:05:32Z,2024-11-28T17:02:49Z,-132.1,566.22
57900,STARLINK-30457,2024-11-30T08:56:02Z,2024-11-30T15:18:58Z,132.9,566.22
57902,STARLINK-30462,2024-11-29T15:35:49Z,2024-11-30T09:08:53Z,115.5,566.22
57903,STARLINK-30449,2024-11-27T00:39:16Z,2024-11-27T07:02:13Z,130.9,566.2
57903,STARLINK-30449,2024-11-27T07:02:13Z,2024-11-27T16:36:33Z,-178.0,566.2
57905,STARLINK-30451,2024-11-28T16:27:38Z,2024-11-29T00:26:18Z,128.8,566.2
57910,STARLINK-30453,2024-11-27T00:53:41Z,2024-11-27T08:52:18Z,-140.6,566.2
57910,STARLINK-30453,2024-11-27T16:50:55Z,2024-11-28T07:12:29Z,109.5,566.2
57911,STARLINK-30478,2024-11-27T16:30:08Z,2024-11-28T10:03:09Z,109.9,566.21
57912,STARLINK-30477,2024-11-29T23:00:53Z,2024-11-30T08:35:18Z,176.2,566.21
57913,STARLINK-30450,2024-11-26T10:07:53Z,2024-11-27T02:05:09Z,-206.0,566.22
57913,STARLINK-30450,2024-11-27T02:05:09Z,2024-11-27T08:28:05Z,183.9,566.22
57913,STARLINK-30450,2024-11-28T17:58:21Z,2024-11-29T01:57:01Z,120.8,566.22
57915,STARLINK-30454,2024-11-29T06:34:36Z,2024-11-30T06:30:30Z,-101.1,566.22
57917,STARLINK-30501,2024-11-26T09:53:29Z,2024-11-27T01:50:47Z,159.8,566.22
57917,STARLINK-30501,2024-11-27T01:50:47Z,2024-11-27T08:13:42Z,-130.2,566.22
57917,STARLINK-30501,2024-11-29T17:39:54Z,2024-11-30T08:01:29Z,246.7,566.22
57917,STARLINK-30501,2024-11-30T08:01:29Z,2024-11-30T16:00:06Z,-253.5,566.22
57918,STARLINK-30499,2024-11-29T06:30:24Z,2024-11-29T14:21:45Z,106.2,495.2
57919,STARLINK-30496,2024-11-27T09:39:50Z,2024-11-28T08:00:00Z,-101.8,566.2
57921,STARLINK-30492,2024-11-29T07:46:19Z,2024-11-30T09:18:00Z,128.0,566.2
57927,STARLINK-30459,2024-11-26T07:20:19Z,2024-11-27T06:48:03Z,-191.4,474.83
57927,STARLINK-30459,2024-11-27T06:48:03Z,2024-11-28T04:41:53Z,-184.6,474.83
57927,STARLINK-30459,2024-11-28T14:04:56Z,2024-11-29T04:09:29Z,-126.0,474.83
57927,STARLINK-30459,2024-11-29T13:32:30Z,2024-11-30T06:44:42Z,-162.8,474.83
57928,STARLINK-30448,2024-11-29T08:58:07Z,2024-11-29T16:56:44Z,456.7,566.21
57928,STARLINK-30448,2024-11-29T16:56:44Z,2024-11-30T00:55:23Z,-426.1,566.21
57929,STARLINK-30475,2024-11-26T07:14:47Z,2024-11-27T06:46:13Z,-454.8,486.27
57929,STARLINK-30475,2024-11-27T06:46:13Z,2024-11-28T04:43:25Z,-531.1,486.27
57929,STARLINK-30475,2024-11-28T06:17:30Z,2024-11-28T22:00:01Z,-398.8,486.27
57929,STARLINK-30475,2024-11-28T22:00:01Z,2024-11-29T20:00:01Z,-509.4,486.27
57929,STARLINK-30475,2024-11-29T20:00:01Z,2024-11-29T22:00:01Z,-107.8,486.27
57929,STARLINK-30475,2024-11-29T22:00:01Z,2024-11-30T14:00:01Z,-487.1,486.27
57931,STARLINK-30488,2024-11-29T00:54:41Z,2024-11-29T07:17:33Z,-283.1,566.21
57931,STARLINK-30488,2024-11-29T07:17:33Z,2024-11-29T16:51:58Z,229.9,566.21
57934,STARLINK-30458,2024-11-27T07:16:53Z,2024-11-28T07:10:06Z,-192.5,557.41
57934,STARLINK-30458,2024-11-28T07:10:06Z,2024-11-29T16:36:30Z,-272.2,557.41
57934,STARLINK-30458,2024-11-29T16:36:30Z,2024-11-30T06:56:21Z,-123.1,557.41
57938,STARLINK-30710,2024-11-26T10:34:57Z,2024-11-26T15:16:24Z,130.4,470.39
57938,STARLINK-30710,2024-11-27T13:09:42Z,2024-11-28T11:02:55Z,-212.5,470.39
57938,STARLINK-30710,2024-11-28T11:02:55Z,2024-11-29T12:03:50Z,138.3,470.39
57942,STARLINK-30455,2024-11-27T11:11:54Z,2024-11-27T20:00:01Z,226.2,482.36
57943,STARLINK-30456,2024-11-27T10:53:47Z,2024-11-28T11:58:35Z,-147.0,482.37
57943,STARLINK-30456,2024-11-28T13:32:38Z,2024-11-29T09:55:26Z,456.1,482.37
57943,STARLINK-30456,2024-11-29T09:55:26Z,2024-11-29T19:19:35Z,-854.8,482.37
57943,STARLINK-30456,2024-11-29T19:19:35Z,2024-11-30T14:08:18Z,511.1,482.37
57944,STARLINK-30708,2024-11-27T16:41:03Z,2024-11-28T13:03:47Z,101.4,482.35
57946,STARLINK-30704,2024-11-30T12:38:30Z,2024-11-30T15:49:49Z,144.5,558.86
57950,STARLINK-30701,2024-11-27T10:35:30Z,2024-11-28T13:14:22Z,-231.1,482.38
57950,STARLINK-30701,2024-11-28T13:14:22Z,2024-11-29T09:37:06Z,218.5,482.38
57951,STARLINK-30399,2024-11-27T16:45:37Z,2024-11-28T03:44:01Z,108.7,482.37
57953,STARLINK-30700,2024-11-29T14:45:07Z,2024-11-30T03:17:33Z,138.2,482.38
57968,STARLINK-30495,2024-11-26T13:31:36Z,2024-11-27T10:16:09Z,152.5,566.21
57968,STARLINK-30495,2024-11-27T10:16:09Z,2024-11-28T02:13:23Z,221.1,566.21
57968,STARLINK-30495,2024-11-28T02:13:23Z,2024-11-28T11:47:44Z,-382.9,566.21
57971,STARLINK-30498,2024-11-29T18:14:32Z,2024-11-30T07:00:20Z,-348.9,566.21
57972,STARLINK-30505,2024-11-26T10:52:05Z,2024-11-27T01:13:41Z,151.0,566.21
57973,STARLINK-30502,2024-11-26T12:34:13Z,2024-11-27T02:55:49Z,104.4,566.2
57973,STARLINK-30502,2024-11-28T02:51:44Z,2024-11-29T10:46:18Z,101.2,566.2
57979,STARLINK-30508,2024-11-27T11:00:26Z,2024-11-28T02:57:42Z,-115.2,566.21
57980,STARLINK-30504,2024-11-29T07:06:35Z,2024-11-30T01:57:44Z,129.6,495.2
57983,STARLINK-30515,2024-11-27T10:46:02Z,2024-11-29T10:37:51Z,-145.5,566.23
57983,STARLINK-30515,2024-11-29T10:37:51Z,2024-11-29T12:13:36Z,140.1,566.23
57985,STARLINK-30519,2024-11-27T09:00:45Z,2024-11-27T13:47:54Z,-133.2,566.2
57991,STARLINK-30537,2024-11-26T08:43:17Z,2024-11-26T18:17:36Z,-214.2,566.21
57991,STARLINK-30537,2024-11-26T18:17:36Z,2024-11-27T15:02:07Z,235.5,566.21
57992,STARLINK-30534,2024-11-26T16:56:18Z,2024-11-27T15:16:29Z,-138.1,566.22
57992,STARLINK-30534,2024-11-27T15:16:29Z,2024-11-28T00:50:51Z,250.0,566.22
57992,STARLINK-30534,2024-11-28T00:50:51Z,2024-11-28T08:49:29Z,-127.1,566.22
57996,STARLINK-30543,2024-11-26T06:59:50Z,2024-11-26T21:00:05Z,212.5,451.16
57996,STARLINK-30543,2024-11-27T03:13:31Z,2024-11-27T12:33:36Z,-126.1,451.16
57996,STARLINK-30543,2024-11-27T12:33:36Z,2024-11-27T20:20:18Z,-134.9,451.16
57996,STARLINK-30543,2024-11-28T11:53:53Z,2024-11-28T21:14:05Z,264.5,451.16
57996,STARLINK-30543,2024-11-29T03:27:29Z,2024-11-29T11:14:13Z,-103.2,451.16
57996,STARLINK-30543,2024-11-29T11:14:13Z,2024-11-29T19:00:55Z,-236.9,451.16
57999,STARLINK-30552,2024-11-29T14:20:24Z,2024-11-30T06:17:40Z,-101.7,566.21
58001,STARLINK-30535,2024-11-27T14:18:58Z,2024-11-27T15:54:39Z,-219.0,566.22
58001,STARLINK-30535,2024-11-27T15:54:39Z,2024-11-28T09:27:40Z,176.9,566.22
58006,STARLINK-30526,2024-11-26T11:12:27Z,2024-11-26T15:59:36Z,-117.5,566.15
58006,STARLINK-30526,2024-11-26T15:59:36Z,2024-11-27T03:09:46Z,386.9,566.15
58006,STARLINK-30526,2024-11-27T03:09:46Z,2024-11-27T12:44:06Z,-105.9,566.15
58006,STARLINK-30526,2024-11-27T17:31:16Z,2024-11-28T12:40:03Z,141.6,566.15
58006,STARLINK-30526,2024-11-30T02:57:32Z,2024-11-30T14:07:37Z,-103.2,566.15
58007,STARLINK-30527,2024-11-27T02:46:22Z,2024-11-27T09:03:03Z,-473.1,491.28
58007,STARLINK-30527,2024-11-28T05:27:25Z,2024-11-28T22:43:23Z,-150.2,491.28
58007,STARLINK-30527,2024-11-29T08:08:26Z,2024-11-29T15:59:17Z,-136.4,491.28
58007,STARLINK-30527,2024-11-30T04:32:40Z,2024-11-30T14:00:01Z,-511.7,491.28
58007,STARLINK-30527,2024-11-30T14:00:01Z,2024-11-30T15:31:48Z,247.5,491.28
58010,STARLINK-30520,2024-11-26T09:07:12Z,2024-11-26T17:05:51Z,148.1,566.24
58011,STARLINK-30497,2024-11-28T13:41:29Z,2024-11-29T07:14:30Z,289.0,566.22
58011,STARLINK-30497,2024-11-29T07:14:30Z,2024-11-29T15:13:08Z,-259.6,566.22
58012,STARLINK-30525,2024-11-28T00:41:14Z,2024-11-28T07:04:11Z,108.1,566.21
58012,STARLINK-30525,2024-11-29T08:35:48Z,2024-11-30T13:18:57Z,188.0,566.21
58029,STARLINK-30518,2024-11-28T01:23:50Z,2024-11-28T15:28:10Z,205.4,470.35
58029,STARLINK-30518,2024-11-28T21:43:24Z,2024-11-29T16:29:03Z,-106.3,470.35
58030,STARLINK-30549,2024-11-28T16:40:54Z,2024-11-29T17:41:42Z,-216.7,470.41
58030,STARLINK-30549,2024-11-29T17:41:42Z,2024-11-30T07:46:01Z,213.1,470.41
58031,STARLINK-30556,2024-11-28T15:39:26Z,2024-11-29T08:00:01Z,-218.1,484.86
58033,STARLINK-30562,2024-11-29T20:33:56Z,2024-11-30T10:54:41Z,117.3,558.87
58034,STARLINK-30565,2024-11-29T07:18:48Z,2024-11-29T13:34:05Z,204.9,470.39
58034,STARLINK-30565,2024-11-29T13:34:05Z,2024-11-30T06:45:55Z,-127.9,470.39
58035,STARLINK-30438,2024-11-29T07:59:44Z,2024-11-29T14:15:02Z,156.8,470.38
58035,STARLINK-30438,2024-11-29T14:15:02Z,2024-11-30T13:42:04Z,-109.3,470.38
58041,STARLINK-30542,2024-11-28T16:39:43Z,2024-11-29T19:11:10Z,-121.5,461.12
58041,STARLINK-30542,2024-11-29T19:11:10Z,2024-11-30T13:54:34Z,104.4,461.12
58043,STARLINK-30564,2024-11-26T17:33:27Z,2024-11-26T20:41:03Z,-226.3,470.44
58043,STARLINK-30564,2024-11-26T20:41:03Z,2024-11-27T07:37:41Z,109.1,470.44
58043,STARLINK-30564,2024-11-27T07:37:41Z,2024-11-27T18:34:19Z,-173.6,470.44
58043,STARLINK-30564,2024-11-27T18:34:19Z,2024-11-28T00:49:33Z,109.5,470.44
58043,STARLINK-30564,2024-11-28T16:27:37Z,2024-11-29T08:05:40Z,-108.0,470.44
58043,STARLINK-30564,2024-11-29T08:05:40Z,2024-11-29T19:02:19Z,156.1,470.44
58044,STARLINK-30547,2024-11-29T19:39:51Z,2024-11-30T03:38:03Z,108.1,558.85
58045,STARLINK-30550,2024-11-28T09:27:39Z,2024-11-29T08:58:27Z,-255.0,482.39
58045,STARLINK-30550,2024-11-29T08:58:27Z,2024-11-30T10:03:17Z,145.3,482.39
58047,STARLINK-30529,2024-11-26T20:30:20Z,2024-11-27T18:49:15Z,101.8,558.89
58048,STARLINK-30554,2024-11-27T18:44:35Z,2024-11-27T20:20:09Z,-123.4,558.88
58048,STARLINK-30554,2024-11-27T20:20:09Z,2024-11-28T10:40:56Z,225.8,558.88
58052,STARLINK-30575,2024-11-28T06:12:45Z,2024-11-29T10:55:51Z,-140.4,566.2
58054,STARLINK-30566,2024-11-27T15:27:14Z,2024-11-28T05:48:47Z,-305.6,566.26
58054,STARLINK-30566,2024-11-28T05:48:47Z,2024-11-29T04:08:59Z,342.4,566.26
58054,STARLINK-30566,2024-11-29T04:08:59Z,2024-11-30T12:00:01Z,-186.6,566.26
58055,STARLINK-30544,2024-11-27T05:28:52Z,2024-11-27T13:27:33Z,102.6,566.24
58060,STARLINK-30558,2024-11-26T16:00:05Z,2024-11-27T06:21:38Z,-140.8,566.17
58061,STARLINK-30579,2024-11-26T11:47:09Z,2024-11-27T13:18:49Z,119.8,566.24
58065,STARLINK-30576,2024-11-26T14:00:27Z,2024-11-27T12:20:34Z,-331.1,566.23
58069,STARLINK-30480,2024-11-26T09:56:49Z,2024-11-26T13:05:22Z,248.3,495.2
58069,STARLINK-30480,2024-11-26T13:05:22Z,2024-11-27T03:13:46Z,204.2,495.2
58069,STARLINK-30480,2024-11-27T03:13:46Z,2024-11-27T09:30:46Z,-303.3,495.2
58071,STARLINK-30513,2024-11-29T11:20:27Z,2024-11-30T10:40:46Z,205.1,451.21
58072,STARLINK-30506,2024-11-28T11:14:11Z,2024-11-28T12:49:54Z,-176.8,566.23
58072,STARLINK-30506,2024-11-28T12:49:54Z,2024-11-29T11:10:06Z,139.4,566.23
58076,STARLINK-30500,2024-11-26T18:10:16Z,2024-11-27T10:07:35Z,100.2,566.2
58077,STARLINK-30613,2024-11-29T14:22:48Z,2024-11-30T14:18:41Z,-107.4,566.21
58082,STARLINK-30610,2024-11-27T07:53:35Z,2024-11-27T15:52:16Z,116.8,566.22
58084,STARLINK-30586,2024-11-28T15:38:36Z,2024-11-29T01:12:57Z,304.7,566.21
58084,STARLINK-30586,2024-11-29T01:12:57Z,2024-11-29T13:58:48Z,-231.5,566.21
58086,STARLINK-30583,2024-11-26T09:14:14Z,2024-11-26T18:48:36Z,105.2,566.21
58090,STARLINK-30590,2024-11-26T09:09:26Z,2024-11-26T18:43:50Z,104.7,566.22
58091,STARLINK-30608,2024-11-28T15:09:50Z,2024-11-29T15:05:45Z,-103.3,566.21
58094,STARLINK-30574,2024-11-26T10:21:11Z,2024-11-26T18:19:50Z,-146.2,566.21
58094,STARLINK-30574,2024-11-28T16:35:56Z,2024-11-29T06:57:31Z,157.0,566.21
58095,STARLINK-30570,2024-11-26T10:16:24Z,2024-11-26T18:15:02Z,135.5,566.16
58095,STARLINK-30570,2024-11-26T19:50:45Z,2024-11-27T11:48:05Z,242.7,566.16
58100,STARLINK-30600,2024-11-27T21:38:12Z,2024-11-28T07:02:32Z,106.4,482.38
58101,STARLINK-30605,2024-11-27T07:12:01Z,2024-11-27T21:18:27Z,-100.4,482.39
58103,STARLINK-30589,2024-11-26T13:16:31Z,2024-11-26T22:40:48Z,-189.7,482.39
58103,STARLINK-30589,2024-11-26T22:40:48Z,2024-11-27T14:21:16Z,-242.7,482.39
58103,STARLINK-30589,2024-11-27T14:21:16Z,2024-11-28T04:27:47Z,272.0,482.39
58105,STARLINK-30616,2024-11-28T12:34:10Z,2024-11-28T21:56:59Z,-123.9,470.35
58106,STARLINK-30612,2024-11-26T21:29:29Z,2024-11-27T06:52:19Z,114.1,470.37
58106,STARLINK-30612,2024-11-27T06:52:19Z,2024-11-27T22:30:23Z,-149.2,470.37
58107,STARLINK-30421,2024-11-28T21:44:01Z,2024-11-29T05:33:06Z,100.7,470.39
58108,STARLINK-30611,2024-11-29T21:10:38Z,2024-11-30T04:59:43Z,119.9,470.38
58110,STARLINK-30596,2024-11-26T18:21:19Z,2024-11-26T21:29:27Z,112.4,482.38
58110,STARLINK-30596,2024-11-26T21:29:27Z,2024-11-26T23:03:29Z,-156.5,482.38
58111,STARLINK-30595,2024-11-26T22:21:08Z,2024-11-28T02:34:02Z,-320.3,482.38
58113,STARLINK-30353,2024-11-27T04:46:21Z,2024-11-27T14:10:44Z,396.8,482.36
58119,STARLINK-30765,2024-11-29T12:34:45Z,2024-11-30T10:54:55Z,-116.5,566.21
58120,STARLINK-30768,2024-11-28T13:44:12Z,2024-11-28T18:31:24Z,340.9,566.14
58120,STARLINK-30768,2024-11-28T18:31:24Z,2024-11-29T04:05:44Z,-463.1,566.14
58120,STARLINK-30768,2024-11-29T04:05:44Z,2024-11-29T12:04:24Z,152.5,566.14
58121,STARLINK-30799,2024-11-26T20:44:01Z,2024-11-27T04:42:40Z,140.0,566.21
58122,STARLINK-30759,2024-11-26T21:47:49Z,2024-11-27T12:09:22Z,-158.6,566.23
58122,STARLINK-30759,2024-11-27T12:09:22Z,2024-11-27T13:45:01Z,523.2,566.23
58122,STARLINK-30759,2024-11-27T18:32:13Z,2024-11-28T18:28:13Z,-168.3,566.23
58122,STARLINK-30759,2024-11-28T18:28:13Z,2024-11-29T04:02:32Z,-374.8,566.23
58124,STARLINK-30754,2024-11-28T18:55:20Z,2024-11-29T12:28:21Z,138.3,566.2
58129,STARLINK-30756,2024-11-26T20:34:23Z,2024-11-27T12:31:35Z,-1566.8,566.35
58129,STARLINK-30756,2024-11-27T12:31:35Z,2024-11-27T22:00:01Z,1732.0,566.35
58129,STARLINK-30756,2024-11-28T18:50:33Z,2024-11-29T12:23:34Z,-112.3,566.35
58134,STARLINK-30761,2024-11-28T18:40:58Z,2024-11-29T12:13:57Z,-165.8,566.21
58134,STARLINK-30761,2024-11-29T12:13:57Z,2024-11-29T18:36:51Z,107.8,566.21
58134,STARLINK-30761,2024-11-29T18:36:51Z,2024-11-30T12:09:54Z,110.9,566.21
58136,STARLINK-30776,2024-11-26T22:43:44Z,2024-11-27T11:29:33Z,-113.6,566.22
58138,STARLINK-30769,2024-11-28T19:09:40Z,2024-11-29T19:05:39Z,131.3,566.21
58139,STARLINK-30775,2024-11-26T20:58:24Z,2024-11-27T04:57:03Z,124.8,566.21
58140,STARLINK-30780,2024-11-27T12:46:07Z,2024-11-28T04:43:25Z,-118.7,566.2
58152,STARLINK-30833,2024-11-26T18:21:03Z,2024-11-27T10:01:33Z,-205.3,482.36
58154,STARLINK-30797,2024-11-27T22:47:39Z,2024-11-28T09:45:59Z,-126.2,482.39
58154,STARLINK-30797,2024-11-28T09:45:59Z,2024-11-28T17:36:13Z,-112.6,482.39
58154,STARLINK-30797,2024-11-28T17:36:13Z,2024-11-28T22:18:26Z,218.2,482.39
58155,STARLINK-30804,2024-11-29T23:00:32Z,2024-11-30T09:58:50Z,-146.3,482.39
58155,STARLINK-30804,2024-11-30T09:58:50Z,2024-11-30T16:15:06Z,198.1,482.39
58157,STARLINK-30803,2024-11-29T02:18:05Z,2024-11-29T16:24:31Z,-215.6,482.38
58157,STARLINK-30803,2024-11-29T16:24:31Z,2024-11-30T01:48:52Z,163.4,482.38
58162,STARLINK-30816,2024-11-29T09:50:07Z,2024-11-30T01:30:38Z,-141.1,482.38
58163,STARLINK-30763,2024-11-30T09:12:51Z,2024-11-30T15:28:07Z,166.6,470.37
58168,STARLINK-30812,2024-11-28T09:54:58Z,2024-11-28T22:27:26Z,108.8,482.37
58177,STARLINK-30791,2024-11-27T14:21:22Z,2024-11-28T12:41:30Z,-156.3,566.18
58180,STARLINK-30806,2024-11-29T21:28:51Z,2024-11-30T11:50:29Z,185.1,566.22
58181,STARLINK-30821,2024-11-28T12:36:45Z,2024-11-29T18:55:36Z,111.1,566.23
58186,STARLINK-30755,2024-11-27T13:16:00Z,2024-11-27T22:50:19Z,-242.6,566.18
58186,STARLINK-30755,2024-11-27T22:50:19Z,2024-11-28T05:13:16Z,253.3,566.18
58186,STARLINK-30755,2024-11-28T05:13:16Z,2024-11-28T22:46:15Z,-111.1,566.18
58186,STARLINK-30755,2024-11-29T11:32:05Z,2024-11-30T11:27:57Z,-256.3,566.18
58191,STARLINK-30785,2024-11-27T21:03:27Z,2024-11-28T13:00:43Z,224.2,566.23
58191,STARLINK-30785,2024-11-28T13:00:43Z,2024-11-28T19:23:38Z,-198.3,566.23
58194,STARLINK-30830,2024-11-29T19:08:22Z,2024-11-30T11:05:38Z,-326.0,566.2
58195,STARLINK-30827,2024-11-30T04:39:33Z,2024-11-30T12:38:12Z,193.3,566.21
58197,STARLINK-30762,2024-11-27T12:55:12Z,2024-11-27T14:30:53Z,-147.6,566.22
58197,STARLINK-30762,2024-11-27T14:30:53Z,2024-11-27T22:29:33Z,168.7,566.22
58197,STARLINK-30762,2024-11-28T12:51:07Z,2024-11-29T04:48:29Z,173.0,566.22
58197,STARLINK-30762,2024-11-29T04:48:29Z,2024-11-29T19:09:59Z,-229.4,566.22
58206,STARLINK-30800,2024-11-27T06:00:01Z,2024-11-27T14:00:01Z,137.5,566.22
58207,STARLINK-30845,2024-11-29T00:32:36Z,2024-11-29T08:31:15Z,120.8,566.24
58211,STARLINK-30838,2024-11-28T01:05:33Z,2024-11-28T09:04:09Z,-114.7,566.23
58212,STARLINK-30837,2024-11-26T09:31:26Z,2024-11-26T17:30:09Z,493.8,566.2
58212,STARLINK-30837,2024-11-26T17:30:09Z,2024-11-27T01:28:48Z,-127.3,566.2
58212,STARLINK-30837,2024-11-27T01:28:48Z,2024-11-27T09:27:23Z,-370.1,566.2
58212,STARLINK-30837,2024-11-27T23:48:56Z,2024-11-29T15:42:11Z,123.1,566.2
58220,STARLINK-30792,2024-11-29T01:58:46Z,2024-11-29T16:20:17Z,-159.6,566.21
58220,STARLINK-30792,2024-11-29T16:20:17Z,2024-11-30T00:18:57Z,175.6,566.21
58222,STARLINK-30855,2024-11-26T17:44:28Z,2024-11-26T22:31:42Z,166.6,566.2
58222,STARLINK-30855,2024-11-26T22:31:42Z,2024-11-29T15:56:31Z,-130.5,566.2
58228,STARLINK-30871,2024-11-26T17:54:02Z,2024-11-27T01:52:42Z,145.1,566.2
58230,STARLINK-30861,2024-11-29T14:27:32Z,2024-11-30T06:24:46Z,-101.7,566.22
58231,STARLINK-30867,2024-11-28T14:36:22Z,2024-11-28T22:35:03Z,145.6,566.22
58233,STARLINK-30777,2024-11-27T08:31:58Z,2024-11-27T14:54:53Z,-121.2,566.22
58235,STARLINK-30879,2024-11-27T21:23:46Z,2024-11-28T03:37:14Z,184.6,451.18
58235,STARLINK-30879,2024-11-28T03:37:14Z,2024-11-29T02:57:31Z,-130.4,451.18
58235,STARLINK-30879,2024-11-29T12:17:38Z,2024-11-30T03:51:08Z,-169.2,451.18
58237,STARLINK-30866,2024-11-28T04:38:04Z,2024-11-28T07:49:30Z,-100.4,566.21
58237,STARLINK-30866,2024-11-29T14:08:21Z,2024-11-30T14:04:13Z,-182.8,566.21
58239,STARLINK-30847,2024-11-27T15:09:14Z,2024-11-28T07:06:31Z,102.9,566.26
58243,STARLINK-30864,2024-11-27T15:23:29Z,2024-11-28T05:45:00Z,-186.2,566.22
58243,STARLINK-30864,2024-11-28T05:45:00Z,2024-11-29T04:05:15Z,250.2,566.22
58243,STARLINK-30864,2024-11-30T04:01:08Z,2024-11-30T13:35:33Z,273.3,566.22
58249,STARLINK-30873,2024-11-29T04:29:11Z,2024-11-29T14:03:30Z,-104.2,566.22
58249,STARLINK-30873,2024-11-29T14:03:30Z,2024-11-30T04:25:07Z,138.7,566.22
58250,STARLINK-30808,2024-11-28T06:49:28Z,2024-11-28T14:48:05Z,-108.3,566.21
58353,STARLINK-30896,2024-11-28T23:13:34Z,2024-11-29T08:39:11Z,108.6,495.19
58357,STARLINK-30842,2024-11-28T17:36:42Z,2024-11-29T01:35:22Z,114.9,566.22
58360,STARLINK-30897,2024-11-28T03:55:07Z,2024-11-28T08:42:21Z,209.3,566.22
58360,STARLINK-30897,2024-11-28T08:42:21Z,2024-11-28T13:29:29Z,-200.9,566.22
58365,STARLINK-30918,2024-11-30T01:37:40Z,2024-11-30T08:00:33Z,-146.1,566.24
58367,STARLINK-30891,2024-11-30T01:32:54Z,2024-11-30T11:07:14Z,-109.2,566.16
58377,STARLINK-30914,2024-11-27T11:17:07Z,2024-11-28T10:44:14Z,149.2,470.35
58379,STARLINK-30882,2024-11-26T09:49:53Z,2024-11-26T14:31:16Z,-100.6,470.39
58379,STARLINK-30882,2024-11-26T14:31:16Z,2024-11-27T12:24:36Z,124.4,470.39
58379,STARLINK-30882,2024-11-29T01:55:54Z,2024-11-29T11:18:48Z,196.1,470.39
58379,STARLINK-30882,2024-11-29T11:18:48Z,2024-11-30T01:23:17Z,609.7,470.39
58379,STARLINK-30882,2024-11-30T01:23:17Z,2024-11-30T09:12:55Z,1846.0,470.39
58379,STARLINK-30882,2024-11-30T09:12:55Z,2024-11-30T13:54:40Z,754.1,470.39
58381,STARLINK-30923,2024-11-29T08:20:29Z,2024-11-30T09:25:19Z,-125.1,482.37
58383,STARLINK-30921,2024-11-29T08:15:56Z,2024-11-29T20:00:01Z,151.9,482.39
58388,STARLINK-30913,2024-11-28T12:11:29Z,2024-11-29T11:42:16Z,-120.2,482.37
58393,STARLINK-30939,2024-11-26T14:24:34Z,2024-11-27T02:55:05Z,119.3,482.38
58393,STARLINK-30939,2024-11-27T02:55:05Z,2024-11-27T12:18:46Z,1743.8,482.38
58393,STARLINK-30939,2024-11-27T12:18:46Z,2024-11-27T13:53:22Z,1850.7,482.38
58393,STARLINK-30939,2024-11-27T13:53:22Z,2024-11-27T20:00:01Z,7821.7,482.38
58393,STARLINK-30939,2024-11-27T20:00:01Z,2024-11-27T22:00:01Z,576.1,482.38
58393,STARLINK-30939,2024-11-27T22:00:01Z,2024-11-28T04:00:01Z,-131.6,482.38
58393,STARLINK-30939,2024-11-28T04:00:01Z,2024-11-28T14:00:01Z,178.1,482.38
58393,STARLINK-30939,2024-11-29T04:00:02Z,2024-11-29T14:00:01Z,413.6,482.38
58393,STARLINK-30939,2024-11-29T14:00:01Z,2024-11-29T20:00:01Z,-500.7,482.38
58393,STARLINK-30939,2024-11-29T22:00:01Z,2024-11-30T14:00:01Z,-200.6,482.38
58395,STARLINK-30934,2024-11-26T13:05:18Z,2024-11-27T12:36:06Z,-118.0,482.38
58395,STARLINK-30934,2024-11-27T12:36:06Z,2024-11-28T02:42:36Z,103.0,482.38
58413,STARLINK-30931,2024-11-27T05:46:09Z,2024-11-27T15:20:28Z,-248.7,566.21
58413,STARLINK-30931,2024-11-27T15:20:28Z,2024-11-28T15:16:24Z,186.6,566.21
58418,STARLINK-30895,2024-11-26T16:08:46Z,2024-11-27T08:06:02Z,-139.3,566.16
58418,STARLINK-30895,2024-11-27T14:28:53Z,2024-11-28T12:49:05Z,135.7,566.16
58418,STARLINK-30895,2024-11-28T12:49:05Z,2024-11-29T20:00:01Z,194.1,566.16
58418,STARLINK-30895,2024-11-29T22:00:01Z,2024-11-30T06:18:03Z,-176.3,566.16
58418,STARLINK-30895,2024-11-30T06:18:03Z,2024-11-30T14:16:42Z,167.5,566.16
58424,STARLINK-30908,2024-11-27T18:55:01Z,2024-11-28T07:40:48Z,-302.0,566.22
58424,STARLINK-30908,2024-11-28T17:15:09Z,2024-11-29T12:23:55Z,144.4,566.22
58424,STARLINK-30908,2024-11-29T17:11:07Z,2024-11-30T12:19:50Z,-122.4,566.22
58439,STARLINK-30951,2024-11-27T16:24:17Z,2024-11-28T06:45:49Z,-105.3,566.22
58440,STARLINK-30950,2024-11-30T08:20:03Z,2024-11-30T16:11:24Z,190.2,495.18
58448,STARLINK-30926,2024-11-26T15:26:00Z,2024-11-27T07:23:20Z,207.5,566.17
58448,STARLINK-30926,2024-11-27T15:21:58Z,2024-11-28T12:06:24Z,-112.4,566.17
58448,STARLINK-30926,2024-11-30T05:35:20Z,2024-11-30T13:34:01Z,328.2,566.17
58449,STARLINK-30943,2024-11-26T15:26:55Z,2024-11-27T04:12:49Z,166.9,566.22
58450,STARLINK-30946,2024-11-27T15:02:57Z,2024-11-28T07:00:12Z,-103.0,566.26
58452,STARLINK-30928,2024-11-27T07:32:53Z,2024-11-27T15:31:35Z,113.5,566.23
58452,STARLINK-30928,2024-11-27T15:31:35Z,2024-11-28T12:16:01Z,-132.3,566.23
58453,STARLINK-30957,2024-11-27T13:36:48Z,2024-11-28T05:34:03Z,246.7,566.22
58453,STARLINK-30957,2024-11-28T05:34:03Z,2024-11-28T15:08:26Z,-205.1,566.22
58455,STARLINK-30935,2024-11-26T14:43:02Z,2024-11-27T13:03:13Z,-101.8,566.21
58455,STARLINK-30935,2024-11-27T13:03:13Z,2024-11-28T06:36:14Z,115.1,566.21
58456,STARLINK-30960,2024-11-26T14:56:24Z,2024-11-27T14:49:19Z,-214.1,556.18
58456,STARLINK-30960,2024-11-27T14:49:19Z,2024-11-28T13:06:37Z,-221.1,556.18
58456,STARLINK-30960,2024-11-28T14:42:09Z,2024-11-29T12:59:23Z,-224.3,556.18
58456,STARLINK-30960,2024-11-29T12:59:23Z,2024-11-30T11:16:34Z,-257.4,556.18
58457,STARLINK-30958,2024-11-26T07:57:47Z,2024-11-27T12:40:51Z,-100.9,566.21
58474,STARLINK-30995,2024-11-27T12:19:42Z,2024-11-28T10:08:25Z,-230.0,457.21
58474,STARLINK-30995,2024-11-28T10:08:25Z,2024-11-29T03:16:39Z,-183.4,457.21
58474,STARLINK-30995,2024-11-29T03:16:39Z,2024-11-30T08:52:34Z,-338.5,457.21
58490,STARLINK-30978,2024-11-28T16:22:03Z,2024-11-29T17:53:42Z,-110.9,566.21
58491,STARLINK-30953,2024-11-27T12:31:24Z,2024-11-28T04:13:56Z,-208.0,495.15
58491,STARLINK-30953,2024-11-28T04:13:56Z,2024-11-28T12:05:15Z,130.1,495.15
58492,STARLINK-30986,2024-11-26T16:15:50Z,2024-11-27T14:36:00Z,-134.8,566.2
58492,STARLINK-30986,2024-11-27T14:36:00Z,2024-11-28T08:09:02Z,120.5,566.2
58495,STARLINK-31002,2024-11-27T07:58:43Z,2024-11-27T14:21:37Z,-183.5,566.21
58495,STARLINK-31002,2024-11-27T15:57:20Z,2024-11-28T07:54:38Z,215.6,566.21
58509,STARLINK-31020,2024-11-27T12:18:14Z,2024-11-27T17:05:23Z,-252.9,566.22
58509,STARLINK-31020,2024-11-27T17:05:23Z,2024-11-28T02:39:46Z,241.5,566.22
58509,STARLINK-31020,2024-11-28T17:01:19Z,2024-11-29T02:35:46Z,163.9,566.22
58509,STARLINK-31020,2024-11-29T02:35:46Z,2024-11-29T08:58:38Z,-122.7,566.22
58510,STARLINK-30989,2024-11-28T11:00:15Z,2024-11-28T17:23:08Z,-204.2,566.22
58510,STARLINK-30989,2024-11-28T17:23:08Z,2024-11-29T09:20:28Z,214.1,566.22
58514,STARLINK-30983,2024-11-27T19:22:00Z,2024-11-28T03:20:34Z,-143.0,566.23
58514,STARLINK-30983,2024-11-28T19:17:52Z,2024-11-29T09:39:28Z,133.7,566.23
58514,STARLINK-30983,2024-11-29T09:39:28Z,2024-11-29T16:02:26Z,110.3,566.23
58516,STARLINK-31028,2024-11-27T17:03:17Z,2024-11-28T02:37:39Z,367.7,566.22
58516,STARLINK-31028,2024-11-28T02:37:39Z,2024-11-28T10:36:18Z,-436.1,566.22
58516,STARLINK-31028,2024-11-28T10:36:18Z,2024-11-28T16:59:15Z,427.0,566.22
58516,STARLINK-31028,2024-11-28T16:59:15Z,2024-11-29T10:32:13Z,-360.6,566.22
58517,STARLINK-31011,2024-11-26T20:23:39Z,2024-11-27T10:45:11Z,-270.8,566.16
58517,STARLINK-31011,2024-11-27T10:45:11Z,2024-11-27T18:43:50Z,235.3,566.16
58517,STARLINK-31011,2024-11-28T17:04:00Z,2024-11-29T09:01:18Z,160.8,566.16
58520,STARLINK-31003,2024-11-26T20:14:02Z,2024-11-27T10:35:31Z,-132.0,566.16
58520,STARLINK-31003,2024-11-27T10:35:31Z,2024-11-27T16:58:29Z,133.6,566.16
58520,STARLINK-31003,2024-11-28T02:32:51Z,2024-11-28T10:31:31Z,-567.4,566.16
58520,STARLINK-31003,2024-11-29T02:28:44Z,2024-11-29T10:27:25Z,460.3,566.16
58520,STARLINK-31003,2024-11-29T10:27:25Z,2024-11-29T16:50:18Z,-186.2,566.16
58520,STARLINK-31003,2024-11-29T16:50:18Z,2024-11-30T10:23:21Z,156.5,566.16
58525,STARLINK-30948,2024-11-27T19:45:58Z,2024-11-28T11:43:15Z,-110.9,566.21
58525,STARLINK-30948,2024-11-28T18:06:09Z,2024-11-29T02:04:48Z,115.8,566.21
58526,STARLINK-31013,2024-11-28T16:25:38Z,2024-11-29T09:58:39Z,111.9,566.22
58527,STARLINK-31001,2024-11-28T11:14:28Z,2024-11-28T19:13:03Z,-126.1,566.22
58527,STARLINK-31001,2024-11-28T19:13:03Z,2024-11-29T03:11:46Z,181.8,566.22
58529,STARLINK-30988,2024-11-28T19:27:29Z,2024-11-28T21:03:08Z,-197.1,566.21
58529,STARLINK-30988,2024-11-28T21:03:08Z,2024-11-29T17:47:42Z,260.6,566.21
58532,STARLINK-31035,2024-11-26T07:24:11Z,2024-11-26T18:21:12Z,-230.8,472.66
58532,STARLINK-31035,2024-11-26T18:21:12Z,2024-11-27T13:07:28Z,-188.7,472.66
58532,STARLINK-31035,2024-11-27T16:15:11Z,2024-11-28T15:42:58Z,-184.1,472.66
58532,STARLINK-31035,2024-11-28T15:42:58Z,2024-11-29T15:10:37Z,-503.9,472.66
58532,STARLINK-31035,2024-11-29T15:10:37Z,2024-11-30T14:38:10Z,-297.5,472.66
58533,STARLINK-31036,2024-11-28T16:21:55Z,2024-11-29T06:28:25Z,132.1,482.4
58540,STARLINK-31019,2024-11-30T13:14:32Z,2024-11-30T14:48:34Z,-119.4,482.37
58545,STARLINK-31057,2024-11-29T12:37:03Z,2024-11-30T15:15:56Z,-135.8,482.39
58550,STARLINK-31056,2024-11-26T19:29:09Z,2024-11-27T15:51:51Z,113.4,482.34
58550,STARLINK-31056,2024-11-29T16:27:34Z,2024-11-30T06:33:58Z,-267.3,482.34
58550,STARLINK-31056,2024-11-30T06:33:58Z,2024-11-30T12:50:13Z,346.2,482.34
58551,STARLINK-30999,2024-11-28T12:51:08Z,2024-11-28T20:00:01Z,150.8,482.37
58551,STARLINK-30999,2024-11-28T20:00:01Z,2024-11-28T22:00:01Z,250.1,482.37
58551,STARLINK-30999,2024-11-29T00:00:01Z,2024-11-29T12:21:58Z,-310.6,482.37
58551,STARLINK-30999,2024-11-29T12:21:58Z,2024-11-30T11:52:43Z,-223.0,482.37
58552,STARLINK-31046,2024-11-29T16:04:53Z,2024-11-30T12:27:37Z,118.3,482.38
58595,STARLINK-30857,2024-11-30T06:57:10Z,2024-11-30T13:20:04Z,-116.8,566.23
58599,STARLINK-31072,2024-11-26T12:36:28Z,2024-11-27T10:20:50Z,-333.5,441.69
58599,STARLINK-31072,2024-11-27T10:20:50Z,2024-11-28T03:25:38Z,-257.8,441.69
58599,STARLINK-31072,2024-11-28T03:25:38Z,2024-11-28T09:38:17Z,-128.0,441.69
58599,STARLINK-31072,2024-11-28T09:38:17Z,2024-11-29T10:28:45Z,-419.3,441.69
58599,STARLINK-31072,2024-11-29T10:28:45Z,2024-11-29T16:41:21Z,-107.1,441.69
58599,STARLINK-31072,2024-11-29T16:41:21Z,2024-11-30T09:45:56Z,-348.2,441.69
58600,STARLINK-31052,2024-11-29T06:42:03Z,2024-11-30T06:37:53Z,-107.4,566.22
58600,STARLINK-31052,2024-11-30T06:37:53Z,2024-11-30T14:36:36Z,137.1,566.22
58604,STARLINK-31088,2024-11-29T00:04:49Z,2024-11-29T06:27:41Z,-100.0,566.22
58604,STARLINK-31088,2024-11-29T14:26:20Z,2024-11-30T00:00:43Z,722.9,566.22
58609,STARLINK-31085,2024-11-26T22:13:13Z,2024-11-27T07:47:33Z,164.9,566.2
58609,STARLINK-31085,2024-11-27T07:47:33Z,2024-11-28T07:43:32Z,543.7,566.2
58609,STARLINK-31085,2024-11-28T14:06:27Z,2024-11-29T14:02:21Z,-147.5,566.2
58620,STARLINK-31118,2024-11-26T06:44:39Z,2024-11-27T15:36:01Z,-17351.8,227.89
58620,STARLINK-31118,2024-11-27T15:36:01Z,2024-11-27T21:50:01Z,-4857.3,227.89
58623,STARLINK-31068,2024-11-26T14:14:35Z,2024-11-27T07:31:26Z,-106.6,495.18
58626,STARLINK-31086,2024-11-30T05:27:17Z,2024-11-30T13:18:39Z,153.5,495.18
58630,STARLINK-31084,2024-11-30T05:47:00Z,2024-11-30T13:38:21Z,119.0,495.18
58632,STARLINK-31081,2024-11-29T06:03:22Z,2024-11-29T21:46:00Z,102.3,495.18
58633,STARLINK-31022,2024-11-28T23:52:51Z,2024-11-29T21:52:29Z,149.3,495.19
58638,STARLINK-31078,2024-11-29T06:55:28Z,2024-11-29T14:46:47Z,101.2,495.19
58639,STARLINK-31070,2024-11-29T06:52:14Z,2024-11-29T21:00:32Z,-125.5,495.19
58639,STARLINK-31070,2024-11-29T21:00:32Z,2024-11-30T06:26:07Z,107.3,495.19
58668,STARLINK-31113,2024-11-30T07:33:12Z,2024-11-30T15:24:33Z,240.6,495.23
58670,STARLINK-31083,2024-11-27T08:58:04Z,2024-11-28T00:40:37Z,-103.4,495.22
58672,STARLINK-31104,2024-11-29T08:09:07Z,2024-11-29T23:51:40Z,-118.4,495.22
58677,STARLINK-31058,2024-11-28T11:27:26Z,2024-11-29T07:52:46Z,-199.5,495.22
58677,STARLINK-31058,2024-11-29T15:44:04Z,2024-11-30T07:26:41Z,249.1,495.22
58678,STARLINK-31125,2024-11-27T15:44:14Z,2024-11-28T01:09:47Z,-105.6,495.18
58679,STARLINK-31110,2024-11-29T23:25:39Z,2024-11-30T07:16:56Z,-215.1,495.2
58684,STARLINK-31107,2024-11-27T08:09:11Z,2024-11-27T22:17:32Z,124.5,495.19
58688,STARLINK-31139,2024-11-27T01:48:54Z,2024-11-27T08:05:53Z,-105.4,495.17
58688,STARLINK-31139,2024-11-27T15:57:11Z,2024-11-27T23:48:33Z,169.7,495.17
58688,STARLINK-31139,2024-11-28T07:39:50Z,2024-11-29T07:13:42Z,-134.7,495.17
58689,STARLINK-31106,2024-11-29T07:23:30Z,2024-11-30T00:40:20Z,-196.8,495.21
58689,STARLINK-31106,2024-11-30T00:40:20Z,2024-11-30T14:48:41Z,120.9,495.21
58705,STARLINK-11072,2024-11-30T11:33:51Z,2024-11-30T16:07:44Z,176.5,346.87
58706,STARLINK-11075,2024-11-26T15:14:40Z,2024-11-27T06:27:24Z,-183.6,346.97
58706,STARLINK-11075,2024-11-28T02:13:57Z,2024-11-28T12:52:55Z,173.6,346.97
58706,STARLINK-11075,2024-11-28T14:24:12Z,2024-11-29T19:18:26Z,100.5,346.97
58706,STARLINK-11075,2024-11-30T05:57:22Z,2024-11-30T13:33:42Z,-186.8,346.97
58707,STARLINK-11077,2024-11-28T12:31:23Z,2024-11-28T14:02:36Z,-292.0,346.85
58707,STARLINK-11077,2024-11-28T14:02:36Z,2024-11-29T17:25:34Z,146.2,346.85
58708,STARLINK-11079,2024-11-28T15:19:53Z,2024-11-29T05:01:20Z,-125.7,346.85
58708,STARLINK-11079,2024-11-29T05:01:20Z,2024-11-29T17:11:33Z,108.4,346.85
58710,STARLINK-11078,2024-11-26T14:10:53Z,2024-11-27T13:00:03Z,203.6,346.92
58710,STARLINK-11078,2024-11-27T16:02:37Z,2024-11-28T14:51:41Z,-261.8,346.92
58710,STARLINK-11078,2024-11-28T14:51:41Z,2024-11-29T12:09:36Z,171.9,346.92
58712,STARLINK-31029,2024-11-29T01:32:57Z,2024-11-29T07:55:32Z,154.3,558.89
58712,STARLINK-31029,2024-11-29T07:55:32Z,2024-11-29T23:51:51Z,-155.3,558.89
58719,STARLINK-31051,2024-11-30T07:22:11Z,2024-11-30T15:20:22Z,140.3,558.86
58729,STARLINK-31115,2024-11-29T17:26:32Z,2024-11-30T01:25:09Z,-101.8,566.21
58730,STARLINK-31150,2024-11-26T10:42:28Z,2024-11-27T10:02:46Z,148.2,451.19
58730,STARLINK-31150,2024-11-27T10:02:46Z,2024-11-27T19:22:52Z,-179.5,451.19
58730,STARLINK-31150,2024-11-28T09:23:04Z,2024-11-29T02:29:58Z,145.7,451.19
58738,STARLINK-31108,2024-11-26T18:50:40Z,2024-11-27T02:49:20Z,151.3,566.23
58738,STARLINK-31108,2024-11-27T02:49:20Z,2024-11-27T10:47:58Z,-160.7,566.23
58742,STARLINK-31151,2024-11-29T02:17:12Z,2024-11-29T18:14:30Z,115.2,566.21
58742,STARLINK-31151,2024-11-29T18:14:30Z,2024-11-29T23:01:40Z,-142.9,566.21
58744,STARLINK-31167,2024-11-27T15:33:55Z,2024-11-28T07:16:30Z,-132.7,495.21
58744,STARLINK-31167,2024-11-28T13:33:32Z,2024-11-28T15:07:48Z,144.2,495.21
58745,STARLINK-31176,2024-11-26T19:48:06Z,2024-11-27T03:46:42Z,-165.2,566.19
58749,STARLINK-31160,2024-11-27T11:26:09Z,2024-11-28T01:47:40Z,-189.7,566.21
58749,STARLINK-31160,2024-11-28T01:47:40Z,2024-11-29T09:42:15Z,163.4,566.21
58749,STARLINK-31160,2024-11-29T09:42:15Z,2024-11-30T09:38:08Z,-122.8,566.21
58767,STARLINK-31140,2024-11-28T00:58:50Z,2024-11-28T10:32:36Z,-110.4,558.86
58767,STARLINK-31140,2024-11-28T10:32:36Z,2024-11-29T00:53:20Z,145.5,558.86
58770,STARLINK-31143,2024-11-27T21:32:07Z,2024-11-28T03:54:39Z,105.7,558.86
58770,STARLINK-31143,2024-11-28T03:54:39Z,2024-11-28T10:17:11Z,-171.5,558.86
58772,STARLINK-31136,2024-11-28T06:56:36Z,2024-11-28T18:06:05Z,117.0,558.9
58774,STARLINK-31122,2024-11-26T10:09:36Z,2024-11-27T10:04:10Z,298.1,558.83
58774,STARLINK-31122,2024-11-27T18:02:21Z,2024-11-28T06:47:19Z,-220.5,558.83
58774,STARLINK-31122,2024-11-28T17:56:44Z,2024-11-29T06:41:54Z,184.8,558.83
58774,STARLINK-31122,2024-11-29T17:51:20Z,2024-11-30T00:13:50Z,-117.4,558.83
58775,STARLINK-31123,2024-11-27T00:25:43Z,2024-11-27T17:57:40Z,-107.1,558.86
58775,STARLINK-31123,2024-11-27T17:57:40Z,2024-11-28T09:54:03Z,108.0,558.86
58775,STARLINK-31123,2024-11-28T09:54:03Z,2024-11-28T17:52:10Z,-126.6,558.86
58775,STARLINK-31123,2024-11-29T09:48:29Z,2024-11-29T17:46:41Z,102.0,558.86
58777,STARLINK-31132,2024-11-28T07:21:16Z,2024-11-28T21:27:43Z,-114.6,482.4
58782,STARLINK-31060,2024-11-27T00:00:01Z,2024-11-27T14:43:03Z,-328.3,420.5
58782,STARLINK-31060,2024-11-27T14:43:03Z,2024-11-27T20:54:11Z,-104.6,420.5
58782,STARLINK-31060,2024-11-27T23:59:45Z,2024-11-28T06:10:52Z,-163.4,420.5
58782,STARLINK-31060,2024-11-28T06:10:52Z,2024-11-28T13:54:45Z,-169.9,420.5
58782,STARLINK-31060,2024-11-28T13:54:45Z,2024-11-28T20:05:51Z,-150.1,420.5
58782,STARLINK-31060,2024-11-28T20:05:51Z,2024-11-29T06:55:14Z,-265.2,420.5
58785,STARLINK-31034,2024-11-26T12:04:17Z,2024-11-26T21:28:17Z,-146.1,478.63
58785,STARLINK-31034,2024-11-26T21:28:17Z,2024-11-28T09:30:04Z,-841.1,478.63
58785,STARLINK-31034,2024-11-28T09:30:04Z,2024-11-28T14:11:58Z,-129.5,478.63
58785,STARLINK-31034,2024-11-28T14:11:58Z,2024-11-29T01:09:47Z,-372.1,478.63
58785,STARLINK-31034,2024-11-29T05:51:42Z,2024-11-29T20:00:01Z,-748.2,478.63
58785,STARLINK-31034,2024-11-29T20:00:01Z,2024-11-29T22:00:01Z,-123.7,478.63
58785,STARLINK-31034,2024-11-29T22:00:01Z,2024-11-29T23:05:17Z,409.7,478.63
58785,STARLINK-31034,2024-11-29T23:05:17Z,2024-11-30T13:10:52Z,-434.0,478.63
58786,STARLINK-31024,2024-11-28T07:35:06Z,2024-11-28T17:08:56Z,160.8,558.87
58786,STARLINK-31024,2024-11-28T17:08:56Z,2024-11-29T07:29:37Z,-204.0,558.87
58786,STARLINK-31024,2024-11-29T07:29:37Z,2024-11-29T17:03:27Z,155.9,558.87
58787,STARLINK-31189,2024-11-26T09:07:42Z,2024-11-26T21:41:47Z,154.4,495.19
58787,STARLINK-31189,2024-11-26T21:41:47Z,2024-11-27T05:33:07Z,166.7,495.19
58787,STARLINK-31189,2024-11-27T13:24:26Z,2024-11-28T03:32:45Z,-118.2,495.19
58787,STARLINK-31189,2024-11-29T12:32:13Z,2024-11-30T12:06:04Z,-123.0,495.19
58789,STARLINK-31166,2024-11-29T12:51:31Z,2024-11-30T04:34:09Z,104.7,495.19
58790,STARLINK-31187,2024-11-28T12:48:31Z,2024-11-28T20:39:49Z,100.2,495.18
58790,STARLINK-31187,2024-11-28T20:39:49Z,2024-11-29T04:31:08Z,106.4,495.18
58793,STARLINK-31184,2024-11-26T21:22:17Z,2024-11-27T06:47:52Z,300.4,495.2
58793,STARLINK-31184,2024-11-27T13:04:54Z,2024-11-27T20:56:12Z,-111.0,495.2
58793,STARLINK-31184,2024-11-27T20:56:12Z,2024-11-28T03:13:14Z,-145.6,495.2
58794,STARLINK-31192,2024-11-26T23:25:40Z,2024-11-27T05:42:40Z,-131.0,495.19
58794,STARLINK-31192,2024-11-27T21:25:16Z,2024-11-28T03:42:19Z,132.3,495.19
58794,STARLINK-31192,2024-11-28T20:59:11Z,2024-11-29T03:16:11Z,-187.5,495.19
58794,STARLINK-31192,2024-11-29T03:16:11Z,2024-11-29T20:33:05Z,239.3,495.19
58794,STARLINK-31192,2024-11-29T22:07:21Z,2024-11-30T04:24:22Z,-100.9,495.19
58795,STARLINK-31161,2024-11-26T22:50:00Z,2024-11-27T06:41:14Z,-158.5,495.16
58795,STARLINK-31161,2024-11-27T06:41:14Z,2024-11-27T20:49:39Z,242.0,495.16
58795,STARLINK-31161,2024-11-28T06:15:15Z,2024-11-29T02:40:34Z,-217.2,495.16
58796,STARLINK-31195,2024-11-27T20:46:25Z,2024-11-28T03:03:26Z,-133.7,495.18
58796,STARLINK-31195,2024-11-28T04:37:41Z,2024-11-29T02:37:20Z,129.3,495.18
58797,STARLINK-31193,2024-11-27T06:34:48Z,2024-11-28T03:00:10Z,-114.5,495.22
58797,STARLINK-31193,2024-11-28T04:34:25Z,2024-11-29T02:34:05Z,122.2,495.22
58798,STARLINK-31168,2024-11-28T04:31:06Z,2024-11-28T20:13:47Z,132.8,495.17
58798,STARLINK-31168,2024-11-28T20:13:47Z,2024-11-29T02:30:53Z,115.4,495.17
58798,STARLINK-31168,2024-11-29T02:30:53Z,2024-11-29T19:47:42Z,-162.9,495.17
58798,STARLINK-31168,2024-11-29T19:47:42Z,2024-11-29T22:56:10Z,-100.6,495.17
58802,STARLINK-31173,2024-11-26T12:00:01Z,2024-11-26T22:00:01Z,-234.3,473.13
58802,STARLINK-31173,2024-11-26T22:00:01Z,2024-11-27T12:00:02Z,-458.9,473.13
58802,STARLINK-31173,2024-11-27T14:00:01Z,2024-11-27T22:00:01Z,-221.9,473.13
58802,STARLINK-31173,2024-11-27T22:00:01Z,2024-11-28T12:00:01Z,-131.7,473.13
58802,STARLINK-31173,2024-11-28T12:00:01Z,2024-11-28T14:00:01Z,-118.0,473.13
58802,STARLINK-31173,2024-11-28T14:00:01Z,2024-11-28T20:00:01Z,-208.1,473.13
58802,STARLINK-31173,2024-11-29T02:00:45Z,2024-11-30T01:27:36Z,-636.5,473.13
58802,STARLINK-31173,2024-11-30T01:27:36Z,2024-11-30T10:50:18Z,-103.6,473.13
58806,STARLINK-31138,2024-11-26T21:48:07Z,2024-11-27T05:39:26Z,190.1,495.2
58807,STARLINK-31163,2024-11-28T19:47:42Z,2024-11-29T19:21:38Z,108.2,495.15
58808,STARLINK-31174,2024-11-26T22:10:55Z,2024-11-26T23:45:13Z,267.3,495.22
58808,STARLINK-31174,2024-11-26T23:45:13Z,2024-11-27T13:53:33Z,-149.0,495.22
58808,STARLINK-31174,2024-11-27T13:53:33Z,2024-11-28T05:36:07Z,-122.5,495.22
58808,STARLINK-31174,2024-11-28T13:27:26Z,2024-11-28T19:44:30Z,107.3,495.22
58808,STARLINK-31174,2024-11-28T21:18:46Z,2024-11-29T13:01:21Z,-151.8,495.22
58808,STARLINK-31174,2024-11-29T22:26:54Z,2024-11-30T04:43:55Z,-131.9,495.22
58809,STARLINK-31169,2024-11-26T22:07:38Z,2024-11-27T05:58:59Z,185.8,495.21
58809,STARLINK-31169,2024-11-27T13:50:17Z,2024-11-27T21:41:35Z,-135.4,495.21
58809,STARLINK-31169,2024-11-29T12:58:06Z,2024-11-30T12:31:55Z,-161.1,495.21
58828,STARLINK-31222,2024-11-28T16:53:49Z,2024-11-29T02:16:38Z,-118.0,470.4
58832,STARLINK-31263,2024-11-26T09:56:42Z,2024-11-26T17:45:40Z,-136.1,470.37
58832,STARLINK-31263,2024-11-26T17:45:40Z,2024-11-26T22:27:08Z,128.8,470.37
58832,STARLINK-31263,2024-11-27T21:54:12Z,2024-11-28T19:47:28Z,-120.1,470.37
58832,STARLINK-31263,2024-11-28T19:47:28Z,2024-11-29T02:02:45Z,123.2,470.37
58834,STARLINK-31171,2024-11-26T14:00:01Z,2024-11-26T22:00:01Z,-330.9,444.65
58834,STARLINK-31171,2024-11-26T22:00:01Z,2024-11-27T06:00:01Z,-192.4,444.65
58834,STARLINK-31171,2024-11-27T06:00:01Z,2024-11-27T14:00:01Z,-133.5,444.65
58834,STARLINK-31171,2024-11-27T14:00:01Z,2024-11-27T22:00:01Z,-296.1,444.65
58834,STARLINK-31171,2024-11-27T22:00:01Z,2024-11-28T01:31:03Z,227.5,444.65
58834,STARLINK-31171,2024-11-28T01:31:03Z,2024-11-28T14:00:01Z,-530.3,444.65
58834,STARLINK-31171,2024-11-28T14:00:01Z,2024-11-28T22:00:01Z,-288.3,444.65
58834,STARLINK-31171,2024-11-28T22:00:01Z,2024-11-28T23:16:56Z,338.2,444.65
58834,STARLINK-31171,2024-11-28T23:16:56Z,2024-11-29T08:36:32Z,-252.4,444.65
58834,STARLINK-31171,2024-11-29T08:36:32Z,2024-11-29T16:22:52Z,-102.7,444.65
58834,STARLINK-31171,2024-11-29T16:22:52Z,2024-11-29T22:35:55Z,-211.1,444.65
58834,STARLINK-31171,2024-11-29T22:35:55Z,2024-11-30T04:48:56Z,-171.4,444.65
58834,STARLINK-31171,2024-11-30T04:48:56Z,2024-11-30T15:41:44Z,-214.0,444.65
58836,STARLINK-31251,2024-11-28T10:05:00Z,2024-11-28T16:20:13Z,-228.2,470.38
58836,STARLINK-31251,2024-11-28T16:20:13Z,2024-11-28T22:35:27Z,181.6,470.38
58837,STARLINK-31172,2024-11-27T02:23:14Z,2024-11-27T22:27:02Z,-500.6,410.96
58837,STARLINK-31172,2024-11-27T22:27:02Z,2024-11-28T09:15:11Z,-277.2,410.96
58837,STARLINK-31172,2024-11-28T09:15:11Z,2024-11-28T22:00:01Z,-351.4,410.96
58837,STARLINK-31172,2024-11-28T23:08:27Z,2024-11-29T08:23:56Z,-223.1,410.96
58837,STARLINK-31172,2024-11-29T08:23:56Z,2024-11-30T01:22:14Z,-434.1,410.96
58838,STARLINK-31249,2024-11-28T10:04:33Z,2024-11-28T22:34:58Z,-110.9,470.38
58839,STARLINK-31250,2024-11-26T22:00:46Z,2024-11-27T16:46:25Z,-110.5,470.37
58846,STARLINK-31273,2024-11-27T22:47:45Z,2024-11-28T09:44:25Z,132.9,470.39
58846,STARLINK-31273,2024-11-28T09:44:25Z,2024-11-28T15:59:37Z,-161.2,470.39
58847,STARLINK-31262,2024-11-26T23:03:00Z,2024-11-27T13:23:40Z,-218.7,558.88
58847,STARLINK-31262,2024-11-27T13:23:40Z,2024-11-27T19:46:14Z,223.4,558.88
58853,STARLINK-31238,2024-11-26T12:10:25Z,2024-11-27T03:52:59Z,-280.5,495.21
58853,STARLINK-31238,2024-11-29T01:26:31Z,2024-11-29T07:43:37Z,102.5,495.21
58853,STARLINK-31238,2024-11-29T07:43:37Z,2024-11-30T01:00:24Z,-177.0,495.21
58853,STARLINK-31238,2024-11-30T01:00:24Z,2024-11-30T07:17:24Z,-113.1,495.21
58857,STARLINK-31216,2024-11-26T22:00:01Z,2024-11-27T06:00:01Z,-292.2,457.67
58857,STARLINK-31216,2024-11-27T06:00:01Z,2024-11-27T14:00:01Z,-141.1,457.67
58857,STARLINK-31216,2024-11-27T14:00:01Z,2024-11-27T20:00:01Z,-269.7,457.67
58857,STARLINK-31216,2024-11-27T22:00:01Z,2024-11-28T14:00:01Z,-472.6,457.67
58857,STARLINK-31216,2024-11-28T14:00:01Z,2024-11-28T22:00:01Z,-244.7,457.67
58857,STARLINK-31216,2024-11-28T22:00:01Z,2024-11-29T02:57:42Z,-178.9,457.67
58857,STARLINK-31216,2024-11-29T02:57:42Z,2024-11-29T22:00:01Z,-530.6,457.67
58857,STARLINK-31216,2024-11-29T22:00:01Z,2024-11-30T14:00:01Z,-550.8,457.67
58859,STARLINK-31197,2024-11-29T18:21:29Z,2024-11-30T08:29:51Z,161.2,495.21
58860,STARLINK-31213,2024-11-26T12:07:59Z,2024-11-27T02:16:21Z,100.3,495.12
58860,STARLINK-31213,2024-11-27T02:16:21Z,2024-11-27T11:41:58Z,188.8,495.12
58860,STARLINK-31213,2024-11-27T11:41:58Z,2024-11-28T03:24:33Z,-169.3,495.12
58860,STARLINK-31213,2024-11-28T11:15:48Z,2024-11-29T02:58:26Z,231.9,495.12
58862,STARLINK-31200,2024-11-26T14:17:55Z,2024-11-27T10:43:17Z,139.3,495.18
58864,STARLINK-31242,2024-11-27T01:53:33Z,2024-11-27T09:44:51Z,152.6,495.16
58864,STARLINK-31242,2024-11-27T09:44:51Z,2024-11-28T09:18:45Z,-142.3,495.16
58864,STARLINK-31242,2024-11-29T02:35:37Z,2024-11-29T14:00:01Z,240.2,495.16
58864,STARLINK-31242,2024-11-29T14:00:01Z,2024-11-29T18:18:14Z,-141.1,495.16
58865,STARLINK-31223,2024-11-26T14:11:24Z,2024-11-27T02:45:31Z,123.8,495.18
58865,STARLINK-31223,2024-11-29T11:18:51Z,2024-11-30T01:27:11Z,-134.5,495.18
58865,STARLINK-31223,2024-11-30T01:27:11Z,2024-11-30T09:18:28Z,100.9,495.18
58867,STARLINK-31198,2024-11-29T17:58:40Z,2024-11-30T09:41:20Z,145.5,495.19
58869,STARLINK-31203,2024-11-26T13:27:32Z,2024-11-28T01:35:33Z,135.6,495.15
58869,STARLINK-31203,2024-11-28T01:35:33Z,2024-11-29T02:43:41Z,-116.5,495.15
58872,STARLINK-31215,2024-11-29T18:28:00Z,2024-11-30T02:19:17Z,-102.5,495.18
58873,STARLINK-31177,2024-11-29T11:15:35Z,2024-11-30T09:15:14Z,132.1,495.19
58874,STARLINK-30945,2024-11-27T09:18:48Z,2024-11-28T02:35:40Z,120.1,495.2
58879,STARLINK-31296,2024-11-26T07:52:19Z,2024-11-27T07:13:08Z,-504.2,448.98
58879,STARLINK-31296,2024-11-27T07:13:08Z,2024-11-28T11:13:50Z,-780.8,448.98
58879,STARLINK-31296,2024-11-28T11:13:50Z,2024-11-28T23:40:46Z,-333.4,448.98
58879,STARLINK-31296,2024-11-28T23:40:46Z,2024-11-29T09:00:54Z,-213.2,448.98
58879,STARLINK-31296,2024-11-29T09:00:54Z,2024-11-29T16:47:40Z,-166.9,448.98
58879,STARLINK-31296,2024-11-29T16:47:40Z,2024-11-29T23:01:03Z,-296.6,448.98
58879,STARLINK-31296,2024-11-29T23:01:03Z,2024-11-30T05:14:26Z,-124.6,448.98
58879,STARLINK-31296,2024-11-30T05:14:26Z,2024-11-30T16:07:50Z,-190.5,448.98
58884,STARLINK-31315,2024-11-28T04:39:53Z,2024-11-28T21:54:33Z,194.1,482.35
58884,STARLINK-31315,2024-11-28T21:54:33Z,2024-11-29T15:09:05Z,-170.1,482.35
58887,STARLINK-31321,2024-11-29T00:18:36Z,2024-11-29T06:34:51Z,137.0,482.38
58897,STARLINK-31190,2024-11-26T10:05:22Z,2024-11-27T06:28:05Z,120.0,482.39
58938,STARLINK-31377,2024-11-26T09:03:55Z,2024-11-27T08:34:41Z,-209.9,482.36
58938,STARLINK-31377,2024-11-27T16:24:56Z,2024-11-27T22:41:11Z,180.3,482.36
58939,STARLINK-31372,2024-11-28T00:06:06Z,2024-11-28T15:46:35Z,-106.1,482.37
58939,STARLINK-31372,2024-11-28T15:46:35Z,2024-11-29T07:27:10Z,182.2,482.37
58940,STARLINK-31371,2024-11-27T08:24:05Z,2024-11-27T16:14:16Z,-147.7,482.41
58940,STARLINK-31371,2024-11-27T16:14:16Z,2024-11-28T00:04:26Z,-203.8,482.41
58940,STARLINK-31371,2024-11-28T00:04:26Z,2024-11-28T07:54:53Z,471.1,482.41
58942,STARLINK-31354,2024-11-28T00:01:33Z,2024-11-28T06:17:47Z,105.3,482.35
58942,STARLINK-31354,2024-11-28T06:17:47Z,2024-11-28T15:42:03Z,-146.2,482.35
58942,STARLINK-31354,2024-11-28T23:32:20Z,2024-11-29T08:56:43Z,130.2,482.35
58943,STARLINK-31346,2024-11-26T10:15:09Z,2024-11-27T00:21:39Z,164.7,482.36
58943,STARLINK-31346,2024-11-28T06:08:39Z,2024-11-28T15:32:55Z,-122.5,482.36
58943,STARLINK-31346,2024-11-28T15:32:55Z,2024-11-29T08:47:36Z,209.2,482.36
58943,STARLINK-31346,2024-11-29T08:47:36Z,2024-11-29T22:54:02Z,-106.0,482.36
58945,STARLINK-31359,2024-11-26T12:00:01Z,2024-11-26T20:00:02Z,-242.4,374.98
58945,STARLINK-31359,2024-11-26T20:00:02Z,2024-11-26T22:00:01Z,-127.8,374.98
58945,STARLINK-31359,2024-11-26T22:00:01Z,2024-11-27T12:00:02Z,-685.5,374.98
58945,STARLINK-31359,2024-11-27T12:00:02Z,2024-11-27T14:00:01Z,-115.3,374.98
58945,STARLINK-31359,2024-11-27T14:00:01Z,2024-11-27T22:00:01Z,-299.5,374.98
58945,STARLINK-31359,2024-11-27T22:00:01Z,2024-11-28T12:00:01Z,2073.5,374.98
58945,STARLINK-31359,2024-11-28T12:00:01Z,2024-11-28T14:00:01Z,405.1,374.98
58945,STARLINK-31359,2024-11-28T14:00:01Z,2024-11-28T22:00:01Z,1640.0,374.98
58945,STARLINK-31359,2024-11-28T22:00:01Z,2024-11-29T04:00:02Z,1147.3,374.98
58945,STARLINK-31359,2024-11-29T04:00:02Z,2024-11-29T22:00:01Z,3351.2,374.98
58945,STARLINK-31359,2024-11-29T22:00:01Z,2024-11-30T04:00:01Z,1282.4,374.98
58945,STARLINK-31359,2024-11-30T04:00:01Z,2024-11-30T14:00:01Z,1950.8,374.98
58947,STARLINK-31116,2024-11-27T06:33:18Z,2024-11-27T15:57:43Z,220.6,482.39
58947,STARLINK-31116,2024-11-27T15:57:43Z,2024-11-28T04:29:58Z,-381.2,482.39
58948,STARLINK-31311,2024-11-27T09:32:18Z,2024-11-27T23:38:45Z,-129.1,482.39
58949,STARLINK-31294,2024-11-26T09:09:59Z,2024-11-27T08:40:44Z,-505.5,482.36
58949,STARLINK-31294,2024-11-27T08:40:44Z,2024-11-27T16:30:59Z,100.0,482.36
58949,STARLINK-31294,2024-11-27T16:30:59Z,2024-11-27T22:47:16Z,393.2,482.36
58951,STARLINK-31330,2024-11-26T08:37:15Z,2024-11-27T00:17:29Z,-235.3,480.64
58951,STARLINK-31330,2024-11-27T00:17:29Z,2024-11-27T06:33:34Z,-138.6,480.64
58951,STARLINK-31330,2024-11-27T06:33:34Z,2024-11-28T10:45:48Z,-492.2,480.64
58951,STARLINK-31330,2024-11-28T10:45:48Z,2024-11-29T08:41:52Z,-413.5,480.64
58951,STARLINK-31330,2024-11-29T08:41:52Z,2024-11-30T09:45:46Z,-408.3,480.64
58965,STARLINK-31373,2024-11-28T07:37:13Z,2024-11-28T15:27:31Z,101.7,482.37
58966,STARLINK-31449,2024-11-28T15:24:29Z,2024-11-29T10:13:05Z,-108.3,482.4
58968,STARLINK-31356,2024-11-26T22:47:58Z,2024-11-27T08:07:43Z,-224.1,444.14
58968,STARLINK-31356,2024-11-27T08:07:43Z,2024-11-27T15:54:08Z,-238.1,444.14
58968,STARLINK-31356,2024-11-27T15:54:08Z,2024-11-27T23:40:32Z,-242.0,444.14
58968,STARLINK-31356,2024-11-27T23:40:32Z,2024-11-28T07:26:55Z,-286.3,444.14
58968,STARLINK-31356,2024-11-28T07:26:55Z,2024-11-28T22:00:01Z,-544.5,444.14
58968,STARLINK-31356,2024-11-28T22:00:01Z,2024-11-29T22:00:01Z,-919.6,444.14
58968,STARLINK-31356,2024-11-29T22:00:01Z,2024-11-30T04:00:01Z,-234.1,444.14
58968,STARLINK-31356,2024-11-30T04:00:01Z,2024-11-30T12:00:01Z,-403.8,444.14
58969,STARLINK-31335,2024-11-27T05:03:04Z,2024-11-27T22:16:38Z,-166.7,477.85
58969,STARLINK-31335,2024-11-28T07:40:24Z,2024-11-28T15:30:13Z,113.6,477.85
58969,STARLINK-31335,2024-11-28T15:30:13Z,2024-11-29T04:01:53Z,-106.9,477.85
58969,STARLINK-31335,2024-11-29T04:01:53Z,2024-11-29T21:15:29Z,217.6,477.85
58969,STARLINK-31335,2024-11-29T21:15:29Z,2024-11-30T05:05:18Z,-140.3,477.85
58978,STARLINK-31355,2024-11-26T07:54:46Z,2024-11-26T22:01:16Z,185.0,482.38
58981,STARLINK-31339,2024-11-27T07:34:42Z,2024-11-27T21:41:09Z,-150.1,482.4
58981,STARLINK-31339,2024-11-27T21:41:09Z,2024-11-28T14:55:46Z,131.5,482.4
58982,STARLINK-31360,2024-11-26T07:56:08Z,2024-11-26T23:26:31Z,-219.6,432.3
58982,STARLINK-31360,2024-11-26T23:26:31Z,2024-11-27T07:11:41Z,-119.9,432.3
58982,STARLINK-31360,2024-11-27T07:11:41Z,2024-11-27T14:56:51Z,-111.5,432.3
58982,STARLINK-31360,2024-11-27T14:56:51Z,2024-11-28T04:54:06Z,-215.2,432.3
58982,STARLINK-31360,2024-11-28T04:54:06Z,2024-11-28T21:57:22Z,-274.7,432.3
58982,STARLINK-31360,2024-11-28T21:57:22Z,2024-11-29T04:09:26Z,-102.7,432.3
58982,STARLINK-31360,2024-11-29T04:09:26Z,2024-11-29T21:12:37Z,-279.4,432.3
58982,STARLINK-31360,2024-11-29T21:12:37Z,2024-11-30T06:30:41Z,-170.8,432.3
58982,STARLINK-31360,2024-11-30T06:30:41Z,2024-11-30T14:15:43Z,-112.3,432.3
58983,STARLINK-31384,2024-11-27T15:34:06Z,2024-11-27T23:24:18Z,-162.2,482.37
58983,STARLINK-31384,2024-11-27T23:24:18Z,2024-11-28T07:14:37Z,152.7,482.37
58984,STARLINK-31379,2024-11-26T22:25:36Z,2024-11-27T07:49:53Z,-110.6,482.35
58984,STARLINK-31379,2024-11-27T15:40:09Z,2024-11-27T23:30:25Z,108.9,482.35
58984,STARLINK-31379,2024-11-28T07:20:43Z,2024-11-28T21:27:10Z,-157.2,482.35
58985,STARLINK-31385,2024-11-29T21:56:21Z,2024-11-30T04:12:31Z,-202.4,482.39
58986,STARLINK-31229,2024-11-29T21:07:07Z,2024-11-30T06:31:24Z,-121.6,482.39
59000,STARLINK-31529,2024-11-28T17:44:33Z,2024-11-29T18:47:40Z,-560.8,476.87
59000,STARLINK-31529,2024-11-29T18:47:40Z,2024-11-30T13:34:52Z,402.5,476.87
59000,STARLINK-31529,2024-11-30T13:34:52Z,2024-11-30T16:42:45Z,155.3,476.87
59002,STARLINK-31431,2024-11-29T19:14:35Z,2024-11-30T14:03:18Z,163.6,482.39
59005,STARLINK-31484,2024-11-29T18:16:53Z,2024-11-30T13:05:29Z,-125.1,482.35
59006,STARLINK-31450,2024-11-28T14:14:34Z,2024-11-28T17:22:39Z,-132.7,482.38
59006,STARLINK-31450,2024-11-28T17:22:39Z,2024-11-29T07:29:09Z,131.0,482.38
59006,STARLINK-31450,2024-11-29T18:27:29Z,2024-11-30T13:16:10Z,101.2,482.38
59009,STARLINK-31488,2024-11-27T17:39:42Z,2024-11-28T15:36:30Z,160.8,482.36
59009,STARLINK-31488,2024-11-28T15:36:30Z,2024-11-29T07:16:59Z,-206.8,482.36
59011,STARLINK-31491,2024-11-26T08:31:03Z,2024-11-26T17:55:25Z,122.3,482.35
59011,STARLINK-31491,2024-11-28T16:56:56Z,2024-11-29T07:03:29Z,223.7,482.35
59011,STARLINK-31491,2024-11-29T13:19:42Z,2024-11-30T06:34:16Z,-108.5,482.35
59011,STARLINK-31491,2024-11-30T06:34:16Z,2024-11-30T14:24:33Z,104.3,482.35
59012,STARLINK-31465,2024-11-27T15:44:32Z,2024-11-28T01:08:52Z,111.9,482.39
59013,STARLINK-31389,2024-11-28T13:45:50Z,2024-11-28T16:53:54Z,-138.9,482.34
59013,STARLINK-31389,2024-11-28T16:53:54Z,2024-11-29T19:32:50Z,114.4,482.34
59014,STARLINK-31454,2024-11-27T14:05:55Z,2024-11-27T17:14:03Z,169.3,482.35
59014,STARLINK-31454,2024-11-28T01:04:19Z,2024-11-28T16:44:49Z,-143.9,482.35
59014,STARLINK-31454,2024-11-28T16:44:49Z,2024-11-29T16:15:39Z,133.5,482.35
59014,STARLINK-31454,2024-11-29T19:23:44Z,2024-11-30T15:46:21Z,-154.9,482.35
59015,STARLINK-31521,2024-11-26T08:17:23Z,2024-11-26T16:07:39Z,100.7,482.37
59016,STARLINK-31526,2024-11-28T12:57:06Z,2024-11-29T12:19:17Z,399.9,454.39
59016,STARLINK-31526,2024-11-29T12:19:17Z,2024-11-29T15:26:12Z,-571.8,454.39
59016,STARLINK-31526,2024-11-29T15:26:12Z,2024-11-30T11:41:26Z,215.0,454.39
59019,STARLINK-31436,2024-11-27T08:03:27Z,2024-11-27T14:19:37Z,-141.3,482.41
59019,STARLINK-31436,2024-11-28T13:50:26Z,2024-11-29T13:21:10Z,-154.5,482.41
59025,STARLINK-31178,2024-11-29T19:18:50Z,2024-11-30T03:10:09Z,154.3,495.19
59027,STARLINK-30863,2024-11-26T20:30:39Z,2024-11-27T12:13:11Z,-149.9,495.22
59027,STARLINK-30863,2024-11-27T12:13:11Z,2024-11-27T20:04:33Z,188.6,495.22
59028,STARLINK-31206,2024-11-29T16:46:40Z,2024-11-30T08:20:12Z,-119.7,451.18
59029,STARLINK-31224,2024-11-27T20:01:17Z,2024-11-28T03:52:36Z,210.3,495.22
59029,STARLINK-31224,2024-11-28T03:52:36Z,2024-11-28T18:00:54Z,-202.5,495.22
59032,STARLINK-30862,2024-11-26T21:06:37Z,2024-11-27T11:12:06Z,-240.5,479.68
59032,STARLINK-30862,2024-11-27T12:46:03Z,2024-11-28T12:15:09Z,-206.0,479.68
59032,STARLINK-30862,2024-11-28T12:15:09Z,2024-11-29T11:44:11Z,-216.9,479.68
59032,STARLINK-30862,2024-11-29T11:44:11Z,2024-11-30T03:23:29Z,-156.3,479.68
59033,STARLINK-31210,2024-11-28T20:10:47Z,2024-11-29T04:02:08Z,136.3,495.19
59033,STARLINK-31210,2024-11-29T11:53:26Z,2024-11-30T03:36:00Z,-107.5,495.19
59035,STARLINK-31207,2024-11-30T03:26:14Z,2024-11-30T11:17:30Z,-127.7,495.19
59036,STARLINK-31217,2024-11-26T20:03:36Z,2024-11-27T09:55:51Z,-395.4,407.67
59036,STARLINK-31217,2024-11-27T09:55:51Z,2024-11-27T16:05:43Z,-146.4,407.67
59036,STARLINK-31217,2024-11-27T16:05:43Z,2024-11-28T01:20:30Z,-262.1,407.67
59036,STARLINK-31217,2024-11-28T01:20:30Z,2024-11-28T09:02:47Z,-244.3,407.67
59036,STARLINK-31217,2024-11-28T09:02:47Z,2024-11-28T15:12:36Z,-170.6,407.67
59036,STARLINK-31217,2024-11-28T15:12:36Z,2024-11-30T14:58:10Z,-1419.3,407.67
59038,STARLINK-31235,2024-11-26T22:24:15Z,2024-11-27T04:41:17Z,138.2,495.15
59040,STARLINK-31225,2024-11-26T20:17:03Z,2024-11-27T19:50:55Z,-103.7,495.16
59041,STARLINK-31240,2024-11-26T21:25:49Z,2024-11-27T17:51:16Z,104.2,495.2
59041,STARLINK-31240,2024-11-27T17:51:16Z,2024-11-28T11:08:03Z,-110.8,495.2
59042,STARLINK-31202,2024-11-26T22:33:51Z,2024-11-27T04:50:55Z,-201.5,495.18
59042,STARLINK-31202,2024-11-27T12:42:12Z,2024-11-28T12:16:04Z,128.5,495.18
59042,STARLINK-31202,2024-11-28T12:16:04Z,2024-11-28T20:07:20Z,-142.9,495.18
59042,STARLINK-31202,2024-11-28T20:07:20Z,2024-11-29T03:58:39Z,104.9,495.18
59045,STARLINK-31241,2024-11-27T20:46:42Z,2024-11-28T12:29:17Z,-138.9,495.19
59045,STARLINK-31241,2024-11-28T12:29:17Z,2024-11-29T04:11:52Z,125.4,495.19
59078,STARLINK-31274,2024-11-27T16:34:47Z,2024-11-28T13:00:11Z,104.9,495.19
59078,STARLINK-31274,2024-11-28T16:08:43Z,2024-11-29T12:34:03Z,-131.7,495.19
59079,STARLINK-31257,2024-11-26T13:49:06Z,2024-11-27T13:22:57Z,-134.3,495.17
59079,STARLINK-31257,2024-11-27T14:57:12Z,2024-11-28T06:39:52Z,261.9,495.17
59079,STARLINK-31257,2024-11-30T05:47:39Z,2024-11-30T13:38:55Z,-117.4,495.17
59080,STARLINK-31299,2024-11-29T17:04:53Z,2024-11-30T04:00:01Z,-192.3,451.17
59080,STARLINK-31299,2024-11-30T04:00:01Z,2024-11-30T08:00:01Z,200.6,451.17
59082,STARLINK-31286,2024-11-28T05:54:29Z,2024-11-28T15:19:56Z,-258.7,495.22
59082,STARLINK-31286,2024-11-28T15:19:56Z,2024-11-30T01:53:44Z,254.1,495.22
59082,STARLINK-31286,2024-11-30T06:36:31Z,2024-11-30T14:27:45Z,-144.9,495.22
59083,STARLINK-31252,2024-11-26T22:00:01Z,2024-11-27T12:00:02Z,-475.8,378.32
59083,STARLINK-31252,2024-11-27T14:00:01Z,2024-11-27T22:00:01Z,-442.1,378.32
59083,STARLINK-31252,2024-11-27T22:00:01Z,2024-11-28T14:00:01Z,-574.8,378.32
59083,STARLINK-31252,2024-11-28T14:00:01Z,2024-11-28T20:00:01Z,-402.2,378.32
59083,STARLINK-31252,2024-11-28T22:00:01Z,2024-11-29T20:00:01Z,-978.5,378.32
59083,STARLINK-31252,2024-11-29T22:00:01Z,2024-11-30T04:00:01Z,-284.6,378.32
59083,STARLINK-31252,2024-11-30T04:00:01Z,2024-11-30T12:00:01Z,-305.4,378.32
59085,STARLINK-31290,2024-11-26T06:48:28Z,2024-11-27T06:16:56Z,-533.3,476.58
59085,STARLINK-31290,2024-11-27T06:16:56Z,2024-11-28T07:19:06Z,-597.7,476.58
59085,STARLINK-31290,2024-11-28T07:19:06Z,2024-11-29T06:47:15Z,-454.1,476.58
59085,STARLINK-31290,2024-11-29T06:47:15Z,2024-11-30T04:41:21Z,-624.9,476.58
59089,STARLINK-31307,2024-11-27T12:50:27Z,2024-11-28T14:00:01Z,-264.4,495.19
59089,STARLINK-31307,2024-11-28T14:00:01Z,2024-11-28T20:00:01Z,432.0,495.19
59089,STARLINK-31307,2024-11-28T22:00:01Z,2024-11-29T11:58:14Z,-144.2,495.19
59092,STARLINK-31310,2024-11-29T14:24:37Z,2024-11-30T12:24:13Z,-109.8,495.18
59095,STARLINK-31295,2024-11-27T13:36:02Z,2024-11-27T15:10:17Z,-185.6,495.2
59095,STARLINK-31295,2024-11-27T15:10:17Z,2024-11-28T06:52:51Z,122.4,495.2
59095,STARLINK-31295,2024-11-28T06:52:51Z,2024-11-28T13:09:58Z,152.7,495.2
59156,STARLINK-31338,2024-11-27T01:27:34Z,2024-11-28T02:35:43Z,-120.0,495.24
59156,STARLINK-31338,2024-11-28T02:35:43Z,2024-11-28T16:44:04Z,117.3,495.24
59163,STARLINK-31278,2024-11-28T10:04:11Z,2024-11-28T17:55:25Z,-148.9,494.74
59163,STARLINK-31278,2024-11-28T17:55:25Z,2024-11-29T01:46:35Z,-223.6,494.74
59163,STARLINK-31278,2024-11-29T01:46:35Z,2024-11-29T09:37:43Z,-299.9,494.74
59163,STARLINK-31278,2024-11-29T09:37:43Z,2024-11-29T17:28:50Z,-246.0,494.74
59163,STARLINK-31278,2024-11-29T17:28:50Z,2024-11-30T01:19:56Z,-354.0,494.74
59163,STARLINK-31278,2024-11-30T01:19:56Z,2024-11-30T09:11:02Z,-156.5,494.74
59167,STARLINK-31298,2024-11-27T18:08:36Z,2024-11-28T09:51:10Z,-119.2,495.19
59167,STARLINK-31298,2024-11-28T09:51:10Z,2024-11-28T16:08:13Z,112.0,495.19
59174,STARLINK-31283,2024-11-28T04:00:01Z,2024-11-28T14:00:01Z,188.7,451.25
59174,STARLINK-31283,2024-11-28T22:00:01Z,2024-11-29T04:00:02Z,-142.7,451.25
59174,STARLINK-31283,2024-11-29T04:00:02Z,2024-11-29T12:00:01Z,370.9,451.25
59174,STARLINK-31283,2024-11-29T12:00:01Z,2024-11-29T22:00:01Z,-143.0,451.25
59174,STARLINK-31283,2024-11-29T22:00:01Z,2024-11-30T14:00:01Z,-507.3,451.25
59179,STARLINK-31410,2024-11-26T18:15:21Z,2024-11-26T22:55:28Z,396.9,451.18
59179,STARLINK-31410,2024-11-26T22:55:28Z,2024-11-27T09:48:54Z,-136.0,451.18
59180,STARLINK-31395,2024-11-28T16:39:49Z,2024-11-29T01:59:57Z,122.8,451.17
59183,STARLINK-31347,2024-11-26T09:29:08Z,2024-11-26T17:08:42Z,-1737.1,381.47
59183,STARLINK-31347,2024-11-26T17:08:42Z,2024-11-26T21:44:20Z,-1340.5,381.47
59183,STARLINK-31347,2024-11-26T21:44:20Z,2024-11-27T02:19:57Z,-378.1,381.47
59183,STARLINK-31347,2024-11-27T02:19:57Z,2024-11-27T17:38:34Z,-742.5,381.47
59183,STARLINK-31347,2024-11-27T17:38:34Z,2024-11-28T01:17:50Z,-192.9,381.47
59183,STARLINK-31347,2024-11-28T01:17:50Z,2024-11-28T08:57:11Z,647.5,381.47
59183,STARLINK-31347,2024-11-28T08:57:11Z,2024-11-28T16:36:43Z,2186.7,381.47
59183,STARLINK-31347,2024-11-28T16:36:43Z,2024-11-28T21:12:33Z,1612.2,381.47
59183,STARLINK-31347,2024-11-28T21:12:33Z,2024-11-29T00:16:31Z,745.6,381.47
59183,STARLINK-31347,2024-11-29T00:16:31Z,2024-11-29T07:56:30Z,2034.6,381.47
59183,STARLINK-31347,2024-11-29T07:56:30Z,2024-11-29T15:36:42Z,1892.0,381.47
59183,STARLINK-31347,2024-11-29T15:36:42Z,2024-11-30T14:37:11Z,-785.2,381.47
59187,STARLINK-31514,2024-11-27T01:58:55Z,2024-11-27T17:32:27Z,221.3,451.19
59187,STARLINK-31514,2024-11-27T17:32:27Z,2024-11-28T01:19:13Z,-245.7,451.19
59188,STARLINK-31478,2024-11-26T18:31:17Z,2024-11-27T02:18:04Z,221.2,451.17
59188,STARLINK-31478,2024-11-27T02:18:04Z,2024-11-27T10:04:50Z,-189.0,451.17
59189,STARLINK-31498,2024-11-26T09:49:52Z,2024-11-27T01:23:15Z,-511.1,451.17
59189,STARLINK-31498,2024-11-27T01:23:15Z,2024-11-28T02:17:05Z,427.4,451.17
59191,STARLINK-31551,2024-11-26T23:21:15Z,2024-11-27T10:14:42Z,-119.3,451.18
59192,STARLINK-31536,2024-11-26T12:00:01Z,2024-11-26T20:00:02Z,290.8,451.2
59192,STARLINK-31536,2024-11-27T14:00:01Z,2024-11-27T20:00:01Z,-107.6,451.2
59192,STARLINK-31536,2024-11-27T22:00:01Z,2024-11-28T04:00:01Z,148.2,451.2
59192,STARLINK-31536,2024-11-28T04:00:01Z,2024-11-28T12:00:01Z,-279.9,451.2
59192,STARLINK-31536,2024-11-28T12:00:01Z,2024-11-28T14:00:01Z,228.5,451.2
59192,STARLINK-31536,2024-11-29T22:00:01Z,2024-11-30T14:00:01Z,190.6,451.2
59193,STARLINK-31548,2024-11-26T18:02:35Z,2024-11-27T09:35:59Z,-331.4,451.32
59193,STARLINK-31548,2024-11-28T02:42:49Z,2024-11-28T08:56:20Z,298.3,451.32
59194,STARLINK-31542,2024-11-27T01:04:15Z,2024-11-28T09:44:41Z,193.1,451.17
59195,STARLINK-31554,2024-11-29T16:58:02Z,2024-11-30T08:31:32Z,-136.3,451.21
59197,STARLINK-31275,2024-11-28T13:39:33Z,2024-11-28T16:46:19Z,140.8,451.19
59199,STARLINK-31567,2024-11-28T09:22:05Z,2024-11-28T17:08:52Z,131.8,451.19
59199,STARLINK-31567,2024-11-28T17:08:52Z,2024-11-29T00:55:37Z,-240.8,451.19
59199,STARLINK-31567,2024-11-29T00:55:37Z,2024-11-29T08:42:24Z,102.6,451.19
59200,STARLINK-31503,2024-11-27T09:55:16Z,2024-11-27T17:42:08Z,192.2,451.17
59203,STARLINK-31577,2024-11-29T22:00:01Z,2024-11-30T04:00:01Z,-161.6,482.36
59203,STARLINK-31577,2024-11-30T04:00:01Z,2024-11-30T12:00:01Z,271.6,482.36
59206,STARLINK-31247,2024-11-27T22:10:07Z,2024-11-28T06:00:26Z,141.5,482.38
59212,STARLINK-31492,2024-11-27T22:32:57Z,2024-11-28T12:39:26Z,102.0,482.37
59213,STARLINK-31517,2024-11-28T22:46:09Z,2024-11-29T22:16:56Z,253.5,482.38
59213,STARLINK-31517,2024-11-29T22:16:56Z,2024-11-30T12:23:25Z,-295.7,482.38
59215,STARLINK-31434,2024-11-26T13:46:48Z,2024-11-27T13:17:35Z,-126.6,482.36
59215,STARLINK-31434,2024-11-27T13:17:35Z,2024-11-27T22:41:54Z,105.8,482.36
59222,STARLINK-31490,2024-11-28T12:34:53Z,2024-11-29T12:05:43Z,430.8,482.39
59222,STARLINK-31490,2024-11-29T12:05:43Z,2024-11-29T19:55:57Z,-446.6,482.39
59231,STARLINK-31304,2024-11-27T04:31:12Z,2024-11-27T20:04:43Z,-108.7,451.22
59231,STARLINK-31304,2024-11-28T13:11:35Z,2024-11-28T22:31:43Z,188.8,451.22
59231,STARLINK-31304,2024-11-28T22:31:43Z,2024-11-29T18:45:18Z,-126.5,451.22
59232,STARLINK-31305,2024-11-29T19:27:03Z,2024-11-30T04:47:13Z,144.3,451.21
59233,STARLINK-31459,2024-11-26T21:32:35Z,2024-11-27T05:19:24Z,115.0,451.2
59233,STARLINK-31459,2024-11-28T03:06:14Z,2024-11-28T12:26:29Z,293.7,451.2
59233,STARLINK-31459,2024-11-28T20:13:13Z,2024-11-29T11:46:44Z,-103.3,451.2
59235,STARLINK-31467,2024-11-27T13:09:23Z,2024-11-28T03:09:31Z,-110.0,451.16
59235,STARLINK-31467,2024-11-29T02:29:52Z,2024-11-29T19:36:44Z,-105.7,451.16
59236,STARLINK-31444,2024-11-26T19:45:41Z,2024-11-28T01:36:23Z,403.0,264.37
59236,STARLINK-31444,2024-11-28T01:36:23Z,2024-11-28T18:01:24Z,467.6,264.37
59236,STARLINK-31444,2024-11-28T18:01:24Z,2024-11-30T10:19:24Z,790.7,264.37
59237,STARLINK-31505,2024-11-27T05:16:12Z,2024-11-27T13:02:54Z,-169.5,451.2
59237,STARLINK-31505,2024-11-27T13:02:54Z,2024-11-28T04:36:26Z,839.6,451.2
59237,STARLINK-31505,2024-11-28T04:36:26Z,2024-11-28T12:23:13Z,-676.6,451.2
59237,STARLINK-31505,2024-11-28T12:23:13Z,2024-11-28T20:10:00Z,-112.8,451.2
59238,STARLINK-31494,2024-11-27T13:28:44Z,2024-11-27T21:15:28Z,-110.9,451.18
59239,STARLINK-31303,2024-11-28T19:30:50Z,2024-11-28T21:04:17Z,255.8,451.18
59239,STARLINK-31303,2024-11-28T21:04:17Z,2024-11-29T18:51:10Z,-159.6,451.18
59240,STARLINK-31408,2024-11-28T04:58:52Z,2024-11-28T12:45:34Z,-124.6,451.24
59240,STARLINK-31408,2024-11-28T12:45:34Z,2024-11-29T12:05:57Z,168.2,451.24
59241,STARLINK-31427,2024-11-26T21:06:35Z,2024-11-27T03:19:58Z,-139.9,451.2
59241,STARLINK-31427,2024-11-27T03:19:58Z,2024-11-27T12:40:08Z,221.9,451.2
59241,STARLINK-31427,2024-11-27T20:26:53Z,2024-11-27T22:00:15Z,117.0,451.2
59242,STARLINK-31423,2024-11-27T06:17:15Z,2024-11-27T20:17:27Z,-360.7,451.19
59242,STARLINK-31423,2024-11-27T20:17:27Z,2024-11-28T04:04:11Z,308.0,451.19
59242,STARLINK-31423,2024-11-29T12:44:36Z,2024-11-30T12:04:51Z,-145.9,451.19
59243,STARLINK-31433,2024-11-28T12:32:51Z,2024-11-29T04:06:29Z,162.5,451.16
59243,STARLINK-31433,2024-11-29T04:06:29Z,2024-11-29T11:53:12Z,-174.1,451.16
59244,STARLINK-31285,2024-11-27T13:31:57Z,2024-11-27T21:18:38Z,-134.7,451.25
59244,STARLINK-31285,2024-11-27T21:18:38Z,2024-11-28T12:52:17Z,236.3,451.25
59244,STARLINK-31285,2024-11-29T02:52:27Z,2024-11-29T12:12:32Z,-190.0,451.25
59245,STARLINK-31268,2024-11-27T21:16:46Z,2024-11-28T01:56:53Z,159.2,451.19
59246,STARLINK-31284,2024-11-28T04:49:22Z,2024-11-29T04:09:37Z,-153.9,451.19
59246,STARLINK-31284,2024-11-29T04:09:37Z,2024-11-29T11:56:26Z,228.7,451.19
59247,STARLINK-31424,2024-11-26T20:28:16Z,2024-11-26T23:35:01Z,111.7,451.23
59247,STARLINK-31424,2024-11-27T21:21:55Z,2024-11-27T22:55:20Z,128.4,451.23
59247,STARLINK-31424,2024-11-29T04:29:04Z,2024-11-29T20:02:30Z,-275.4,451.23
59247,STARLINK-31424,2024-11-29T20:02:30Z,2024-11-30T03:49:20Z,203.7,451.23
59249,STARLINK-31426,2024-11-27T12:37:06Z,2024-11-27T20:23:49Z,-122.9,451.15
59249,STARLINK-31426,2024-11-27T20:23:49Z,2024-11-28T04:10:35Z,133.4,451.15
59249,STARLINK-31426,2024-11-29T03:30:59Z,2024-11-30T04:24:35Z,-100.6,451.15
59251,STARLINK-31418,2024-11-27T13:20:26Z,2024-11-27T20:00:01Z,-438.5,413.44
59251,STARLINK-31418,2024-11-27T22:00:01Z,2024-11-28T04:00:01Z,-231.3,413.44
59251,STARLINK-31418,2024-11-28T04:00:01Z,2024-11-28T12:00:01Z,517.9,413.44
59251,STARLINK-31418,2024-11-28T12:00:01Z,2024-11-28T14:00:01Z,-388.7,413.44
59251,STARLINK-31418,2024-11-28T14:00:01Z,2024-11-28T20:00:01Z,-138.3,413.44
59251,STARLINK-31418,2024-11-28T22:00:01Z,2024-11-29T12:00:01Z,-410.9,413.44
59251,STARLINK-31418,2024-11-29T12:00:01Z,2024-11-29T20:00:01Z,-1380.1,413.44
59251,STARLINK-31418,2024-11-29T20:00:01Z,2024-11-29T22:00:01Z,-451.4,413.44
59251,STARLINK-31418,2024-11-29T22:00:01Z,2024-11-30T04:00:01Z,-941.0,413.44
59251,STARLINK-31418,2024-11-30T04:00:01Z,2024-11-30T12:00:01Z,-1679.8,413.44
59251,STARLINK-31418,2024-11-30T12:00:01Z,2024-11-30T14:00:01Z,-200.9,413.44
59252,STARLINK-31393,2024-11-27T12:56:16Z,2024-11-27T20:43:01Z,192.8,451.23
59253,STARLINK-31425,2024-11-27T13:19:02Z,2024-11-27T19:32:27Z,282.9,451.22
59253,STARLINK-31425,2024-11-27T19:32:27Z,2024-11-27T21:05:46Z,-304.3,451.22
59253,STARLINK-31425,2024-11-27T21:05:46Z,2024-11-28T03:19:14Z,103.4,451.22
59257,STARLINK-31655,2024-11-26T22:00:01Z,2024-11-27T06:00:01Z,-464.4,364.43
59257,STARLINK-31655,2024-11-27T06:00:01Z,2024-11-27T14:00:01Z,-347.2,364.43
59257,STARLINK-31655,2024-11-27T14:00:01Z,2024-11-27T22:00:01Z,-356.9,364.43
59257,STARLINK-31655,2024-11-27T22:00:01Z,2024-11-28T04:00:01Z,-399.2,364.43
59257,STARLINK-31655,2024-11-28T04:00:01Z,2024-11-28T14:00:01Z,-1050.3,364.43
59257,STARLINK-31655,2024-11-28T14:00:01Z,2024-11-28T22:00:01Z,687.6,364.43
59257,STARLINK-31655,2024-11-28T22:00:01Z,2024-11-29T04:00:02Z,870.4,364.43
59257,STARLINK-31655,2024-11-29T04:00:02Z,2024-11-29T20:00:01Z,3189.7,364.43
59257,STARLINK-31655,2024-11-29T20:00:01Z,2024-11-29T22:00:01Z,395.8,364.43
59257,STARLINK-31655,2024-11-29T22:00:01Z,2024-11-30T12:00:01Z,2665.4,364.43
59257,STARLINK-31655,2024-11-30T12:00:01Z,2024-11-30T14:00:01Z,315.5,364.43
59264,STARLINK-31645,2024-11-27T08:11:22Z,2024-11-27T23:51:50Z,-132.8,482.39
59264,STARLINK-31645,2024-11-27T23:51:50Z,2024-11-28T07:42:09Z,147.1,482.39
59265,STARLINK-31646,2024-11-28T00:01:02Z,2024-11-28T07:51:16Z,-108.0,482.39
59265,STARLINK-31646,2024-11-29T23:02:38Z,2024-11-30T06:52:51Z,-138.3,482.39
59267,STARLINK-31579,2024-11-29T07:08:24Z,2024-11-30T00:22:57Z,-151.5,482.37
59267,STARLINK-31579,2024-11-30T00:22:57Z,2024-11-30T06:39:13Z,378.8,482.37
59269,STARLINK-31609,2024-11-26T22:51:35Z,2024-11-27T08:15:55Z,103.0,482.38
59269,STARLINK-31609,2024-11-29T07:17:29Z,2024-11-29T21:23:59Z,131.1,482.38
59272,STARLINK-31623,2024-11-27T15:19:05Z,2024-11-28T00:43:22Z,-191.4,482.37
59272,STARLINK-31623,2024-11-28T00:43:22Z,2024-11-29T00:14:12Z,209.1,482.37
59299,STARLINK-31409,2024-11-29T02:37:20Z,2024-11-29T08:50:46Z,146.1,451.22
59299,STARLINK-31409,2024-11-29T08:50:46Z,2024-11-29T18:10:52Z,-111.8,451.22
59300,STARLINK-31489,2024-11-29T08:37:51Z,2024-11-30T07:58:08Z,-138.7,451.17
59301,STARLINK-31502,2024-11-26T14:25:19Z,2024-11-27T09:05:40Z,117.3,451.11
59301,STARLINK-31502,2024-11-28T13:05:58Z,2024-11-29T04:00:02Z,211.3,451.11
59301,STARLINK-31502,2024-11-29T04:00:02Z,2024-11-29T08:00:01Z,-271.6,451.11
59301,STARLINK-31502,2024-11-29T20:00:01Z,2024-11-29T22:00:01Z,171.0,451.11
59305,STARLINK-31500,2024-11-27T11:11:15Z,2024-11-28T02:44:45Z,-107.3,451.19
59305,STARLINK-31500,2024-11-28T02:44:45Z,2024-11-28T12:04:53Z,114.6,451.19
59307,STARLINK-31282,2024-11-26T12:00:01Z,2024-11-26T16:00:01Z,167.9,451.18
59307,STARLINK-31282,2024-11-26T16:00:01Z,2024-11-27T11:01:34Z,-203.8,451.18
59309,STARLINK-31455,2024-11-27T03:59:59Z,2024-11-27T11:46:43Z,-104.6,451.18
59313,STARLINK-31495,2024-11-29T09:16:22Z,2024-11-30T00:49:52Z,-134.7,451.19
59314,STARLINK-31477,2024-11-26T10:43:21Z,2024-11-27T03:50:18Z,143.8,451.21
59314,STARLINK-31477,2024-11-27T11:37:04Z,2024-11-28T09:24:08Z,267.3,451.21
59314,STARLINK-31477,2024-11-28T09:24:08Z,2024-11-28T20:00:01Z,-971.5,451.21
59314,STARLINK-31477,2024-11-28T22:00:01Z,2024-11-29T02:30:51Z,497.4,451.21
59314,STARLINK-31477,2024-11-29T02:30:51Z,2024-11-29T10:17:43Z,242.4,451.21
59314,STARLINK-31477,2024-11-29T10:17:43Z,2024-11-29T18:04:26Z,-103.7,451.21
59316,STARLINK-31479,2024-11-26T10:03:42Z,2024-11-27T10:56:31Z,-765.5,447.34
59316,STARLINK-31479,2024-11-27T10:56:31Z,2024-11-27T12:29:48Z,-186.5,447.34
59316,STARLINK-31479,2024-11-27T12:29:48Z,2024-11-27T20:00:01Z,-856.1,447.34
59316,STARLINK-31479,2024-11-27T22:00:01Z,2024-11-28T04:00:01Z,-265.7,447.34
59316,STARLINK-31479,2024-11-28T04:00:01Z,2024-11-28T14:00:01Z,-289.8,447.34
59316,STARLINK-31479,2024-11-28T14:00:01Z,2024-11-28T22:00:01Z,-326.5,447.34
59316,STARLINK-31479,2024-11-28T22:00:01Z,2024-11-29T04:00:02Z,-266.6,447.34
59316,STARLINK-31479,2024-11-29T04:00:02Z,2024-11-29T20:00:01Z,-345.5,447.34
59316,STARLINK-31479,2024-11-29T22:00:01Z,2024-11-30T14:00:01Z,-458.0,447.34
59318,STARLINK-31464,2024-11-29T02:21:10Z,2024-11-29T17:54:45Z,134.1,451.18
59320,STARLINK-31402,2024-11-26T14:00:01Z,2024-11-26T22:00:01Z,-549.2,336.98
59320,STARLINK-31402,2024-11-26T22:00:01Z,2024-11-27T14:00:01Z,-1637.8,336.98
59320,STARLINK-31402,2024-11-27T14:00:01Z,2024-11-27T20:00:01Z,-878.2,336.98
59320,STARLINK-31402,2024-11-27T20:00:01Z,2024-11-27T22:00:01Z,120.5,336.98
59320,STARLINK-31402,2024-11-27T22:00:01Z,2024-11-28T04:00:01Z,1746.7,336.98
59320,STARLINK-31402,2024-11-28T04:00:01Z,2024-11-28T14:00:01Z,737.3,336.98
59320,STARLINK-31402,2024-11-28T14:00:01Z,2024-11-28T22:00:01Z,-122.8,336.98
59320,STARLINK-31402,2024-11-28T22:00:01Z,2024-11-29T14:52:39Z,-700.4,336.98
59320,STARLINK-31402,2024-11-29T14:52:39Z,2024-11-30T04:00:01Z,489.5,336.98
59320,STARLINK-31402,2024-11-30T04:00:01Z,2024-11-30T14:00:01Z,-336.0,336.98
59322,STARLINK-31530,2024-11-29T15:27:24Z,2024-11-30T12:00:01Z,204.7,451.15
59322,STARLINK-31530,2024-11-30T12:00:01Z,2024-11-30T14:00:01Z,-192.1,451.15
59322,STARLINK-31530,2024-11-30T14:00:01Z,2024-11-30T16:00:01Z,-187.8,451.15
59325,STARLINK-31611,2024-11-29T07:27:49Z,2024-11-30T05:14:39Z,-201.5,451.22
59327,STARLINK-31599,2024-11-26T23:52:50Z,2024-11-27T16:59:42Z,-105.1,451.19
59327,STARLINK-31599,2024-11-29T00:06:46Z,2024-11-29T07:53:35Z,108.4,451.19
59328,STARLINK-31614,2024-11-28T06:40:34Z,2024-11-28T16:00:39Z,-121.4,451.2
59329,STARLINK-31493,2024-11-27T09:06:30Z,2024-11-27T16:53:14Z,-201.6,451.2
59329,STARLINK-31493,2024-11-27T16:53:14Z,2024-11-28T00:40:01Z,208.6,451.2
59329,STARLINK-31493,2024-11-28T06:53:27Z,2024-11-28T16:13:33Z,-106.4,451.2
59331,STARLINK-31633,2024-11-27T23:41:57Z,2024-11-28T05:55:23Z,107.0,451.17
59331,STARLINK-31633,2024-11-29T22:22:34Z,2024-11-29T23:55:53Z,-163.0,451.17
59331,STARLINK-31633,2024-11-29T23:55:53Z,2024-11-30T15:29:26Z,110.2,451.17
59332,STARLINK-31594,2024-11-29T00:16:15Z,2024-11-29T08:03:04Z,108.5,451.2
59333,STARLINK-31572,2024-11-28T16:22:59Z,2024-11-29T00:09:50Z,194.8,451.19
59335,STARLINK-31588,2024-11-29T07:30:59Z,2024-11-30T00:37:50Z,-108.4,451.23
59335,STARLINK-31588,2024-11-30T00:37:50Z,2024-11-30T08:24:39Z,104.5,451.23
59338,STARLINK-31550,2024-11-27T10:04:22Z,2024-11-27T16:17:50Z,168.1,450.83
59338,STARLINK-31550,2024-11-28T06:18:02Z,2024-11-29T05:38:17Z,-157.4,450.83
59339,STARLINK-31473,2024-11-28T06:43:47Z,2024-11-28T16:03:52Z,-120.2,451.18
59341,STARLINK-31600,2024-11-30T07:55:36Z,2024-11-30T15:42:20Z,-147.9,451.16
59348,STARLINK-31605,2024-11-26T13:38:55Z,2024-11-27T11:25:52Z,121.5,451.2
59348,STARLINK-31605,2024-11-28T10:46:10Z,2024-11-29T10:06:26Z,-241.0,451.2
59349,STARLINK-31532,2024-11-28T03:47:35Z,2024-11-28T10:01:07Z,339.5,451.18
59349,STARLINK-31532,2024-11-28T13:07:49Z,2024-11-29T12:27:58Z,-334.3,451.18
59350,STARLINK-31593,2024-11-27T12:36:39Z,2024-11-27T15:43:19Z,-128.5,451.17
59350,STARLINK-31593,2024-11-27T15:43:19Z,2024-11-28T10:23:35Z,113.2,451.17
59351,STARLINK-31555,2024-11-28T12:45:07Z,2024-11-29T10:32:07Z,132.5,451.18
59351,STARLINK-31555,2024-11-29T12:05:29Z,2024-11-30T09:52:21Z,-182.4,451.18
59352,STARLINK-31561,2024-11-30T04:33:47Z,2024-11-30T09:13:53Z,104.3,451.19
59355,STARLINK-31416,2024-11-29T10:44:58Z,2024-11-29T12:18:17Z,-455.8,451.19
59355,STARLINK-31416,2024-11-29T12:18:17Z,2024-11-30T03:51:53Z,426.2,451.19
59356,STARLINK-31552,2024-11-27T12:55:48Z,2024-11-28T04:29:19Z,-132.4,451.24
59356,STARLINK-31552,2024-11-30T03:09:56Z,2024-11-30T09:23:24Z,140.3,451.24
59357,STARLINK-31557,2024-11-29T09:49:56Z,2024-11-30T09:10:12Z,-251.4,451.19
59357,STARLINK-31557,2024-11-30T09:10:12Z,2024-11-30T12:16:56Z,272.0,451.19
59359,STARLINK-31501,2024-11-27T13:15:10Z,2024-11-28T03:15:16Z,-140.6,451.27
59359,STARLINK-31501,2024-11-28T03:15:16Z,2024-11-28T11:02:10Z,259.7,451.27
59359,STARLINK-31501,2024-11-28T12:35:30Z,2024-11-29T04:08:58Z,-170.2,451.27
59359,STARLINK-31501,2024-11-29T04:08:58Z,2024-11-29T10:22:25Z,105.3,451.27
59361,STARLINK-31560,2024-11-26T06:14:31Z,2024-11-26T12:27:57Z,167.2,451.18
59361,STARLINK-31560,2024-11-26T12:27:57Z,2024-11-27T05:34:50Z,-136.1,451.18
59361,STARLINK-31560,2024-11-27T13:21:36Z,2024-11-28T04:55:06Z,-325.6,451.18
59361,STARLINK-31560,2024-11-28T04:55:06Z,2024-11-28T12:41:53Z,299.5,451.18
59362,STARLINK-31571,2024-11-27T03:58:17Z,2024-11-27T13:18:21Z,-135.0,451.15
59363,STARLINK-31553,2024-11-28T11:30:55Z,2024-11-29T10:51:13Z,-148.4,451.17
59363,STARLINK-31553,2024-11-29T10:51:13Z,2024-11-29T12:24:35Z,122.3,451.17
59363,STARLINK-31553,2024-11-29T12:24:35Z,2024-11-30T03:58:07Z,214.3,451.17
59363,STARLINK-31553,2024-11-30T03:58:07Z,2024-11-30T11:44:53Z,-197.5,451.17
59364,STARLINK-31547,2024-11-26T13:29:14Z,2024-11-27T12:49:32Z,-287.0,451.18
59364,STARLINK-31547,2024-11-27T12:49:32Z,2024-11-28T12:09:50Z,283.5,451.18
59365,STARLINK-31537,2024-11-26T15:24:58Z,2024-11-27T03:51:44Z,-133.1,451.15
59365,STARLINK-31537,2024-11-27T03:51:44Z,2024-11-27T13:11:52Z,152.3,451.15
59365,STARLINK-31537,2024-11-27T13:11:52Z,2024-11-28T04:45:26Z,205.4,451.15
59365,STARLINK-31537,2024-11-28T04:45:26Z,2024-11-29T10:19:10Z,-117.7,451.15
59366,STARLINK-31451,2024-11-26T13:13:03Z,2024-11-27T12:33:26Z,284.4,451.2
59366,STARLINK-31451,2024-11-27T12:33:26Z,2024-11-28T04:06:56Z,-155.2,451.2
59367,STARLINK-31428,2024-11-26T13:03:22Z,2024-11-27T12:23:45Z,201.2,451.24
59368,STARLINK-31419,2024-11-27T15:23:57Z,2024-11-28T13:10:55Z,150.0,451.16
59369,STARLINK-31583,2024-11-28T10:49:24Z,2024-11-29T11:42:59Z,-137.8,451.21
59369,STARLINK-31583,2024-11-29T11:42:59Z,2024-11-29T14:49:45Z,156.5,451.21
59369,STARLINK-31583,2024-11-29T14:49:45Z,2024-11-30T03:16:39Z,128.0,451.21
59369,STARLINK-31583,2024-11-30T03:16:39Z,2024-11-30T09:30:00Z,-139.2,451.21
59370,STARLINK-31461,2024-11-26T13:32:30Z,2024-11-27T12:52:47Z,-155.7,451.22
59370,STARLINK-31461,2024-11-28T12:13:06Z,2024-11-29T11:33:20Z,-105.6,451.22
59370,STARLINK-31461,2024-11-29T11:33:20Z,2024-11-30T00:00:13Z,160.5,451.22
59374,STARLINK-31641,2024-11-29T01:48:44Z,2024-11-29T19:03:17Z,-106.1,482.38
59377,STARLINK-31716,2024-11-26T12:00:01Z,2024-11-26T22:00:01Z,-372.8,381.93
59377,STARLINK-31716,2024-11-26T22:00:01Z,2024-11-27T14:00:01Z,-540.1,381.93
59377,STARLINK-31716,2024-11-27T14:00:01Z,2024-11-27T22:00:01Z,-415.1,381.93
59377,STARLINK-31716,2024-11-27T22:00:01Z,2024-11-28T04:00:01Z,-150.3,381.93
59377,STARLINK-31716,2024-11-28T04:00:01Z,2024-11-28T14:00:01Z,-416.5,381.93
59377,STARLINK-31716,2024-11-28T14:00:01Z,2024-11-28T22:00:01Z,-428.0,381.93
59377,STARLINK-31716,2024-11-28T22:00:01Z,2024-11-29T04:00:02Z,-141.8,381.93
59377,STARLINK-31716,2024-11-29T04:00:02Z,2024-11-29T12:00:01Z,-393.4,381.93
59377,STARLINK-31716,2024-11-29T12:00:01Z,2024-11-29T20:00:01Z,-369.7,381.93
59377,STARLINK-31716,2024-11-29T20:00:01Z,2024-11-29T22:00:01Z,-103.1,381.93
59377,STARLINK-31716,2024-11-29T22:00:01Z,2024-11-30T12:00:01Z,-566.0,381.93
59378,STARLINK-31710,2024-11-28T11:58:02Z,2024-11-28T19:48:16Z,-103.6,482.39
59379,STARLINK-31698,2024-11-26T23:34:58Z,2024-11-27T05:51:13Z,240.5,482.41
59379,STARLINK-31698,2024-11-28T05:22:05Z,2024-11-28T19:28:31Z,-127.2,482.41
59382,STARLINK-31705,2024-11-28T19:43:43Z,2024-11-29T01:59:56Z,136.6,482.34
59382,STARLINK-31705,2024-11-29T01:59:56Z,2024-11-30T04:38:51Z,-151.4,482.34
59383,STARLINK-31709,2024-11-28T12:25:22Z,2024-11-29T04:05:55Z,150.2,482.37
59386,STARLINK-31688,2024-11-27T19:37:22Z,2024-11-28T01:53:37Z,115.9,482.38
59389,STARLINK-31647,2024-11-28T02:11:50Z,2024-11-28T05:19:58Z,195.9,482.36
59389,STARLINK-31647,2024-11-28T05:19:58Z,2024-11-28T13:10:12Z,-214.4,482.36
59389,STARLINK-31647,2024-11-28T19:26:24Z,2024-11-29T00:08:37Z,104.0,482.36
59390,STARLINK-31649,2024-11-26T20:36:03Z,2024-11-27T20:06:45Z,-124.2,482.46
59390,STARLINK-31649,2024-11-27T20:06:45Z,2024-11-28T02:23:06Z,310.2,482.46
59390,STARLINK-31649,2024-11-28T02:23:06Z,2024-11-28T08:39:16Z,-123.7,482.46
59391,STARLINK-31644,2024-11-28T19:03:37Z,2024-11-28T22:11:45Z,127.5,482.39
59391,STARLINK-31644,2024-11-29T23:16:34Z,2024-11-30T11:49:01Z,111.3,482.39
59393,STARLINK-31443,2024-11-28T01:29:28Z,2024-11-28T12:23:53Z,120.0,454.42
59394,STARLINK-31607,2024-11-26T21:56:24Z,2024-11-26T23:30:31Z,141.9,482.37
59394,STARLINK-31607,2024-11-26T23:30:31Z,2024-11-28T02:09:23Z,-136.1,482.37
59394,STARLINK-31607,2024-11-28T22:32:05Z,2024-11-29T00:06:09Z,104.6,482.37
59394,STARLINK-31607,2024-11-29T04:48:19Z,2024-11-29T18:54:44Z,-233.9,482.37
59394,STARLINK-31607,2024-11-29T23:36:54Z,2024-11-30T12:09:22Z,169.8,482.37
59397,STARLINK-31608,2024-11-27T12:45:27Z,2024-11-28T12:16:13Z,-102.9,482.37
59397,STARLINK-31608,2024-11-28T12:16:13Z,2024-11-29T02:22:43Z,102.5,482.37
59397,STARLINK-31608,2024-11-29T02:22:43Z,2024-11-29T11:47:04Z,154.4,482.37
59397,STARLINK-31608,2024-11-29T11:47:04Z,2024-11-30T11:17:51Z,-256.0,482.37
59398,STARLINK-31534,2024-11-27T07:18:39Z,2024-11-28T06:38:54Z,-131.4,451.2
59398,STARLINK-31534,2024-11-29T23:06:06Z,2024-11-30T13:06:15Z,-266.7,451.2
59399,STARLINK-31544,2024-11-28T23:23:13Z,2024-11-29T22:43:30Z,-177.4,451.17
59400,STARLINK-31545,2024-11-29T14:21:16Z,2024-11-29T20:34:39Z,-135.0,451.2
59400,STARLINK-31545,2024-11-29T20:34:39Z,2024-11-30T05:54:48Z,123.2,451.2
59401,STARLINK-31507,2024-11-28T14:48:06Z,2024-11-28T22:34:53Z,-392.4,451.19
59401,STARLINK-31507,2024-11-28T22:34:53Z,2024-11-29T06:21:37Z,329.5,451.19
59404,STARLINK-31374,2024-11-26T22:00:01Z,2024-11-27T04:00:01Z,-381.4,362.38
59404,STARLINK-31374,2024-11-27T04:00:01Z,2024-11-27T14:00:01Z,-497.7,362.38
59404,STARLINK-31374,2024-11-27T14:00:01Z,2024-11-27T22:00:01Z,-712.0,362.38
59404,STARLINK-31374,2024-11-27T22:00:01Z,2024-11-28T04:00:01Z,380.0,362.38
59404,STARLINK-31374,2024-11-28T04:00:01Z,2024-11-28T12:00:01Z,1787.0,362.38
59404,STARLINK-31374,2024-11-28T12:00:01Z,2024-11-28T14:00:01Z,236.4,362.38
59404,STARLINK-31374,2024-11-28T14:00:01Z,2024-11-28T20:00:01Z,1221.9,362.38
59404,STARLINK-31374,2024-11-28T20:00:01Z,2024-11-28T22:00:01Z,446.3,362.38
59404,STARLINK-31374,2024-11-28T22:00:01Z,2024-11-29T12:00:01Z,2717.5,362.38
59404,STARLINK-31374,2024-11-29T12:00:01Z,2024-11-29T22:00:01Z,1921.7,362.38
59404,STARLINK-31374,2024-11-29T22:00:01Z,2024-11-30T04:00:01Z,1048.7,362.38
59404,STARLINK-31374,2024-11-30T04:00:01Z,2024-11-30T14:00:01Z,1926.6,362.38
59409,STARLINK-31396,2024-11-27T07:24:52Z,2024-11-28T06:45:08Z,-112.7,451.18
59409,STARLINK-31396,2024-11-28T06:45:08Z,2024-11-28T14:31:55Z,110.8,451.18
59409,STARLINK-31396,2024-11-29T13:52:14Z,2024-11-30T05:25:45Z,-114.3,451.18
59412,STARLINK-31568,2024-11-27T23:43:33Z,2024-11-28T15:17:01Z,-130.7,451.15
59412,STARLINK-31568,2024-11-28T15:17:01Z,2024-11-29T06:50:38Z,192.3,451.15
59412,STARLINK-31568,2024-11-29T22:24:10Z,2024-11-30T06:10:51Z,-196.8,451.15
59414,STARLINK-31457,2024-11-29T14:27:20Z,2024-11-30T12:14:16Z,150.9,451.18
59414,STARLINK-31457,2024-11-30T12:14:16Z,2024-11-30T13:47:36Z,-203.1,451.18
59422,STARLINK-11090,2024-11-27T04:27:38Z,2024-11-28T10:53:07Z,-104.2,346.88
59429,STARLINK-31773,2024-11-29T04:05:40Z,2024-11-29T21:13:54Z,-112.9,454.37
59429,STARLINK-31773,2024-11-29T21:13:54Z,2024-11-29T22:47:24Z,199.8,454.37
59432,STARLINK-31780,2024-11-30T08:41:32Z,2024-11-30T13:21:59Z,107.8,454.38
59433,STARLINK-31740,2024-11-28T22:05:07Z,2024-11-29T04:19:03Z,131.2,454.38
59435,STARLINK-31696,2024-11-28T04:16:46Z,2024-11-28T21:24:59Z,-165.2,454.35
59437,STARLINK-31706,2024-11-29T21:07:14Z,2024-11-29T22:40:40Z,-103.2,454.38
59438,STARLINK-31711,2024-11-26T11:32:59Z,2024-11-27T00:00:52Z,121.9,454.38
59438,STARLINK-31711,2024-11-27T00:00:52Z,2024-11-28T04:03:21Z,-216.1,454.38
59438,STARLINK-31711,2024-11-28T05:36:49Z,2024-11-28T21:11:38Z,159.9,454.38
59439,STARLINK-31708,2024-11-28T20:57:46Z,2024-11-29T00:04:47Z,145.4,454.38
59439,STARLINK-31708,2024-11-29T00:04:47Z,2024-11-29T06:18:39Z,-103.1,454.38
59455,STARLINK-31617,2024-11-27T13:44:20Z,2024-11-28T13:04:39Z,203.2,451.23
59455,STARLINK-31617,2024-11-28T13:04:39Z,2024-11-29T12:24:55Z,-193.7,451.23
59455,STARLINK-31617,2024-11-29T12:24:55Z,2024-11-29T21:45:06Z,132.7,451.23
59456,STARLINK-31622,2024-11-27T13:25:00Z,2024-11-28T12:45:17Z,-101.0,451.17
59458,STARLINK-31625,2024-11-26T21:38:33Z,2024-11-27T13:12:04Z,-160.7,451.19
59458,STARLINK-31625,2024-11-27T13:12:04Z,2024-11-27T20:58:51Z,135.7,451.19
59460,STARLINK-31620,2024-11-28T05:30:47Z,2024-11-28T21:04:22Z,106.3,451.18
59460,STARLINK-31620,2024-11-29T04:51:07Z,2024-11-29T18:51:15Z,-105.6,451.18
59464,STARLINK-31597,2024-11-26T21:32:08Z,2024-11-27T13:05:37Z,-120.1,451.17
59467,STARLINK-31592,2024-11-26T21:57:55Z,2024-11-27T05:44:42Z,235.1,451.19
59468,STARLINK-31267,2024-11-26T20:47:08Z,2024-11-26T22:20:28Z,262.3,451.17
59468,STARLINK-31267,2024-11-26T22:20:28Z,2024-11-27T12:20:39Z,-372.2,451.17
59477,STARLINK-31531,2024-11-27T14:00:01Z,2024-11-27T20:00:01Z,-316.5,327.45
59477,STARLINK-31531,2024-11-27T22:00:01Z,2024-11-28T14:00:01Z,461.8,327.45
59477,STARLINK-31531,2024-11-28T14:00:01Z,2024-11-28T22:00:01Z,577.7,327.45
59477,STARLINK-31531,2024-11-28T22:00:01Z,2024-11-29T14:00:01Z,903.0,327.45
59477,STARLINK-31531,2024-11-29T14:00:01Z,2024-11-29T22:00:01Z,681.8,327.45
59477,STARLINK-31531,2024-11-29T22:00:01Z,2024-11-30T04:00:01Z,224.4,327.45
59477,STARLINK-31531,2024-11-30T04:00:01Z,2024-11-30T12:00:01Z,641.1,327.45
59484,STARLINK-31753,2024-11-29T02:00:23Z,2024-11-29T09:47:05Z,-128.1,451.19
59484,STARLINK-31753,2024-11-29T17:33:52Z,2024-11-30T10:40:48Z,193.5,451.19
59485,STARLINK-31653,2024-11-26T20:00:02Z,2024-11-26T22:00:01Z,-102.9,385.32
59485,STARLINK-31653,2024-11-26T22:00:01Z,2024-11-27T04:00:01Z,-315.6,385.32
59485,STARLINK-31653,2024-11-27T04:00:01Z,2024-11-27T14:00:01Z,-364.7,385.32
59485,STARLINK-31653,2024-11-27T14:00:01Z,2024-11-27T20:00:01Z,-110.5,385.32
59485,STARLINK-31653,2024-11-27T20:00:01Z,2024-11-27T22:00:01Z,-134.8,385.32
59485,STARLINK-31653,2024-11-27T22:00:01Z,2024-11-28T12:00:01Z,-646.4,385.32
59485,STARLINK-31653,2024-11-28T14:00:01Z,2024-11-28T22:00:01Z,-276.1,385.32
59485,STARLINK-31653,2024-11-28T22:00:01Z,2024-11-29T20:00:01Z,-804.7,385.32
59485,STARLINK-31653,2024-11-29T20:00:01Z,2024-11-29T22:00:01Z,-186.4,385.32
59485,STARLINK-31653,2024-11-29T22:00:01Z,2024-11-30T12:00:01Z,-625.6,385.32
59489,STARLINK-31638,2024-11-29T10:22:27Z,2024-11-30T09:42:44Z,-109.3,451.17
59492,STARLINK-31684,2024-11-28T10:39:33Z,2024-11-28T18:26:23Z,127.0,451.18
59492,STARLINK-31684,2024-11-29T02:13:07Z,2024-11-29T16:13:16Z,-106.1,451.18
59493,STARLINK-31678,2024-11-29T17:36:58Z,2024-11-30T09:10:28Z,-112.3,451.2
59494,STARLINK-31744,2024-11-26T19:39:14Z,2024-11-27T11:12:49Z,235.6,451.18
59496,STARLINK-31728,2024-11-26T19:20:06Z,2024-11-27T10:53:39Z,183.2,451.17
59496,STARLINK-31728,2024-11-28T02:27:08Z,2024-11-28T10:13:58Z,143.0,451.17
59496,STARLINK-31728,2024-11-28T19:34:06Z,2024-11-29T01:47:29Z,-112.9,451.17
59499,STARLINK-31742,2024-11-29T09:11:40Z,2024-11-29T18:31:49Z,114.8,451.19
59500,STARLINK-31512,2024-11-26T21:40:14Z,2024-11-27T19:14:33Z,-595.7,406.56
59500,STARLINK-31512,2024-11-27T19:14:33Z,2024-11-27T20:46:59Z,-101.1,406.56
59500,STARLINK-31512,2024-11-27T20:46:59Z,2024-11-28T09:06:30Z,-271.7,406.56
59500,STARLINK-31512,2024-11-28T09:06:30Z,2024-11-29T02:03:15Z,-608.9,406.56
59500,STARLINK-31512,2024-11-29T02:03:15Z,2024-11-29T15:55:03Z,-390.4,406.56
59500,STARLINK-31512,2024-11-29T15:55:03Z,2024-11-29T20:32:17Z,-144.1,406.56
59500,STARLINK-31512,2024-11-29T20:32:17Z,2024-11-30T08:51:34Z,-405.3,406.56
59501,STARLINK-31458,2024-11-29T15:31:35Z,2024-11-30T10:11:44Z,-127.9,451.19
59502,STARLINK-31357,2024-11-28T18:58:35Z,2024-11-29T02:45:21Z,-114.3,451.18
59504,STARLINK-31535,2024-11-29T09:43:13Z,2024-11-29T15:56:39Z,165.7,451.19
59504,STARLINK-31535,2024-11-29T15:56:39Z,2024-11-30T16:50:16Z,-138.6,451.19
59505,STARLINK-31533,2024-11-28T17:12:18Z,2024-11-29T02:32:29Z,134.8,451.19
59505,STARLINK-31533,2024-11-29T02:32:29Z,2024-11-29T10:19:13Z,-129.0,451.19
59506,STARLINK-31524,2024-11-28T02:55:29Z,2024-11-28T09:07:27Z,-114.4,433.18
59506,STARLINK-31524,2024-11-28T09:07:27Z,2024-11-29T09:55:15Z,-384.0,433.18
59506,STARLINK-31524,2024-11-29T16:07:11Z,2024-11-30T09:09:57Z,-297.9,433.18
59511,STARLINK-31635,2024-11-29T13:44:59Z,2024-11-30T08:25:09Z,-239.2,451.18
59511,STARLINK-31635,2024-11-30T08:25:09Z,2024-11-30T13:05:15Z,215.4,451.18
59514,STARLINK-31664,2024-11-26T08:24:07Z,2024-11-26T17:43:42Z,-171.2,445.67
59514,STARLINK-31664,2024-11-26T17:43:42Z,2024-11-27T09:16:15Z,-390.0,445.67
59514,STARLINK-31664,2024-11-27T09:16:15Z,2024-11-27T20:00:01Z,-655.1,445.67
59514,STARLINK-31664,2024-11-27T20:00:01Z,2024-11-27T22:00:01Z,-138.8,445.67
59514,STARLINK-31664,2024-11-27T22:00:01Z,2024-11-28T14:00:01Z,-453.0,445.67
59514,STARLINK-31664,2024-11-28T14:00:01Z,2024-11-28T20:00:01Z,-157.0,445.67
59514,STARLINK-31664,2024-11-28T20:00:01Z,2024-11-28T22:00:01Z,-190.2,445.67
59514,STARLINK-31664,2024-11-28T22:00:01Z,2024-11-29T07:53:25Z,266.0,445.67
59514,STARLINK-31664,2024-11-29T07:53:25Z,2024-11-29T15:39:32Z,-249.7,445.67
59515,STARLINK-31669,2024-11-27T18:01:24Z,2024-11-28T14:15:01Z,112.3,451.18
59516,STARLINK-31671,2024-11-27T09:10:07Z,2024-11-28T08:30:24Z,-401.7,451.18
59516,STARLINK-31671,2024-11-28T08:30:24Z,2024-11-28T16:17:11Z,393.0,451.18
59516,STARLINK-31671,2024-11-30T07:11:00Z,2024-11-30T14:56:15Z,-3616.4,451.18
59517,STARLINK-31674,2024-11-27T16:18:21Z,2024-11-28T14:05:21Z,216.9,451.19
59517,STARLINK-31674,2024-11-28T14:05:21Z,2024-11-28T17:12:02Z,-119.6,451.19
59520,STARLINK-31370,2024-11-28T08:33:38Z,2024-11-28T14:47:04Z,103.8,451.21
59520,STARLINK-31370,2024-11-29T15:40:41Z,2024-11-30T13:27:41Z,128.6,451.21
59521,STARLINK-31404,2024-11-28T08:23:57Z,2024-11-28T14:37:23Z,118.4,451.18
59522,STARLINK-31453,2024-11-26T22:00:01Z,2024-11-27T00:00:01Z,-107.9,393.48
59522,STARLINK-31453,2024-11-27T00:00:01Z,2024-11-27T12:00:02Z,-378.3,393.48
59522,STARLINK-31453,2024-11-27T14:00:01Z,2024-11-27T22:00:01Z,-314.3,393.48
59522,STARLINK-31453,2024-11-27T22:00:01Z,2024-11-28T04:00:01Z,-125.3,393.48
59522,STARLINK-31453,2024-11-28T04:00:01Z,2024-11-28T12:00:01Z,-369.8,393.48
59522,STARLINK-31453,2024-11-28T14:00:01Z,2024-11-28T22:00:01Z,-313.7,393.48
59522,STARLINK-31453,2024-11-28T22:00:01Z,2024-11-29T20:00:01Z,-745.0,393.48
59522,STARLINK-31453,2024-11-29T20:00:01Z,2024-11-29T22:00:01Z,-130.2,393.48
59522,STARLINK-31453,2024-11-29T22:00:01Z,2024-11-30T14:00:01Z,-521.3,393.48
59524,STARLINK-31376,2024-11-26T09:27:22Z,2024-11-26T17:14:15Z,283.3,451.15
59524,STARLINK-31376,2024-11-26T17:14:15Z,2024-11-27T15:01:09Z,-127.2,451.15
59524,STARLINK-31376,2024-11-27T18:07:50Z,2024-11-28T08:08:05Z,126.4,451.15
59524,STARLINK-31376,2024-11-28T08:08:05Z,2024-11-28T14:21:25Z,-188.0,451.15
59524,STARLINK-31376,2024-11-29T13:41:46Z,2024-11-30T06:48:37Z,-139.9,451.15
59525,STARLINK-31538,2024-11-27T14:51:28Z,2024-11-28T09:31:40Z,-236.1,451.18
59525,STARLINK-31538,2024-11-28T09:31:40Z,2024-11-28T14:11:48Z,331.6,451.18
59525,STARLINK-31538,2024-11-30T04:00:01Z,2024-11-30T08:00:01Z,164.1,451.18
59526,STARLINK-31564,2024-11-27T08:44:31Z,2024-11-27T14:57:53Z,-107.8,451.2
59526,STARLINK-31564,2024-11-28T14:18:13Z,2024-11-29T13:38:35Z,424.9,451.2
59526,STARLINK-31564,2024-11-29T13:38:35Z,2024-11-30T16:05:32Z,-423.5,451.2
59528,STARLINK-31618,2024-11-28T09:12:20Z,2024-11-28T13:52:26Z,112.8,451.19
59529,STARLINK-31513,2024-11-29T15:29:31Z,2024-11-30T07:03:03Z,-142.5,451.2
59529,STARLINK-31513,2024-11-30T07:03:03Z,2024-11-30T13:16:30Z,208.8,451.2
59532,STARLINK-31624,2024-11-30T07:16:32Z,2024-11-30T13:29:58Z,126.9,451.19
59533,STARLINK-31509,2024-11-26T09:36:54Z,2024-11-26T17:23:43Z,121.5,451.2
59533,STARLINK-31509,2024-11-27T15:10:39Z,2024-11-28T08:17:30Z,-105.8,451.2
59534,STARLINK-31734,2024-11-27T20:15:07Z,2024-11-28T02:28:34Z,117.6,451.19
59535,STARLINK-31738,2024-11-30T14:54:56Z,2024-11-30T16:28:15Z,-115.5,451.18
59538,STARLINK-31725,2024-11-27T15:28:26Z,2024-11-27T20:08:28Z,-160.2,451.15
59538,STARLINK-31725,2024-11-29T01:42:09Z,2024-11-29T07:55:36Z,100.7,451.15
59539,STARLINK-31539,2024-11-27T16:16:20Z,2024-11-28T09:23:12Z,-124.8,451.18
59540,STARLINK-31397,2024-11-28T02:43:58Z,2024-11-28T08:57:20Z,-102.3,451.21
59540,STARLINK-31397,2024-11-28T08:57:20Z,2024-11-29T09:51:03Z,153.5,451.21
59543,STARLINK-31574,2024-11-26T10:36:09Z,2024-11-26T19:56:13Z,-425.1,451.21
59543,STARLINK-31574,2024-11-26T19:56:13Z,2024-11-27T09:56:26Z,457.4,451.21
59544,STARLINK-31556,2024-11-28T10:37:10Z,2024-11-29T02:10:45Z,130.7,451.19
59544,STARLINK-31556,2024-11-29T17:44:16Z,2024-11-30T09:17:44Z,-225.6,451.19
59545,STARLINK-31582,2024-11-28T08:50:57Z,2024-11-29T01:57:48Z,-201.2,451.18
59545,STARLINK-31582,2024-11-29T01:57:48Z,2024-11-29T09:44:35Z,117.4,451.18
59546,STARLINK-31519,2024-11-27T09:05:33Z,2024-11-27T16:52:19Z,-249.5,451.16
59546,STARLINK-31519,2024-11-27T16:52:19Z,2024-11-27T19:59:02Z,182.8,451.16
59547,STARLINK-31736,2024-11-30T08:51:59Z,2024-11-30T16:38:46Z,103.5,451.17
59548,STARLINK-31675,2024-11-28T01:52:35Z,2024-11-28T09:39:19Z,-155.3,451.18
59548,STARLINK-31675,2024-11-29T18:19:45Z,2024-11-30T08:19:54Z,-133.4,451.18
59550,STARLINK-31741,2024-11-28T02:09:12Z,2024-11-28T19:16:07Z,130.8,451.18
59550,STARLINK-31741,2024-11-28T19:16:07Z,2024-11-29T15:29:40Z,-159.1,451.18
59550,STARLINK-31741,2024-11-29T15:29:40Z,2024-11-30T14:49:59Z,101.8,451.18
59551,STARLINK-31699,2024-11-26T10:55:26Z,2024-11-26T18:42:15Z,154.4,451.28
59551,STARLINK-31699,2024-11-26T18:42:15Z,2024-11-27T10:15:47Z,-103.5,451.28
59554,STARLINK-31724,2024-11-26T12:00:01Z,2024-11-26T22:00:01Z,-146.2,411.69
59554,STARLINK-31724,2024-11-26T22:00:01Z,2024-11-27T14:00:01Z,-507.0,411.69
59554,STARLINK-31724,2024-11-27T14:00:01Z,2024-11-27T22:00:01Z,-165.4,411.69
59554,STARLINK-31724,2024-11-27T22:00:01Z,2024-11-28T04:00:01Z,-216.8,411.69
59554,STARLINK-31724,2024-11-28T04:00:01Z,2024-11-28T14:00:01Z,-254.8,411.69
59554,STARLINK-31724,2024-11-28T14:00:01Z,2024-11-28T22:00:01Z,-214.0,411.69
59554,STARLINK-31724,2024-11-29T01:35:54Z,2024-11-29T09:18:34Z,-296.8,411.69
59554,STARLINK-31724,2024-11-29T09:18:34Z,2024-11-29T17:01:13Z,-282.7,411.69
59554,STARLINK-31724,2024-11-29T17:01:13Z,2024-11-30T14:36:31Z,-629.2,411.69
59564,STARLINK-31747,2024-11-27T18:44:04Z,2024-11-28T04:04:09Z,-112.4,451.18
59564,STARLINK-31747,2024-11-28T04:04:09Z,2024-11-28T19:37:42Z,120.0,451.18
59565,STARLINK-31388,2024-11-26T20:59:37Z,2024-11-27T12:33:07Z,-136.8,451.17
59565,STARLINK-31388,2024-11-27T20:19:54Z,2024-11-28T19:40:14Z,125.8,451.17
59568,STARLINK-31471,2024-11-26T21:09:17Z,2024-11-27T12:42:51Z,-236.2,451.17
59568,STARLINK-31471,2024-11-27T12:42:51Z,2024-11-28T10:29:47Z,316.8,451.17
59570,STARLINK-31587,2024-11-27T00:00:01Z,2024-11-27T12:36:23Z,-120.9,451.18
59570,STARLINK-31587,2024-11-27T18:49:48Z,2024-11-28T10:23:20Z,-130.4,451.18
59570,STARLINK-31587,2024-11-28T10:23:20Z,2024-11-28T19:43:28Z,177.7,451.18
59571,STARLINK-31606,2024-11-26T22:00:01Z,2024-11-27T06:00:01Z,-258.4,451.21
59571,STARLINK-31606,2024-11-27T20:00:01Z,2024-11-27T22:00:01Z,152.9,451.21
59571,STARLINK-31606,2024-11-28T14:00:01Z,2024-11-28T22:00:01Z,113.3,451.21
59571,STARLINK-31606,2024-11-29T22:00:01Z,2024-11-30T14:00:01Z,-167.7,451.21
59573,STARLINK-31683,2024-11-27T12:52:31Z,2024-11-28T10:39:27Z,285.3,451.2
59573,STARLINK-31683,2024-11-28T10:39:27Z,2024-11-29T03:46:21Z,-199.9,451.2
59573,STARLINK-31683,2024-11-29T03:46:21Z,2024-11-29T11:33:06Z,-107.6,451.2
59576,STARLINK-31663,2024-11-27T18:40:07Z,2024-11-28T04:00:13Z,-149.3,451.2
59576,STARLINK-31663,2024-11-28T04:00:13Z,2024-11-28T11:47:00Z,118.6,451.2
59577,STARLINK-31692,2024-11-27T17:58:11Z,2024-11-28T17:18:29Z,-114.1,451.19
59578,STARLINK-31685,2024-11-28T11:02:32Z,2024-11-28T17:15:59Z,103.5,451.19
59579,STARLINK-31686,2024-11-28T12:26:13Z,2024-11-28T20:13:02Z,101.3,451.2
59580,STARLINK-31668,2024-11-27T19:51:37Z,2024-11-28T03:38:27Z,245.4,451.22
59580,STARLINK-31668,2024-11-28T03:38:27Z,2024-11-28T17:38:31Z,-296.1,451.22
59580,STARLINK-31668,2024-11-29T10:45:26Z,2024-11-29T16:58:53Z,147.8,451.22
59581,STARLINK-31690,2024-11-27T11:22:24Z,2024-11-28T12:16:02Z,-116.2,451.19
59582,STARLINK-31701,2024-11-26T21:12:32Z,2024-11-27T12:46:08Z,278.0,450.84
59584,STARLINK-31662,2024-11-26T22:39:26Z,2024-11-27T12:39:35Z,-108.0,451.18
59585,STARLINK-31702,2024-11-28T12:22:28Z,2024-11-28T20:09:18Z,150.6,451.17
59586,STARLINK-31704,2024-11-28T13:35:10Z,2024-11-28T18:15:14Z,-103.3,451.16
59586,STARLINK-31704,2024-11-29T11:22:07Z,2024-11-29T19:08:53Z,-141.8,451.16
59586,STARLINK-31704,2024-11-29T19:08:53Z,2024-11-30T10:42:26Z,130.7,451.16
59603,STARLINK-31776,2024-11-26T20:48:26Z,2024-11-27T13:55:16Z,183.8,451.14
59603,STARLINK-31776,2024-11-29T06:22:29Z,2024-11-29T12:35:54Z,-378.7,451.14
59603,STARLINK-31776,2024-11-29T12:35:54Z,2024-11-29T21:56:01Z,189.6,451.14
59604,STARLINK-31765,2024-11-28T14:16:52Z,2024-11-28T15:50:14Z,125.3,451.18
59604,STARLINK-31765,2024-11-29T05:50:26Z,2024-11-29T13:37:11Z,-265.2,451.18
59605,STARLINK-31767,2024-11-29T13:14:34Z,2024-11-30T14:08:14Z,106.5,451.18
59607,STARLINK-31755,2024-11-28T14:36:00Z,2024-11-29T12:23:01Z,175.9,451.19
59607,STARLINK-31755,2024-11-29T21:43:07Z,2024-11-30T11:43:14Z,-111.5,451.19
59608,STARLINK-31585,2024-11-27T06:37:33Z,2024-11-27T22:11:02Z,-141.8,451.19
59608,STARLINK-31585,2024-11-27T22:11:02Z,2024-11-28T05:57:49Z,100.4,451.19
59611,STARLINK-31448,2024-11-26T14:09:20Z,2024-11-26T23:29:28Z,254.6,451.18
59619,STARLINK-31777,2024-11-28T14:42:27Z,2024-11-28T22:29:17Z,157.3,451.16
59619,STARLINK-31777,2024-11-28T22:29:17Z,2024-11-29T12:29:25Z,-112.9,451.16
59620,STARLINK-31771,2024-11-28T13:29:25Z,2024-11-29T18:58:55Z,108.9,440.19
59621,STARLINK-31758,2024-11-28T06:33:18Z,2024-11-28T14:20:06Z,115.2,451.2
59631,STARLINK-31749,2024-11-29T02:31:38Z,2024-11-29T19:38:34Z,111.4,451.18
59632,STARLINK-31781,2024-11-27T22:10:54Z,2024-11-28T04:24:20Z,107.5,451.22
59632,STARLINK-31781,2024-11-28T21:31:13Z,2024-11-29T03:44:36Z,-131.0,451.22
59632,STARLINK-31781,2024-11-29T11:31:21Z,2024-11-30T10:51:42Z,204.2,451.22
59634,STARLINK-31797,2024-11-27T20:32:05Z,2024-11-28T12:05:41Z,216.0,451.2
59634,STARLINK-31797,2024-11-28T12:05:41Z,2024-11-28T19:52:24Z,-126.0,451.2
59634,STARLINK-31797,2024-11-29T02:05:52Z,2024-11-30T02:59:29Z,-119.7,451.2
59636,STARLINK-31802,2024-11-26T20:42:45Z,2024-11-27T06:02:55Z,104.9,451.19
59637,STARLINK-31791,2024-11-26T19:51:21Z,2024-11-26T21:24:45Z,180.7,451.2
59638,STARLINK-31727,2024-11-28T04:57:26Z,2024-11-28T18:57:32Z,-245.9,451.19
59639,STARLINK-31807,2024-11-27T05:56:27Z,2024-11-28T02:10:02Z,331.2,451.16
59641,STARLINK-31804,2024-11-28T20:11:46Z,2024-11-29T11:45:19Z,118.0,451.17
59641,STARLINK-31804,2024-11-29T11:45:19Z,2024-11-29T19:32:03Z,-131.0,451.17
59642,STARLINK-31660,2024-11-26T12:00:01Z,2024-11-26T22:00:01Z,-403.5,438.85
59642,STARLINK-31660,2024-11-26T22:00:01Z,2024-11-27T04:00:01Z,-199.6,438.85
59642,STARLINK-31660,2024-11-27T04:00:01Z,2024-11-27T14:00:01Z,-539.0,438.85
59642,STARLINK-31660,2024-11-27T14:00:01Z,2024-11-27T20:00:01Z,-261.3,438.85
59642,STARLINK-31660,2024-11-27T20:00:01Z,2024-11-27T22:00:01Z,-130.9,438.85
59642,STARLINK-31660,2024-11-27T22:00:01Z,2024-11-28T12:00:01Z,-718.5,438.85
59642,STARLINK-31660,2024-11-28T14:00:01Z,2024-11-28T22:00:01Z,-398.5,438.85
59642,STARLINK-31660,2024-11-28T22:00:01Z,2024-11-29T20:00:01Z,-968.4,438.85
59642,STARLINK-31660,2024-11-29T22:00:01Z,2024-11-30T12:00:01Z,-288.3,438.85
59643,STARLINK-31800,2024-11-28T02:00:10Z,2024-11-29T20:00:46Z,166.0,451.29
59645,STARLINK-31795,2024-11-26T12:00:01Z,2024-11-26T22:00:01Z,-366.4,378.98
59645,STARLINK-31795,2024-11-26T22:00:01Z,2024-11-27T04:00:01Z,-152.4,378.98
59645,STARLINK-31795,2024-11-27T04:00:01Z,2024-11-27T14:00:01Z,-485.5,378.98
59645,STARLINK-31795,2024-11-27T14:00:01Z,2024-11-27T20:00:01Z,-239.9,378.98
59645,STARLINK-31795,2024-11-27T20:00:01Z,2024-11-27T22:00:01Z,-123.5,378.98
59645,STARLINK-31795,2024-11-27T22:00:01Z,2024-11-28T12:00:01Z,-677.3,378.98
59645,STARLINK-31795,2024-11-28T14:00:01Z,2024-11-28T22:00:01Z,-395.5,378.98
59645,STARLINK-31795,2024-11-28T22:00:01Z,2024-11-29T20:00:01Z,-976.1,378.98
59645,STARLINK-31795,2024-11-29T22:00:01Z,2024-11-30T12:00:01Z,-683.6,378.98
59646,STARLINK-31796,2024-11-28T04:15:37Z,2024-11-28T12:02:26Z,151.1,451.25
59647,STARLINK-31801,2024-11-29T19:54:24Z,2024-11-30T11:28:01Z,174.4,451.22
59649,STARLINK-31803,2024-11-26T22:14:17Z,2024-11-27T04:25:15Z,-116.4,420.87
59649,STARLINK-31803,2024-11-27T04:25:15Z,2024-11-27T19:52:36Z,-292.3,420.87
59649,STARLINK-31803,2024-11-27T19:52:36Z,2024-11-28T02:03:32Z,-113.4,420.87
59649,STARLINK-31803,2024-11-28T02:03:32Z,2024-11-29T02:47:08Z,-488.4,420.87
59649,STARLINK-31803,2024-11-29T02:47:08Z,2024-11-29T12:03:27Z,-185.0,420.87
59649,STARLINK-31803,2024-11-29T12:03:27Z,2024-11-30T11:14:08Z,-467.1,420.87
59650,STARLINK-31787,2024-11-28T04:12:24Z,2024-11-28T11:59:13Z,106.0,451.24
59651,STARLINK-31277,2024-11-27T20:19:12Z,2024-11-28T04:06:00Z,102.9,451.2
59651,STARLINK-31277,2024-11-28T11:52:49Z,2024-11-28T19:39:29Z,-279.1,451.2
59652,STARLINK-31799,2024-11-29T18:34:02Z,2024-11-30T11:40:52Z,-203.7,451.2
59653,STARLINK-31764,2024-11-27T05:08:18Z,2024-11-27T20:41:43Z,-241.7,451.21
59653,STARLINK-31764,2024-11-27T20:41:43Z,2024-11-28T04:28:33Z,181.1,451.21
59653,STARLINK-31764,2024-11-28T04:28:33Z,2024-11-28T12:15:17Z,-141.7,451.21
59653,STARLINK-31764,2024-11-28T12:15:17Z,2024-11-29T03:48:54Z,197.3,451.21
59655,STARLINK-31665,2024-11-28T05:36:43Z,2024-11-28T13:23:29Z,-140.0,451.19
59655,STARLINK-31665,2024-11-28T13:23:29Z,2024-11-29T18:57:11Z,105.7,451.19
59658,STARLINK-31858,2024-11-29T12:27:38Z,2024-11-29T18:41:00Z,170.6,451.21
59661,STARLINK-31880,2024-11-27T14:09:36Z,2024-11-28T05:43:18Z,269.4,451.2
59661,STARLINK-31880,2024-11-28T13:30:04Z,2024-11-29T09:43:29Z,-383.5,451.2
59661,STARLINK-31880,2024-11-29T09:43:29Z,2024-11-29T19:03:36Z,120.7,451.2
59661,STARLINK-31880,2024-11-29T19:03:36Z,2024-11-29T20:37:00Z,127.5,451.2
59662,STARLINK-31886,2024-11-29T12:14:40Z,2024-11-30T05:21:38Z,225.5,451.18
59662,STARLINK-31886,2024-11-30T05:21:38Z,2024-11-30T13:08:25Z,-169.9,451.18
59667,STARLINK-31913,2024-11-27T14:16:04Z,2024-11-27T22:02:51Z,404.1,451.17
59667,STARLINK-31913,2024-11-27T22:02:51Z,2024-11-28T05:49:35Z,-383.3,451.17
59668,STARLINK-31866,2024-11-28T13:45:53Z,2024-11-29T13:06:08Z,-119.3,451.2
59669,STARLINK-31917,2024-11-27T06:51:39Z,2024-11-27T14:38:29Z,217.5,451.2
59671,STARLINK-31854,2024-11-26T22:00:38Z,2024-11-27T05:47:08Z,-146.2,448.2
59671,STARLINK-31854,2024-11-27T13:33:38Z,2024-11-28T14:26:22Z,-352.5,448.2
59671,STARLINK-31854,2024-11-28T14:26:22Z,2024-11-29T13:45:42Z,-320.2,448.2
59671,STARLINK-31854,2024-11-29T13:45:42Z,2024-11-30T05:18:31Z,-229.2,448.2
59671,STARLINK-31854,2024-11-30T05:18:31Z,2024-11-30T13:04:55Z,-110.5,448.2
59672,STARLINK-31842,2024-11-28T14:43:54Z,2024-11-29T18:44:16Z,-175.0,451.16
59672,STARLINK-31842,2024-11-29T21:50:58Z,2024-11-30T13:24:29Z,102.0,451.16
59675,STARLINK-31877,2024-11-29T13:25:29Z,2024-11-30T04:59:04Z,117.5,451.18
59685,STARLINK-32085,2024-11-27T01:17:52Z,2024-11-27T15:18:02Z,-117.3,451.18
59686,STARLINK-32100,2024-11-29T06:01:47Z,2024-11-29T21:35:19Z,-100.8,451.18
59687,STARLINK-32089,2024-11-27T00:13:28Z,2024-11-27T08:00:17Z,167.4,451.25
59689,STARLINK-32105,2024-11-26T16:33:11Z,2024-11-27T00:20:00Z,126.8,451.16
59689,STARLINK-32105,2024-11-27T15:53:29Z,2024-11-27T23:40:18Z,141.8,451.16
59689,STARLINK-32105,2024-11-28T15:13:47Z,2024-11-28T23:00:36Z,146.5,451.16
59693,STARLINK-32088,2024-11-27T08:19:40Z,2024-11-28T07:39:57Z,129.2,451.19
59693,STARLINK-32088,2024-11-28T07:39:57Z,2024-11-28T15:26:42Z,-201.7,451.19
59694,STARLINK-32107,2024-11-28T00:22:01Z,2024-11-29T07:29:07Z,115.6,451.19
59694,STARLINK-32107,2024-11-29T07:29:07Z,2024-11-29T21:29:17Z,-132.5,451.19
59696,STARLINK-32094,2024-11-26T23:21:56Z,2024-11-27T14:55:27Z,-111.4,451.2
59697,STARLINK-32099,2024-11-26T22:43:25Z,2024-11-27T08:03:32Z,-280.6,451.17
59697,STARLINK-32099,2024-11-27T08:03:32Z,2024-11-27T15:50:17Z,239.1,451.17
59699,STARLINK-32102,2024-11-27T00:07:02Z,2024-11-27T07:53:51Z,160.5,451.18
59701,STARLINK-32093,2024-11-27T07:28:00Z,2024-11-27T15:14:48Z,216.1,451.19
59709,STARLINK-11088,2024-11-27T17:03:17Z,2024-11-28T02:13:23Z,138.5,366.97
59711,STARLINK-11082,2024-11-28T01:59:16Z,2024-11-28T18:47:48Z,134.4,366.88
59711,STARLINK-11082,2024-11-29T16:11:22Z,2024-11-30T15:06:37Z,109.7,366.88
59715,STARLINK-11101,2024-11-27T16:13:50Z,2024-11-28T18:12:31Z,123.2,366.92
59715,STARLINK-11101,2024-11-28T18:12:31Z,2024-11-29T15:36:02Z,-127.6,366.92
59717,STARLINK-11084,2024-11-26T18:43:14Z,2024-11-27T16:06:45Z,-177.9,366.88
59719,STARLINK-11096,2024-11-26T10:36:37Z,2024-11-26T18:15:07Z,160.6,366.86
59721,STARLINK-31834,2024-11-26T12:02:32Z,2024-11-26T21:23:20Z,-116.1,454.36
59722,STARLINK-31843,2024-11-29T11:15:38Z,2024-11-29T19:03:03Z,139.9,454.39
59730,STARLINK-31472,2024-11-26T08:26:36Z,2024-11-26T20:53:36Z,-568.0,451.22
59730,STARLINK-31472,2024-11-26T20:53:36Z,2024-11-27T07:46:58Z,-297.4,451.22
59730,STARLINK-31472,2024-11-27T15:33:43Z,2024-11-28T04:00:38Z,226.6,451.22
59730,STARLINK-31472,2024-11-28T14:54:05Z,2024-11-28T22:40:49Z,-110.6,451.22
59730,STARLINK-31472,2024-11-28T22:40:49Z,2024-11-29T08:01:01Z,158.5,451.22
59731,STARLINK-31817,2024-11-26T21:16:09Z,2024-11-26T22:49:28Z,-139.4,451.16
59732,STARLINK-31841,2024-11-27T06:50:02Z,2024-11-28T07:31:07Z,-667.4,411.61
59732,STARLINK-31841,2024-11-28T07:31:07Z,2024-11-28T22:00:01Z,-390.9,411.61
59732,STARLINK-31841,2024-11-28T22:00:01Z,2024-11-29T14:00:01Z,-510.6,411.61
59732,STARLINK-31841,2024-11-29T14:00:01Z,2024-11-29T22:00:01Z,-140.1,411.61
59732,STARLINK-31841,2024-11-29T22:00:01Z,2024-11-30T04:00:01Z,-156.5,411.61
59732,STARLINK-31841,2024-11-30T04:00:01Z,2024-11-30T12:00:01Z,-297.4,411.61
59733,STARLINK-31833,2024-11-26T23:40:54Z,2024-11-27T09:01:05Z,-125.0,451.2
59733,STARLINK-31833,2024-11-28T22:21:30Z,2024-11-29T04:34:57Z,102.9,451.2
59733,STARLINK-31833,2024-11-29T06:08:18Z,2024-11-30T14:48:41Z,-118.9,451.2
59734,STARLINK-31849,2024-11-27T22:25:53Z,2024-11-27T23:59:19Z,184.3,451.18
59736,STARLINK-31707,2024-11-26T08:29:58Z,2024-11-26T22:30:10Z,-120.1,451.19
59736,STARLINK-31707,2024-11-28T08:43:52Z,2024-11-28T14:57:20Z,220.9,451.19
59738,STARLINK-31819,2024-11-26T23:57:00Z,2024-11-27T06:10:28Z,105.7,451.15
59739,STARLINK-31726,2024-11-27T23:46:19Z,2024-11-28T07:33:09Z,133.2,451.14
59739,STARLINK-31726,2024-11-28T07:33:09Z,2024-11-28T23:06:40Z,-136.7,451.14
59739,STARLINK-31726,2024-11-30T04:40:24Z,2024-11-30T14:00:28Z,-170.1,451.14
59740,STARLINK-31759,2024-11-29T04:25:15Z,2024-11-29T21:32:05Z,-110.8,451.2
59741,STARLINK-31818,2024-11-27T21:24:35Z,2024-11-28T00:31:23Z,140.3,451.17
59742,STARLINK-31816,2024-11-29T08:36:16Z,2024-11-29T14:49:39Z,-331.9,451.18
59742,STARLINK-31816,2024-11-29T14:49:39Z,2024-11-29T22:36:24Z,235.1,451.18
59742,STARLINK-31816,2024-11-29T22:36:24Z,2024-11-30T07:56:35Z,122.4,451.18
59743,STARLINK-31809,2024-11-29T14:59:36Z,2024-11-30T06:33:02Z,-201.9,451.18
59744,STARLINK-31779,2024-11-30T04:33:58Z,2024-11-30T13:54:02Z,-104.1,451.17
59745,STARLINK-31805,2024-11-27T08:16:01Z,2024-11-27T22:16:14Z,-106.1,451.15
59745,STARLINK-31805,2024-11-28T15:23:08Z,2024-11-29T05:23:16Z,-183.4,451.15
59745,STARLINK-31805,2024-11-29T05:23:16Z,2024-11-30T04:43:35Z,146.4,451.15
59747,STARLINK-31636,2024-11-28T15:10:13Z,2024-11-29T06:43:48Z,-159.6,451.17
59747,STARLINK-31636,2024-11-29T22:17:17Z,2024-11-30T04:30:42Z,175.1,451.17
59748,STARLINK-31640,2024-11-28T05:17:51Z,2024-11-29T04:38:10Z,105.7,451.18
59748,STARLINK-31640,2024-11-29T23:18:24Z,2024-11-30T03:58:31Z,121.0,451.18
59748,STARLINK-31640,2024-11-30T03:58:31Z,2024-11-30T14:51:54Z,-201.2,451.18
59751,STARLINK-31808,2024-11-26T08:59:03Z,2024-11-28T07:39:34Z,-204.7,451.17
59755,STARLINK-11132,2024-11-27T01:25:17Z,2024-11-27T09:03:41Z,-100.5,366.84
59755,STARLINK-11132,2024-11-29T23:42:43Z,2024-11-30T10:24:31Z,153.3,366.84
59756,STARLINK-11131,2024-11-27T08:56:37Z,2024-11-27T18:06:41Z,-113.0,366.87
59756,STARLINK-11131,2024-11-27T18:06:41Z,2024-11-28T09:23:34Z,210.4,366.87
59759,STARLINK-11097,2024-11-30T00:46:12Z,2024-11-30T09:56:15Z,-117.9,366.87
59761,STARLINK-11117,2024-11-27T02:14:35Z,2024-11-27T08:21:17Z,-161.8,366.87
59761,STARLINK-11117,2024-11-27T08:21:17Z,2024-11-28T07:16:34Z,107.0,366.87
59770,STARLINK-31829,2024-11-26T20:07:10Z,2024-11-27T03:57:23Z,-133.3,482.35
59771,STARLINK-31786,2024-11-27T04:17:11Z,2024-11-27T12:07:25Z,-106.4,482.37
59783,STARLINK-31868,2024-11-27T07:44:28Z,2024-11-27T17:04:32Z,-138.3,451.16
59787,STARLINK-31870,2024-11-29T00:13:10Z,2024-11-29T06:26:36Z,110.9,451.18
59787,STARLINK-31870,2024-11-29T23:33:28Z,2024-11-30T08:53:41Z,204.1,451.18
59789,STARLINK-31863,2024-11-28T06:59:50Z,2024-11-29T00:06:42Z,-125.9,451.18
59789,STARLINK-31863,2024-11-29T00:06:42Z,2024-11-29T06:20:09Z,167.9,451.18
59791,STARLINK-31865,2024-11-28T06:50:07Z,2024-11-29T01:30:22Z,260.5,451.19
59792,STARLINK-31893,2024-11-26T12:00:01Z,2024-11-26T22:00:01Z,-338.1,442.59
59792,STARLINK-31893,2024-11-26T22:00:01Z,2024-11-27T06:00:01Z,-354.7,442.59
59792,STARLINK-31893,2024-11-27T06:00:01Z,2024-11-27T14:00:01Z,-248.1,442.59
59792,STARLINK-31893,2024-11-27T14:00:01Z,2024-11-27T20:00:01Z,-199.2,442.59
59792,STARLINK-31893,2024-11-27T22:00:01Z,2024-11-28T14:00:01Z,-653.9,442.59
59792,STARLINK-31893,2024-11-28T14:00:01Z,2024-11-28T22:00:01Z,-210.1,442.59
59792,STARLINK-31893,2024-11-28T22:00:01Z,2024-11-29T20:00:01Z,-856.8,442.59
59792,STARLINK-31893,2024-11-29T22:00:01Z,2024-11-30T14:00:01Z,-757.5,442.59
59793,STARLINK-31901,2024-11-26T22:00:01Z,2024-11-27T06:00:01Z,-401.6,379.59
59793,STARLINK-31901,2024-11-27T06:00:01Z,2024-11-27T14:00:01Z,-333.7,379.59
59793,STARLINK-31901,2024-11-27T14:00:01Z,2024-11-27T22:00:01Z,-255.3,379.59
59793,STARLINK-31901,2024-11-27T22:00:01Z,2024-11-28T14:00:01Z,-525.4,379.59
59793,STARLINK-31901,2024-11-28T14:00:01Z,2024-11-28T22:00:01Z,612.9,379.59
59793,STARLINK-31901,2024-11-28T22:00:01Z,2024-11-29T04:00:02Z,927.4,379.59
59793,STARLINK-31901,2024-11-29T04:00:02Z,2024-11-29T14:00:01Z,1912.2,379.59
59793,STARLINK-31901,2024-11-29T14:00:01Z,2024-11-29T22:00:01Z,1676.8,379.59
59793,STARLINK-31901,2024-11-29T22:00:01Z,2024-11-30T04:00:01Z,995.0,379.59
59793,STARLINK-31901,2024-11-30T04:00:01Z,2024-11-30T14:00:01Z,2033.1,379.59
59794,STARLINK-31823,2024-11-26T09:33:14Z,2024-11-27T07:20:10Z,-149.6,451.16
59794,STARLINK-31823,2024-11-27T07:20:10Z,2024-11-28T06:40:27Z,124.2,451.16
59794,STARLINK-31823,2024-11-29T01:20:42Z,2024-11-30T00:41:04Z,103.6,451.16
59794,STARLINK-31823,2024-11-30T00:41:04Z,2024-11-30T08:27:46Z,-136.0,451.16
59797,STARLINK-31907,2024-11-28T06:34:01Z,2024-11-28T17:27:29Z,-175.4,451.17
59797,STARLINK-31907,2024-11-28T17:27:29Z,2024-11-29T10:34:22Z,115.3,451.17
59799,STARLINK-31810,2024-11-29T16:31:41Z,2024-11-30T06:31:50Z,-102.1,451.17
59800,STARLINK-31812,2024-11-28T17:24:15Z,2024-11-29T16:44:32Z,-138.3,451.18
59800,STARLINK-31812,2024-11-29T16:44:32Z,2024-11-29T22:57:58Z,105.1,451.18
59802,STARLINK-31814,2024-11-27T01:51:33Z,2024-11-27T17:24:58Z,-189.3,451.23
59802,STARLINK-31814,2024-11-27T17:24:58Z,2024-11-28T01:11:48Z,149.0,451.23
59802,STARLINK-31814,2024-11-28T16:45:25Z,2024-11-29T00:32:06Z,-292.4,451.23
59802,STARLINK-31814,2024-11-29T16:05:36Z,2024-11-29T23:52:26Z,145.2,451.23
59838,STARLINK-31855,2024-11-29T04:13:11Z,2024-11-29T11:59:56Z,-155.5,451.18
59838,STARLINK-31855,2024-11-30T05:06:47Z,2024-11-30T12:53:36Z,124.9,451.18
59840,STARLINK-31925,2024-11-26T06:48:10Z,2024-11-27T12:21:56Z,125.3,451.14
59840,STARLINK-31925,2024-11-27T13:55:17Z,2024-11-28T11:42:17Z,129.6,451.14
59841,STARLINK-31852,2024-11-27T15:06:05Z,2024-11-28T11:19:43Z,551.9,451.2
59841,STARLINK-31852,2024-11-28T11:19:43Z,2024-11-28T12:53:01Z,-499.6,451.2
59844,STARLINK-31851,2024-11-26T06:03:16Z,2024-11-26T15:23:29Z,200.3,451.15
59844,STARLINK-31851,2024-11-26T15:23:29Z,2024-11-27T11:37:01Z,-162.7,451.15
59844,STARLINK-31851,2024-11-27T11:37:01Z,2024-11-27T14:43:40Z,-154.7,451.15
59844,STARLINK-31851,2024-11-27T14:43:40Z,2024-11-28T04:43:52Z,111.0,451.15
59845,STARLINK-31903,2024-11-26T06:41:48Z,2024-11-27T12:15:34Z,131.7,451.2
59845,STARLINK-31903,2024-11-28T13:09:11Z,2024-11-29T10:56:10Z,205.0,451.2
59847,STARLINK-31889,2024-11-28T04:14:52Z,2024-11-28T13:35:00Z,124.2,451.21
59849,STARLINK-31895,2024-11-28T10:54:06Z,2024-11-30T11:08:05Z,134.1,451.19
59850,STARLINK-31899,2024-11-28T06:07:34Z,2024-11-29T03:54:33Z,117.6,451.1
59852,STARLINK-31897,2024-11-26T20:00:02Z,2024-11-26T22:00:01Z,-104.6,438.28
59852,STARLINK-31897,2024-11-26T22:00:01Z,2024-11-27T12:00:02Z,-546.5,438.28
59852,STARLINK-31897,2024-11-27T14:00:01Z,2024-11-27T22:00:01Z,-492.9,438.28
59852,STARLINK-31897,2024-11-27T22:00:01Z,2024-11-28T04:00:01Z,-192.4,438.28
59852,STARLINK-31897,2024-11-28T04:00:01Z,2024-11-28T14:00:01Z,-444.7,438.28
59852,STARLINK-31897,2024-11-28T14:00:01Z,2024-11-28T20:00:01Z,-419.7,438.28
59852,STARLINK-31897,2024-11-28T20:00:01Z,2024-11-28T22:00:01Z,-103.7,438.28
59852,STARLINK-31897,2024-11-28T22:00:01Z,2024-11-29T12:00:01Z,-574.2,438.28
59852,STARLINK-31897,2024-11-29T12:00:01Z,2024-11-29T22:00:01Z,-438.1,438.28
59852,STARLINK-31897,2024-11-29T22:00:01Z,2024-11-30T04:00:01Z,-134.4,438.28
59852,STARLINK-31897,2024-11-30T04:00:01Z,2024-11-30T12:00:01Z,-380.8,438.28
59852,STARLINK-31897,2024-11-30T12:00:01Z,2024-11-30T14:00:01Z,-141.6,438.28
59853,STARLINK-31892,2024-11-29T11:18:45Z,2024-11-30T10:38:59Z,-101.8,451.22
59854,STARLINK-31891,2024-11-26T07:01:09Z,2024-11-27T06:21:29Z,119.9,451.19
59854,STARLINK-31891,2024-11-29T11:15:31Z,2024-11-30T10:35:47Z,-113.3,451.19
59856,STARLINK-31691,2024-11-29T01:16:40Z,2024-11-29T10:36:47Z,-328.6,451.18
59856,STARLINK-31691,2024-11-29T10:36:47Z,2024-11-29T15:16:51Z,308.2,451.18
59857,STARLINK-31569,2024-11-26T13:27:30Z,2024-11-27T05:01:03Z,-200.9,451.17
59857,STARLINK-31569,2024-11-27T05:01:03Z,2024-11-29T11:28:22Z,108.3,451.17
59857,STARLINK-31569,2024-11-29T11:28:22Z,2024-11-30T10:48:43Z,102.4,451.17
59859,STARLINK-31442,2024-11-28T13:37:17Z,2024-11-29T11:24:18Z,134.4,451.18
59859,STARLINK-31442,2024-11-29T12:57:38Z,2024-11-30T10:44:32Z,-105.8,451.18
59862,STARLINK-31584,2024-11-26T13:59:00Z,2024-11-27T07:05:57Z,-119.9,451.2
59862,STARLINK-31584,2024-11-27T07:05:57Z,2024-11-27T14:52:38Z,-135.3,451.2
59862,STARLINK-31584,2024-11-27T14:52:38Z,2024-11-28T06:26:09Z,229.3,451.2
59862,STARLINK-31584,2024-11-28T06:26:09Z,2024-11-29T12:00:00Z,142.5,451.2
59863,STARLINK-31950,2024-11-28T13:50:28Z,2024-11-29T11:37:14Z,-295.8,451.17
59863,STARLINK-31950,2024-11-29T11:37:14Z,2024-11-30T10:57:43Z,317.7,451.17
59865,STARLINK-31938,2024-11-26T06:37:51Z,2024-11-26T15:58:00Z,177.6,451.19
59865,STARLINK-31938,2024-11-28T11:31:55Z,2024-11-28T14:38:32Z,-240.6,451.19
59865,STARLINK-31938,2024-11-28T14:38:32Z,2024-11-29T04:38:48Z,141.4,451.19
59866,STARLINK-31941,2024-11-26T12:00:01Z,2024-11-26T20:00:02Z,-338.5,377.46
59866,STARLINK-31941,2024-11-26T20:00:02Z,2024-11-26T22:00:01Z,-111.2,377.46
59866,STARLINK-31941,2024-11-26T22:00:01Z,2024-11-27T12:00:02Z,-501.2,377.46
59866,STARLINK-31941,2024-11-27T12:00:02Z,2024-11-27T14:00:01Z,-257.8,377.46
59866,STARLINK-31941,2024-11-27T14:00:01Z,2024-11-27T20:00:01Z,-371.5,377.46
59866,STARLINK-31941,2024-11-27T20:00:01Z,2024-11-27T22:00:01Z,-281.2,377.46
59866,STARLINK-31941,2024-11-27T22:00:01Z,2024-11-28T04:00:01Z,-165.8,377.46
59866,STARLINK-31941,2024-11-28T12:00:01Z,2024-11-28T14:00:01Z,-331.8,377.46
59866,STARLINK-31941,2024-11-28T14:00:01Z,2024-11-28T20:00:01Z,321.8,377.46
59866,STARLINK-31941,2024-11-28T20:00:01Z,2024-11-28T22:00:01Z,369.7,377.46
59866,STARLINK-31941,2024-11-28T22:00:01Z,2024-11-29T12:00:01Z,2641.2,377.46
59866,STARLINK-31941,2024-11-29T12:00:01Z,2024-11-29T22:00:01Z,1783.3,377.46
59866,STARLINK-31941,2024-11-29T22:00:01Z,2024-11-30T04:00:01Z,1268.8,377.46
59866,STARLINK-31941,2024-11-30T04:00:01Z,2024-11-30T12:00:01Z,1560.1,377.46
59866,STARLINK-31941,2024-11-30T12:00:01Z,2024-11-30T14:00:01Z,464.6,377.46
59867,STARLINK-31952,2024-11-29T13:04:17Z,2024-11-30T10:51:11Z,-100.2,451.2
59868,STARLINK-31921,2024-11-29T09:01:52Z,2024-11-30T02:08:42Z,-139.0,451.2
59869,STARLINK-31760,2024-11-29T14:24:45Z,2024-11-30T10:38:17Z,-111.3,451.21
59870,STARLINK-31945,2024-11-27T05:39:02Z,2024-11-28T04:59:19Z,-104.7,451.22
59870,STARLINK-31945,2024-11-28T04:59:19Z,2024-11-29T12:06:25Z,122.8,451.22
59873,STARLINK-31940,2024-11-29T11:56:42Z,2024-11-30T11:17:02Z,105.2,451.19
59873,STARLINK-31940,2024-11-30T11:17:02Z,2024-11-30T14:23:41Z,-190.5,451.19
59874,STARLINK-31933,2024-11-29T11:53:34Z,2024-11-30T11:13:47Z,-137.9,451.22
59876,STARLINK-31935,2024-11-27T06:27:15Z,2024-11-27T12:40:38Z,-116.8,451.18
59879,STARLINK-31926,2024-11-26T13:24:38Z,2024-11-27T11:11:36Z,101.9,451.17
59879,STARLINK-31926,2024-11-29T05:12:05Z,2024-11-29T12:58:56Z,221.0,451.17
59879,STARLINK-31926,2024-11-29T12:58:56Z,2024-11-30T12:19:10Z,-172.3,451.17
59880,STARLINK-31919,2024-11-26T07:26:17Z,2024-11-27T06:46:34Z,-122.4,451.15
59880,STARLINK-31919,2024-11-27T12:59:58Z,2024-11-28T12:20:19Z,207.2,451.15
59880,STARLINK-31919,2024-11-28T12:20:19Z,2024-11-29T11:40:35Z,-174.8,451.15
59885,STARLINK-31974,2024-11-27T20:06:16Z,2024-11-28T02:19:45Z,277.2,451.18
59885,STARLINK-31974,2024-11-28T02:19:45Z,2024-11-28T11:39:51Z,-148.0,451.18
59885,STARLINK-31974,2024-11-28T11:39:51Z,2024-11-28T19:26:34Z,-183.1,451.18
59885,STARLINK-31974,2024-11-28T19:26:34Z,2024-11-29T11:00:09Z,144.2,451.18
59885,STARLINK-31974,2024-11-29T18:46:54Z,2024-11-30T04:07:04Z,134.9,451.18
59886,STARLINK-31975,2024-11-26T20:39:32Z,2024-11-26T22:12:57Z,128.1,451.15
59886,STARLINK-31975,2024-11-28T02:13:18Z,2024-11-28T19:20:08Z,-136.8,451.15
59887,STARLINK-31976,2024-11-28T19:03:49Z,2024-11-29T02:50:38Z,118.6,451.14
59887,STARLINK-31976,2024-11-29T02:50:38Z,2024-11-30T03:44:15Z,-139.6,451.14
59888,STARLINK-31965,2024-11-27T12:03:26Z,2024-11-28T03:36:56Z,-128.7,451.18
59889,STARLINK-31969,2024-11-26T20:13:58Z,2024-11-27T11:47:27Z,-129.6,451.18
59889,STARLINK-31969,2024-11-29T18:14:49Z,2024-11-30T11:21:47Z,129.7,451.18
59890,STARLINK-31951,2024-11-27T12:35:39Z,2024-11-28T04:09:12Z,113.1,451.17
59891,STARLINK-31949,2024-11-26T20:49:16Z,2024-11-27T12:22:48Z,-130.0,451.17
59891,STARLINK-31949,2024-11-28T11:43:03Z,2024-11-28T19:29:51Z,137.3,451.17
59892,STARLINK-31977,2024-11-27T03:38:11Z,2024-11-28T01:25:08Z,137.1,451.28
59892,STARLINK-31977,2024-11-28T12:18:37Z,2024-11-28T18:32:00Z,-154.6,451.28
59892,STARLINK-31977,2024-11-29T11:38:52Z,2024-11-30T10:59:11Z,155.9,451.28
59893,STARLINK-31963,2024-11-26T20:33:11Z,2024-11-26T22:06:30Z,-184.4,451.15
59893,STARLINK-31963,2024-11-26T22:06:30Z,2024-11-27T12:06:36Z,-173.5,451.15
59894,STARLINK-31961,2024-11-27T18:58:46Z,2024-11-28T04:18:50Z,-104.6,451.18
59894,STARLINK-31961,2024-11-28T04:18:50Z,2024-11-28T12:05:40Z,187.1,451.18
59894,STARLINK-31961,2024-11-28T19:52:28Z,2024-11-29T03:39:13Z,-124.3,451.18
59895,STARLINK-31964,2024-11-26T21:08:35Z,2024-11-26T22:42:01Z,181.9,451.16
59895,STARLINK-31964,2024-11-26T22:42:01Z,2024-11-27T12:42:09Z,-121.8,451.16
59895,STARLINK-31964,2024-11-27T22:02:17Z,2024-11-28T12:02:26Z,-128.5,451.16
59897,STARLINK-31928,2024-11-26T20:20:12Z,2024-11-26T23:26:56Z,172.6,451.22
59897,STARLINK-31928,2024-11-26T23:26:56Z,2024-11-27T11:53:45Z,-129.9,451.22
59897,STARLINK-31928,2024-11-27T11:53:45Z,2024-11-27T19:40:29Z,-129.7,451.22
59897,STARLINK-31928,2024-11-27T19:40:29Z,2024-11-28T03:27:17Z,161.1,451.22
59898,STARLINK-31953,2024-11-26T06:00:49Z,2024-11-26T20:01:03Z,108.4,451.2
59898,STARLINK-31953,2024-11-27T06:54:31Z,2024-11-27T22:28:05Z,136.6,451.2
59898,STARLINK-31953,2024-11-27T22:28:05Z,2024-11-28T03:08:06Z,-107.0,451.2
59898,STARLINK-31953,2024-11-28T20:15:00Z,2024-11-28T21:48:25Z,136.7,451.2
59898,STARLINK-31953,2024-11-28T21:48:25Z,2024-11-29T04:01:47Z,-144.1,451.2
59900,STARLINK-31676,2024-11-27T04:23:06Z,2024-11-27T12:09:51Z,-133.7,451.19
59900,STARLINK-31676,2024-11-27T12:09:51Z,2024-11-28T02:10:02Z,121.3,451.19
59901,STARLINK-31908,2024-11-28T20:02:01Z,2024-11-29T11:35:39Z,101.2,451.19
59902,STARLINK-31914,2024-11-29T02:54:03Z,2024-11-29T18:27:33Z,-129.3,451.2
59904,STARLINK-31924,2024-11-27T12:26:01Z,2024-11-27T20:12:43Z,-145.5,451.2
59904,STARLINK-31924,2024-11-29T11:06:37Z,2024-11-29T18:53:21Z,-136.9,451.2
59905,STARLINK-31898,2024-11-26T06:04:05Z,2024-11-27T03:50:58Z,-167.3,451.18
59905,STARLINK-31898,2024-11-27T03:50:58Z,2024-11-27T19:24:34Z,152.5,451.18
59905,STARLINK-31898,2024-11-28T04:44:42Z,2024-11-28T18:44:50Z,-141.5,451.18
59905,STARLINK-31898,2024-11-28T18:44:50Z,2024-11-29T04:04:59Z,114.6,451.18
59907,STARLINK-31920,2024-11-26T12:00:01Z,2024-11-26T22:00:01Z,-257.1,402.08
59907,STARLINK-31920,2024-11-26T23:27:47Z,2024-11-28T01:37:58Z,-783.3,402.08
59907,STARLINK-31920,2024-11-28T01:37:58Z,2024-11-28T14:00:01Z,-391.0,402.08
59907,STARLINK-31920,2024-11-28T14:00:01Z,2024-11-28T20:00:01Z,-224.5,402.08
59907,STARLINK-31920,2024-11-28T22:00:01Z,2024-11-29T22:00:01Z,-745.8,402.08
59907,STARLINK-31920,2024-11-30T00:00:01Z,2024-11-30T10:34:26Z,-357.7,402.08
59922,STARLINK-31872,2024-11-27T09:17:35Z,2024-11-27T15:31:03Z,164.8,451.2
59922,STARLINK-31872,2024-11-27T18:37:46Z,2024-11-28T10:11:15Z,-140.8,451.2
59923,STARLINK-31972,2024-11-28T01:23:55Z,2024-11-28T09:10:38Z,-189.6,451.19
59923,STARLINK-31972,2024-11-28T09:10:38Z,2024-11-28T18:30:48Z,228.2,451.19
59924,STARLINK-31958,2024-11-26T20:25:44Z,2024-11-27T18:12:36Z,-158.2,451.17
59924,STARLINK-31958,2024-11-27T18:12:36Z,2024-11-28T01:59:24Z,119.3,451.17
59927,STARLINK-31968,2024-11-26T18:42:40Z,2024-11-27T18:02:56Z,-103.9,451.17
59929,STARLINK-31932,2024-11-26T10:38:26Z,2024-11-26T18:25:12Z,103.1,451.34
59929,STARLINK-31932,2024-11-28T01:32:16Z,2024-11-28T09:19:02Z,-146.1,451.34
59929,STARLINK-31932,2024-11-28T09:19:02Z,2024-11-28T15:32:27Z,288.5,451.34
59929,STARLINK-31932,2024-11-28T15:32:27Z,2024-11-29T08:39:20Z,-482.3,451.34
59929,STARLINK-31932,2024-11-29T08:39:20Z,2024-11-29T14:52:45Z,183.8,451.34
59929,STARLINK-31932,2024-11-29T14:52:45Z,2024-11-30T14:13:03Z,1280.2,451.34
59929,STARLINK-31932,2024-11-30T14:13:03Z,2024-11-30T15:46:25Z,-1054.2,451.34
59930,STARLINK-31956,2024-11-26T10:39:42Z,2024-11-27T17:46:50Z,130.0,451.17
59930,STARLINK-31956,2024-11-28T09:20:19Z,2024-11-28T17:07:08Z,138.5,451.17
59932,STARLINK-31432,2024-11-26T22:00:01Z,2024-11-27T09:31:02Z,311.8,451.26
59932,STARLINK-31432,2024-11-27T09:31:02Z,2024-11-27T18:51:09Z,-371.6,451.26
59932,STARLINK-31432,2024-11-27T18:51:09Z,2024-11-28T08:51:20Z,-104.7,451.26
59932,STARLINK-31432,2024-11-28T08:51:20Z,2024-11-28T15:04:44Z,290.3,451.26
59932,STARLINK-31432,2024-11-28T15:04:44Z,2024-11-29T08:11:38Z,-247.0,451.26
59937,STARLINK-31879,2024-11-30T08:38:56Z,2024-11-30T14:52:24Z,157.0,451.2
59939,STARLINK-31955,2024-11-26T18:32:58Z,2024-11-27T10:06:30Z,-338.5,451.39
59939,STARLINK-31955,2024-11-27T10:06:30Z,2024-11-28T01:40:03Z,261.2,451.39
59939,STARLINK-31955,2024-11-28T01:40:03Z,2024-11-28T09:26:47Z,263.7,451.39
59939,STARLINK-31955,2024-11-28T09:26:47Z,2024-11-28T15:40:13Z,-275.3,451.39
59939,STARLINK-31955,2024-11-28T15:40:13Z,2024-11-29T08:47:07Z,-233.6,451.39
59939,STARLINK-31955,2024-11-29T22:00:01Z,2024-11-30T00:00:01Z,-195.7,451.39
59939,STARLINK-31955,2024-11-30T08:07:24Z,2024-11-30T14:20:49Z,456.0,451.39
59941,STARLINK-31948,2024-11-29T16:45:29Z,2024-11-30T14:32:23Z,-125.2,451.17
59946,STARLINK-11121,2024-11-30T12:40:49Z,2024-11-30T14:12:04Z,-113.6,346.87
59951,STARLINK-11126,2024-11-27T13:57:09Z,2024-11-28T09:43:28Z,-421.2,346.27
59951,STARLINK-11126,2024-11-28T09:43:28Z,2024-11-28T12:45:56Z,-121.5,346.27
59951,STARLINK-11126,2024-11-28T12:45:56Z,2024-11-29T11:34:18Z,-1206.6,346.27
59951,STARLINK-11126,2024-11-29T17:39:15Z,2024-11-30T02:46:42Z,-129.0,346.27
59951,STARLINK-11126,2024-11-30T02:46:42Z,2024-11-30T08:51:34Z,-297.0,346.27
59953,STARLINK-11143,2024-11-29T18:05:53Z,2024-11-30T12:26:10Z,135.7,366.85
59954,STARLINK-11133,2024-11-27T12:29:54Z,2024-11-28T12:56:43Z,-381.5,366.83
59954,STARLINK-11133,2024-11-28T12:56:43Z,2024-11-29T04:13:36Z,310.6,366.83
59954,STARLINK-11133,2024-11-29T04:13:36Z,2024-11-29T10:20:22Z,142.8,366.83
59956,STARLINK-11134,2024-11-28T03:32:38Z,2024-11-29T03:59:29Z,-197.1,366.87
59956,STARLINK-11134,2024-11-29T03:59:29Z,2024-11-29T10:06:18Z,247.6,366.87
59959,STARLINK-31989,2024-11-29T13:17:17Z,2024-11-30T06:31:56Z,142.5,482.37
59960,STARLINK-31856,2024-11-27T17:28:23Z,2024-11-28T07:34:51Z,-127.2,482.36
59960,STARLINK-31856,2024-11-28T07:34:51Z,2024-11-28T13:51:06Z,104.2,482.36
59960,STARLINK-31856,2024-11-29T13:21:53Z,2024-11-30T06:36:24Z,-154.1,482.36
59960,STARLINK-31856,2024-11-30T06:36:24Z,2024-11-30T12:52:39Z,130.2,482.36
59961,STARLINK-31993,2024-11-26T07:12:53Z,2024-11-27T14:34:17Z,935.8,482.39
59961,STARLINK-31993,2024-11-27T14:34:17Z,2024-11-28T01:32:19Z,-929.5,482.39
59962,STARLINK-31980,2024-11-26T15:13:49Z,2024-11-27T16:18:35Z,-201.8,482.38
59962,STARLINK-31980,2024-11-27T16:18:35Z,2024-11-28T06:25:07Z,139.1,482.38
59962,STARLINK-31980,2024-11-28T15:49:26Z,2024-11-29T05:55:55Z,374.3,482.38
59962,STARLINK-31980,2024-11-29T05:55:55Z,2024-11-29T18:28:19Z,-493.7,482.38
59962,STARLINK-31980,2024-11-29T18:28:19Z,2024-11-30T05:26:42Z,115.3,482.38
59964,STARLINK-31979,2024-11-28T15:44:53Z,2024-11-29T16:49:41Z,-138.4,482.38
59964,STARLINK-31979,2024-11-29T16:49:41Z,2024-11-30T05:22:10Z,124.6,482.38
60019,STARLINK-31986,2024-11-29T17:18:28Z,2024-11-30T13:41:11Z,130.7,482.37
60020,STARLINK-31883,2024-11-26T16:06:48Z,2024-11-27T07:47:22Z,332.7,482.34
60020,STARLINK-31883,2024-11-27T07:47:22Z,2024-11-27T14:03:35Z,-133.8,482.34
60021,STARLINK-31967,2024-11-27T14:00:01Z,2024-11-27T22:00:01Z,-151.3,482.4
60021,STARLINK-31967,2024-11-28T14:00:01Z,2024-11-28T20:00:01Z,128.0,482.4
60021,STARLINK-31967,2024-11-29T16:31:22Z,2024-11-30T12:53:57Z,-129.5,482.4
60022,STARLINK-31982,2024-11-26T19:05:40Z,2024-11-27T06:00:01Z,185.5,470.33
60022,STARLINK-31982,2024-11-27T06:00:01Z,2024-11-27T14:00:01Z,-287.9,470.33
60022,STARLINK-31982,2024-11-27T14:00:01Z,2024-11-27T20:00:01Z,251.2,470.33
60022,STARLINK-31982,2024-11-27T20:00:01Z,2024-11-27T22:00:01Z,-142.0,470.33
60022,STARLINK-31982,2024-11-27T22:00:01Z,2024-11-28T00:00:01Z,-105.6,470.33
60023,STARLINK-31992,2024-11-26T21:12:42Z,2024-11-27T03:28:18Z,1791.6,482.37
60023,STARLINK-31992,2024-11-27T03:28:18Z,2024-11-27T12:00:02Z,8791.4,482.37
60023,STARLINK-31992,2024-11-27T14:00:01Z,2024-11-27T22:00:01Z,118.4,482.37
60023,STARLINK-31992,2024-11-27T22:00:01Z,2024-11-28T12:00:01Z,-137.1,482.37
60023,STARLINK-31992,2024-11-28T14:00:01Z,2024-11-28T22:00:01Z,167.8,482.37
60023,STARLINK-31992,2024-11-29T20:00:01Z,2024-11-29T22:00:01Z,-123.8,482.37
60023,STARLINK-31992,2024-11-29T22:00:01Z,2024-11-30T14:00:01Z,-224.8,482.37
60024,STARLINK-31990,2024-11-29T18:40:37Z,2024-11-30T07:12:39Z,3421.9,470.38
60025,STARLINK-31864,2024-11-26T08:30:10Z,2024-11-26T17:54:35Z,218.3,482.34
60026,STARLINK-31939,2024-11-27T08:29:41Z,2024-11-27T14:44:54Z,-108.0,470.35
60026,STARLINK-31939,2024-11-28T07:56:45Z,2024-11-28T14:11:59Z,179.1,470.35
60027,STARLINK-32012,2024-11-28T15:44:45Z,2024-11-29T07:25:16Z,-108.4,482.38
60028,STARLINK-32008,2024-11-29T18:29:40Z,2024-11-30T13:18:22Z,154.8,482.35
60029,STARLINK-32006,2024-11-26T17:17:58Z,2024-11-27T12:01:56Z,-4183.9,470.41
60029,STARLINK-32006,2024-11-27T12:01:56Z,2024-11-27T20:00:01Z,4252.9,470.41
60029,STARLINK-32006,2024-11-27T20:00:01Z,2024-11-27T22:00:01Z,-108.6,470.41
60029,STARLINK-32006,2024-11-28T00:00:01Z,2024-11-28T17:45:57Z,141.1,470.41
60029,STARLINK-32006,2024-11-29T18:46:50Z,2024-11-30T13:33:09Z,1326.0,470.41
60031,STARLINK-31878,2024-11-26T12:00:01Z,2024-11-26T22:00:01Z,288.0,477.04
60031,STARLINK-31878,2024-11-26T22:00:01Z,2024-11-27T00:00:01Z,-152.9,477.04
60031,STARLINK-31878,2024-11-27T00:00:01Z,2024-11-27T05:05:50Z,219.7,477.04
60031,STARLINK-31878,2024-11-27T05:05:50Z,2024-11-27T14:28:22Z,845.3,477.04
60031,STARLINK-31878,2024-11-27T14:28:22Z,2024-11-28T12:22:27Z,4351.7,477.04
60031,STARLINK-31878,2024-11-28T12:22:27Z,2024-11-28T13:56:25Z,418.9,477.04
60031,STARLINK-31878,2024-11-28T13:56:25Z,2024-11-28T20:00:01Z,6815.0,477.04
60031,STARLINK-31878,2024-11-28T20:00:01Z,2024-11-28T22:00:01Z,790.7,477.04
60031,STARLINK-31878,2024-11-28T22:00:01Z,2024-11-29T12:00:01Z,5872.9,477.04
60031,STARLINK-31878,2024-11-29T12:00:01Z,2024-11-29T20:00:01Z,1125.4,477.04
60031,STARLINK-31878,2024-11-29T22:00:01Z,2024-11-30T04:00:01Z,144.3,477.04
60031,STARLINK-31878,2024-11-30T04:00:01Z,2024-11-30T12:00:01Z,-189.3,477.04
60031,STARLINK-31878,2024-11-30T12:00:01Z,2024-11-30T14:00:01Z,158.4,477.04
60034,STARLINK-32005,2024-11-26T18:32:07Z,2024-11-27T07:02:32Z,-149.3,482.15
60034,STARLINK-32005,2024-11-27T07:02:32Z,2024-11-27T14:51:38Z,500.7,482.15
60034,STARLINK-32005,2024-11-27T14:51:38Z,2024-11-27T19:33:22Z,1831.1,482.15
60034,STARLINK-32005,2024-11-27T19:33:22Z,2024-11-28T12:00:01Z,9788.9,482.15
60034,STARLINK-32005,2024-11-28T12:00:01Z,2024-11-28T14:00:01Z,352.4,482.15
60034,STARLINK-32005,2024-11-28T14:00:01Z,2024-11-28T20:00:01Z,-129.0,482.15
60034,STARLINK-32005,2024-11-28T22:00:01Z,2024-11-29T04:00:02Z,-171.6,482.15
60034,STARLINK-32005,2024-11-29T04:00:02Z,2024-11-29T12:00:01Z,-353.6,482.15
60034,STARLINK-32005,2024-11-29T12:00:01Z,2024-11-29T20:00:01Z,-134.1,482.15
60034,STARLINK-32005,2024-11-29T22:00:01Z,2024-11-30T04:00:01Z,568.9,482.15
60034,STARLINK-32005,2024-11-30T04:00:01Z,2024-11-30T14:00:01Z,-385.8,482.15
60035,STARLINK-31981,2024-11-30T13:50:17Z,2024-11-30T16:58:23Z,136.2,482.39
60037,STARLINK-31918,2024-11-26T08:55:49Z,2024-11-26T16:44:57Z,216.7,470.51
60037,STARLINK-31918,2024-11-27T08:23:00Z,2024-11-27T14:38:11Z,-142.1,470.51
60037,STARLINK-31918,2024-11-28T14:05:17Z,2024-11-28T15:39:04Z,-161.2,470.51
60037,STARLINK-31918,2024-11-28T15:39:04Z,2024-11-29T10:25:13Z,1981.5,470.51
60037,STARLINK-31918,2024-11-29T10:25:13Z,2024-11-29T20:00:01Z,9206.6,470.51
60037,STARLINK-31918,2024-11-29T20:00:01Z,2024-11-29T22:00:01Z,791.0,470.51
60037,STARLINK-31918,2024-11-29T22:00:01Z,2024-11-30T04:00:01Z,231.1,470.51
60037,STARLINK-31918,2024-11-30T04:00:01Z,2024-11-30T12:00:01Z,-132.9,470.51
60043,STARLINK-11086,2024-11-27T12:07:01Z,2024-11-27T13:38:43Z,108.4,366.86
60045,STARLINK-11116,2024-11-27T13:24:35Z,2024-11-28T13:51:33Z,112.2,366.9
60045,STARLINK-11116,2024-11-28T13:51:33Z,2024-11-29T11:15:00Z,-440.9,366.9
60045,STARLINK-11116,2024-11-29T11:15:00Z,2024-11-29T14:18:23Z,127.1,366.9
60045,STARLINK-11116,2024-11-29T14:18:23Z,2024-11-30T11:42:02Z,327.6,366.9
60051,STARLINK-31811,2024-11-26T15:44:57Z,2024-11-27T16:49:45Z,-133.9,482.37
60053,STARLINK-31793,2024-11-29T07:56:31Z,2024-11-29T18:54:50Z,-137.0,482.37
60053,STARLINK-31793,2024-11-29T18:54:50Z,2024-11-30T13:43:33Z,156.5,482.37
60055,STARLINK-31788,2024-11-28T08:02:54Z,2024-11-28T14:19:08Z,169.4,482.37
60057,STARLINK-31437,2024-11-28T16:11:28Z,2024-11-29T18:50:20Z,-112.7,482.38
60060,STARLINK-11176,2024-11-28T06:28:59Z,2024-11-28T17:10:48Z,179.3,366.83
60060,STARLINK-11176,2024-11-28T17:10:48Z,2024-11-30T10:26:14Z,-207.7,366.83
60061,STARLINK-11167,2024-11-27T07:26:40Z,2024-11-28T12:28:40Z,350.8,366.82
60061,STARLINK-11167,2024-11-28T23:10:27Z,2024-11-29T03:45:30Z,-118.9,366.82
60061,STARLINK-11167,2024-11-29T03:45:30Z,2024-11-29T05:17:11Z,-103.4,366.82
60061,STARLINK-11167,2024-11-30T11:50:51Z,2024-11-30T16:25:55Z,101.6,366.82
60062,STARLINK-11166,2024-11-26T12:59:25Z,2024-11-27T07:19:35Z,-116.6,366.85
60065,STARLINK-11102,2024-11-27T23:46:55Z,2024-11-28T16:35:27Z,115.4,366.86
60066,STARLINK-11141,2024-11-27T00:44:38Z,2024-11-27T06:51:19Z,-157.6,366.85
60066,STARLINK-11141,2024-11-29T16:55:19Z,2024-11-30T08:12:11Z,100.2,366.85
60069,STARLINK-11171,2024-11-27T00:23:35Z,2024-11-27T17:12:05Z,-118.6,366.83
60069,STARLINK-11171,2024-11-27T17:12:05Z,2024-11-28T00:50:31Z,124.1,366.83
60070,STARLINK-11186,2024-11-29T16:27:14Z,2024-11-30T00:05:39Z,110.8,366.8
60070,STARLINK-11186,2024-11-30T00:05:39Z,2024-11-30T10:47:27Z,116.3,366.8
60093,STARLINK-31239,2024-11-30T04:15:59Z,2024-11-30T10:32:09Z,-113.7,482.37
60093,STARLINK-31239,2024-11-30T10:32:09Z,2024-11-30T15:14:22Z,175.6,482.37
60095,STARLINK-32028,2024-11-30T06:50:39Z,2024-11-30T13:06:52Z,108.2,482.34
60096,STARLINK-32016,2024-11-26T15:31:03Z,2024-11-27T13:27:46Z,-126.9,482.34
60096,STARLINK-32016,2024-11-29T10:55:19Z,2024-11-30T10:26:07Z,-105.0,482.34
60097,STARLINK-32003,2024-11-26T13:09:54Z,2024-11-27T04:50:24Z,-157.8,482.32
60097,STARLINK-32003,2024-11-27T04:50:24Z,2024-11-28T13:45:30Z,-162.5,482.32
60097,STARLINK-32003,2024-11-28T13:45:30Z,2024-11-29T03:51:58Z,161.3,482.32
60097,STARLINK-32003,2024-11-30T04:56:49Z,2024-11-30T15:55:15Z,121.8,482.32
60099,STARLINK-31732,2024-11-28T13:12:05Z,2024-11-29T14:16:55Z,-151.9,482.37
60099,STARLINK-31732,2024-11-29T14:16:55Z,2024-11-30T10:39:37Z,139.8,482.37
60101,STARLINK-31999,2024-11-28T14:37:11Z,2024-11-29T04:43:43Z,-956.2,482.38
60101,STARLINK-31999,2024-11-29T04:43:43Z,2024-11-29T18:50:09Z,948.0,482.38
60104,STARLINK-32009,2024-11-26T06:15:48Z,2024-11-26T10:57:58Z,140.5,482.35
60104,STARLINK-32009,2024-11-26T12:32:01Z,2024-11-29T11:04:26Z,-149.8,482.35
60105,STARLINK-32018,2024-11-28T11:01:44Z,2024-11-29T13:40:38Z,-108.9,482.38
60107,STARLINK-32035,2024-11-27T12:49:46Z,2024-11-28T12:20:35Z,114.0,482.38
60108,STARLINK-32042,2024-11-26T11:31:16Z,2024-11-27T14:10:09Z,-147.4,482.4
60108,STARLINK-32042,2024-11-27T14:10:09Z,2024-11-29T11:37:43Z,100.9,482.4
60111,STARLINK-32015,2024-11-29T11:14:55Z,2024-11-29T22:00:01Z,-156.6,482.37
60111,STARLINK-32015,2024-11-30T10:45:42Z,2024-11-30T15:27:52Z,125.5,482.37
60112,STARLINK-32024,2024-11-29T11:33:10Z,2024-11-30T11:03:55Z,-328.1,482.38
60113,STARLINK-11201,2024-11-27T03:09:20Z,2024-11-27T10:47:44Z,-294.2,366.78
60113,STARLINK-11201,2024-11-27T10:47:44Z,2024-11-28T02:04:35Z,178.1,366.78
60118,STARLINK-11177,2024-11-28T13:42:43Z,2024-11-29T01:56:12Z,206.5,366.76
60118,STARLINK-11177,2024-11-29T08:02:56Z,2024-11-30T11:33:15Z,-127.8,366.76
60119,STARLINK-11127,2024-11-26T11:10:06Z,2024-11-27T11:37:02Z,-156.3,366.81
60119,STARLINK-11127,2024-11-27T11:37:02Z,2024-11-28T12:03:59Z,140.3,366.81
60121,STARLINK-11119,2024-11-26T16:48:33Z,2024-11-28T02:25:37Z,-534.5,366.84
60121,STARLINK-11119,2024-11-28T02:25:37Z,2024-11-28T08:32:21Z,139.1,366.84
60121,STARLINK-11119,2024-11-28T08:32:21Z,2024-11-29T10:31:02Z,150.9,366.84
60121,STARLINK-11119,2024-11-29T10:31:02Z,2024-11-29T18:09:26Z,-253.6,366.84
60121,STARLINK-11119,2024-11-29T18:09:26Z,2024-11-30T12:29:35Z,214.7,366.84
60122,STARLINK-11157,2024-11-26T12:20:36Z,2024-11-27T02:05:45Z,154.2,366.84
60123,STARLINK-11162,2024-11-26T12:06:28Z,2024-11-27T11:01:43Z,215.0,366.85
60125,STARLINK-11160,2024-11-27T14:26:16Z,2024-11-28T02:39:42Z,-252.0,366.85
60125,STARLINK-11160,2024-11-28T02:39:42Z,2024-11-28T08:46:26Z,308.6,366.85
60127,STARLINK-31840,2024-11-27T22:00:01Z,2024-11-28T04:44:00Z,137.3,482.34
60129,STARLINK-31845,2024-11-26T12:00:01Z,2024-11-26T22:00:01Z,3697.5,468.48
60129,STARLINK-31845,2024-11-26T22:00:01Z,2024-11-27T04:00:01Z,2281.5,468.48
60129,STARLINK-31845,2024-11-27T04:00:01Z,2024-11-27T12:00:02Z,2979.2,468.48
60129,STARLINK-31845,2024-11-27T12:00:02Z,2024-11-27T14:00:01Z,808.8,468.48
60129,STARLINK-31845,2024-11-27T14:00:01Z,2024-11-27T22:00:01Z,2903.3,468.48
60129,STARLINK-31845,2024-11-27T22:00:01Z,2024-11-28T04:00:01Z,2269.8,468.48
60129,STARLINK-31845,2024-11-28T04:00:01Z,2024-11-28T14:00:01Z,3812.1,468.48
60129,STARLINK-31845,2024-11-28T14:00:01Z,2024-11-28T20:00:01Z,2120.5,468.48
60129,STARLINK-31845,2024-11-28T20:00:01Z,2024-11-28T22:00:01Z,811.4,468.48
60129,STARLINK-31845,2024-11-28T22:00:01Z,2024-11-29T20:00:01Z,8882.6,468.48
60129,STARLINK-31845,2024-11-29T20:00:01Z,2024-11-29T22:00:01Z,250.3,468.48
60129,STARLINK-31845,2024-11-30T04:00:01Z,2024-11-30T14:00:01Z,134.4,468.48
60130,STARLINK-31838,2024-11-28T11:09:22Z,2024-11-29T13:48:14Z,-128.9,482.37
60131,STARLINK-31785,2024-11-28T10:45:04Z,2024-11-29T10:15:49Z,-128.1,482.33
60131,STARLINK-31785,2024-11-30T09:46:38Z,2024-11-30T14:28:46Z,-372.0,482.33
60132,STARLINK-31792,2024-11-26T13:00:00Z,2024-11-27T10:56:46Z,-259.8,482.27
60132,STARLINK-31792,2024-11-28T13:35:39Z,2024-11-29T03:42:08Z,109.2,482.27
60135,STARLINK-32043,2024-11-28T17:03:35Z,2024-11-29T16:25:47Z,114.1,454.37
60135,STARLINK-32043,2024-11-29T22:39:42Z,2024-11-30T15:47:53Z,-171.8,454.37
60138,STARLINK-32025,2024-11-26T10:05:37Z,2024-11-27T21:55:37Z,241.1,454.32
60138,STARLINK-32025,2024-11-29T15:59:29Z,2024-11-30T09:07:43Z,-152.4,454.32
60139,STARLINK-31867,2024-11-26T11:05:51Z,2024-11-27T07:21:01Z,-219.6,454.27
60139,STARLINK-31867,2024-11-29T09:12:17Z,2024-11-29T16:59:41Z,134.4,454.27
60139,STARLINK-31867,2024-11-29T16:59:41Z,2024-11-30T08:34:26Z,-114.0,454.27
60140,STARLINK-31694,2024-11-26T09:38:30Z,2024-11-27T01:13:19Z,335.8,454.37
60140,STARLINK-31694,2024-11-28T06:49:23Z,2024-11-29T06:11:31Z,-153.2,454.37
60142,STARLINK-32031,2024-11-29T09:11:47Z,2024-11-29T16:59:13Z,129.0,454.36
60142,STARLINK-32031,2024-11-29T16:59:13Z,2024-11-29T23:13:05Z,-100.1,454.36
60143,STARLINK-32027,2024-11-27T17:34:29Z,2024-11-27T23:48:22Z,-140.5,454.42
60143,STARLINK-32027,2024-11-27T23:48:22Z,2024-11-28T06:02:20Z,483.9,454.42
60143,STARLINK-32027,2024-11-28T06:02:20Z,2024-11-28T16:56:37Z,-476.9,454.42
60143,STARLINK-32027,2024-11-30T07:53:34Z,2024-11-30T14:08:06Z,1411.8,454.42
60145,STARLINK-32029,2024-11-27T22:35:42Z,2024-11-28T06:23:06Z,140.6,454.32
60145,STARLINK-32029,2024-11-30T11:21:19Z,2024-11-30T16:01:46Z,115.2,454.32
60147,STARLINK-32019,2024-11-26T10:11:49Z,2024-11-26T13:18:45Z,145.5,454.34
60147,STARLINK-32019,2024-11-26T13:18:45Z,2024-11-27T09:33:59Z,125.1,454.34
60147,STARLINK-32019,2024-11-27T23:35:17Z,2024-11-28T16:43:34Z,129.8,454.34
60147,STARLINK-32019,2024-11-28T22:57:28Z,2024-11-29T16:05:41Z,-194.6,454.34
60147,STARLINK-32019,2024-11-29T16:05:41Z,2024-11-29T23:53:04Z,128.6,454.34
60148,STARLINK-32021,2024-11-29T06:31:57Z,2024-11-30T10:34:30Z,-103.0,454.38
60149,STARLINK-32022,2024-11-28T23:17:59Z,2024-11-29T08:38:51Z,107.0,454.33
60151,STARLINK-32004,2024-11-27T17:35:11Z,2024-11-27T23:49:04Z,-133.0,454.34
60151,STARLINK-32004,2024-11-27T23:49:04Z,2024-11-28T09:09:59Z,273.3,454.34
60151,STARLINK-32004,2024-11-28T13:50:24Z,2024-11-28T16:57:22Z,111.8,454.34
60151,STARLINK-32004,2024-11-28T16:57:22Z,2024-11-29T08:32:10Z,-189.9,454.34
60152,STARLINK-32147,2024-11-28T09:56:46Z,2024-11-28T22:24:40Z,126.5,454.35
60152,STARLINK-32147,2024-11-29T06:12:02Z,2024-11-29T23:20:14Z,-130.1,454.35
60153,STARLINK-32131,2024-11-26T06:11:33Z,2024-11-27T07:07:09Z,-107.6,454.36
60154,STARLINK-32145,2024-11-27T00:19:48Z,2024-11-27T06:33:45Z,121.9,454.39
60156,STARLINK-32048,2024-11-27T07:00:31Z,2024-11-28T00:08:43Z,-289.9,454.37
60156,STARLINK-32048,2024-11-28T00:08:43Z,2024-11-28T06:22:38Z,117.9,454.37
60156,STARLINK-32048,2024-11-28T06:22:38Z,2024-11-29T01:04:21Z,111.8,454.37
60156,STARLINK-32048,2024-11-29T16:39:08Z,2024-11-30T11:20:50Z,-110.6,454.37
60156,STARLINK-32048,2024-11-30T11:20:50Z,2024-11-30T16:01:17Z,296.9,454.37
60185,STARLINK-11180,2024-11-26T22:55:19Z,2024-11-27T08:05:26Z,139.5,366.82
60185,STARLINK-11180,2024-11-28T14:39:06Z,2024-11-28T22:17:32Z,137.8,366.82
60185,STARLINK-11180,2024-11-28T22:17:32Z,2024-11-29T04:24:15Z,-154.6,366.82
60186,STARLINK-11197,2024-11-27T23:15:12Z,2024-11-29T04:17:12Z,-114.6,366.83
60187,STARLINK-11194,2024-11-27T23:08:09Z,2024-11-28T22:03:24Z,108.8,366.86
60187,STARLINK-11194,2024-11-28T22:03:24Z,2024-11-29T04:10:07Z,-229.2,366.86
60189,STARLINK-11183,2024-11-28T23:21:05Z,2024-11-29T06:59:28Z,-112.3,366.85
60189,STARLINK-11183,2024-11-29T06:59:28Z,2024-11-29T14:37:56Z,229.2,366.85
60190,STARLINK-11179,2024-11-28T23:14:03Z,2024-11-29T02:17:25Z,-153.4,366.84
60193,STARLINK-11172,2024-11-30T03:54:50Z,2024-11-30T14:36:38Z,121.0,366.89
60196,STARLINK-31869,2024-11-28T22:58:52Z,2024-11-29T06:46:17Z,149.0,454.32
60196,STARLINK-31869,2024-11-29T16:07:08Z,2024-11-30T10:48:50Z,-167.3,454.32
60197,STARLINK-32023,2024-11-28T17:28:04Z,2024-11-28T23:42:21Z,-103.1,458.97
60198,STARLINK-32046,2024-11-26T07:53:01Z,2024-11-28T06:37:20Z,-163.9,454.36
60198,STARLINK-32046,2024-11-28T23:45:33Z,2024-11-29T16:53:49Z,113.5,454.36
60199,STARLINK-32049,2024-11-26T09:53:18Z,2024-11-27T17:02:45Z,351.7,454.32
60199,STARLINK-32049,2024-11-27T17:02:45Z,2024-11-28T10:10:54Z,-532.1,454.32
60199,STARLINK-32049,2024-11-28T10:10:54Z,2024-11-29T06:26:13Z,595.5,454.32
60199,STARLINK-32049,2024-11-29T06:26:13Z,2024-11-30T10:28:51Z,621.3,454.32
60199,STARLINK-32049,2024-11-30T10:28:51Z,2024-11-30T16:42:46Z,-279.6,454.32
60200,STARLINK-32002,2024-11-29T17:07:11Z,2024-11-30T10:15:23Z,-202.6,454.37
60200,STARLINK-32002,2024-11-30T10:15:23Z,2024-11-30T16:29:20Z,239.1,454.37
60201,STARLINK-32020,2024-11-27T06:41:44Z,2024-11-27T17:36:06Z,262.0,454.39
60201,STARLINK-32020,2024-11-27T17:36:06Z,2024-11-27T23:50:00Z,-198.4,454.39
60201,STARLINK-32020,2024-11-27T23:50:00Z,2024-11-28T09:10:49Z,-345.5,454.39
60201,STARLINK-32020,2024-11-28T09:10:49Z,2024-11-28T16:58:15Z,364.9,454.39
60201,STARLINK-32020,2024-11-28T16:58:15Z,2024-11-28T23:12:10Z,200.7,454.39
60201,STARLINK-32020,2024-11-28T23:12:10Z,2024-11-29T08:33:01Z,-247.9,454.39
60201,STARLINK-32020,2024-11-29T16:20:25Z,2024-11-30T06:21:41Z,-134.1,454.39
60202,STARLINK-32041,2024-11-28T23:38:23Z,2024-11-29T08:59:16Z,107.5,454.35
60257,STARLINK-32166,2024-11-28T14:26:43Z,2024-11-29T12:23:27Z,-157.4,482.39
60257,STARLINK-32166,2024-11-29T15:31:33Z,2024-11-30T11:54:16Z,213.6,482.39
60259,STARLINK-32207,2024-11-27T16:18:00Z,2024-11-28T12:37:30Z,139.8,470.42
60259,STARLINK-32207,2024-11-30T11:31:40Z,2024-11-30T16:13:04Z,-135.9,470.42
60261,STARLINK-32160,2024-11-26T16:51:35Z,2024-11-27T13:14:15Z,110.0,482.38
60263,STARLINK-32148,2024-11-26T06:53:48Z,2024-11-27T12:40:49Z,157.0,482.38
60265,STARLINK-32120,2024-11-27T15:00:27Z,2024-11-28T12:57:13Z,106.2,482.39
60267,STARLINK-32158,2024-11-28T14:55:25Z,2024-11-29T17:34:20Z,131.4,482.38
60268,STARLINK-32167,2024-11-26T07:14:38Z,2024-11-26T19:45:07Z,419.4,470.39
60273,STARLINK-32206,2024-11-26T16:24:04Z,2024-11-27T12:43:37Z,141.7,470.38
60273,STARLINK-32206,2024-11-27T15:51:14Z,2024-11-28T12:10:39Z,-145.8,470.38
60274,STARLINK-32155,2024-11-26T16:36:21Z,2024-11-27T12:59:04Z,114.8,482.4
60274,STARLINK-32155,2024-11-29T12:00:40Z,2024-11-29T15:08:44Z,-580.6,482.4
60274,STARLINK-32155,2024-11-29T15:08:44Z,2024-11-30T11:31:29Z,668.6,482.4
60278,STARLINK-32156,2024-11-26T14:12:13Z,2024-11-28T06:57:34Z,-132.0,482.39
60280,STARLINK-32118,2024-11-26T06:12:48Z,2024-11-26T15:37:09Z,110.5,482.36
60280,STARLINK-32118,2024-11-29T04:45:12Z,2024-11-29T12:35:30Z,148.5,482.36
60280,STARLINK-32118,2024-11-29T12:35:30Z,2024-11-29T15:43:35Z,-153.7,482.36
60280,STARLINK-32118,2024-11-29T15:43:35Z,2024-11-30T12:06:17Z,105.4,482.36
60281,STARLINK-32038,2024-11-27T15:10:59Z,2024-11-27T18:19:05Z,-106.6,482.34
60281,STARLINK-32038,2024-11-27T18:19:05Z,2024-11-28T08:25:33Z,-121.4,482.34
60281,STARLINK-32038,2024-11-28T08:25:33Z,2024-11-28T16:15:49Z,139.5,482.34
60282,STARLINK-32113,2024-11-26T15:41:41Z,2024-11-28T16:17:20Z,-121.8,482.33
60283,STARLINK-32037,2024-11-26T14:36:31Z,2024-11-27T12:33:15Z,-100.2,482.33
60284,STARLINK-32123,2024-11-26T06:32:00Z,2024-11-27T09:10:20Z,-692.7,479.87
60284,STARLINK-32123,2024-11-27T09:10:20Z,2024-11-28T05:32:27Z,-491.8,479.87
60284,STARLINK-32123,2024-11-28T05:32:27Z,2024-11-28T13:22:27Z,-196.1,479.87
60284,STARLINK-32123,2024-11-28T13:22:27Z,2024-11-29T17:34:25Z,-242.7,479.87
60284,STARLINK-32123,2024-11-29T17:34:25Z,2024-11-30T15:30:19Z,-159.0,479.87
60285,STARLINK-32122,2024-11-26T06:37:06Z,2024-11-26T16:01:26Z,203.3,482.29
60285,STARLINK-32122,2024-11-26T16:01:26Z,2024-11-26T22:17:41Z,207.4,482.29
60285,STARLINK-32122,2024-11-26T22:17:41Z,2024-11-27T12:24:09Z,-505.5,482.29
60285,STARLINK-32122,2024-11-28T18:11:09Z,2024-11-29T16:07:54Z,100.5,482.29
60287,STARLINK-32114,2024-11-27T13:02:09Z,2024-11-27T16:10:13Z,-107.5,482.38
60289,STARLINK-32000,2024-11-27T12:37:50Z,2024-11-28T12:08:39Z,-119.5,482.34
60291,STARLINK-32142,2024-11-27T13:18:42Z,2024-11-28T06:33:15Z,-161.4,482.35
60295,STARLINK-32126,2024-11-26T07:18:08Z,2024-11-26T15:08:26Z,126.3,482.36
60295,STARLINK-32126,2024-11-26T15:08:26Z,2024-11-27T13:05:10Z,-126.0,482.36
60298,STARLINK-32124,2024-11-26T16:27:18Z,2024-11-27T12:49:56Z,-133.2,482.35
60298,STARLINK-32124,2024-11-27T14:24:00Z,2024-11-28T12:20:47Z,122.8,482.35
60298,STARLINK-32124,2024-11-28T12:20:47Z,2024-11-28T13:54:48Z,-151.2,482.35
60298,STARLINK-32124,2024-11-28T13:54:48Z,2024-11-29T11:51:34Z,102.2,482.35
60299,STARLINK-32151,2024-11-26T15:19:30Z,2024-11-27T13:05:18Z,-311.4,442.24
60299,STARLINK-32151,2024-11-27T13:05:18Z,2024-11-28T12:24:17Z,-316.6,442.24
60299,STARLINK-32151,2024-11-28T15:30:48Z,2024-11-29T11:43:02Z,-767.3,442.24
60299,STARLINK-32151,2024-11-29T11:43:02Z,2024-11-29T20:00:01Z,-1728.9,442.24
60299,STARLINK-32151,2024-11-29T20:00:01Z,2024-11-29T22:00:01Z,-155.1,442.24
60299,STARLINK-32151,2024-11-29T22:00:01Z,2024-11-30T04:00:01Z,-542.6,442.24
60299,STARLINK-32151,2024-11-30T04:00:01Z,2024-11-30T12:00:01Z,-974.9,442.24
60299,STARLINK-32151,2024-11-30T12:00:01Z,2024-11-30T14:00:01Z,-188.5,442.24
60303,STARLINK-11227,2024-11-26T09:47:14Z,2024-11-27T20:55:58Z,288.3,366.91
60303,STARLINK-11227,2024-11-29T01:57:59Z,2024-11-29T21:49:58Z,232.9,366.91
60303,STARLINK-11227,2024-11-29T21:49:58Z,2024-11-30T05:28:17Z,-247.1,366.91
60306,STARLINK-11109,2024-11-27T08:21:17Z,2024-11-27T22:06:29Z,203.6,366.95
60306,STARLINK-11109,2024-11-28T04:13:13Z,2024-11-28T05:44:55Z,119.3,366.95
60306,STARLINK-11109,2024-11-28T21:01:47Z,2024-11-29T03:08:24Z,-325.7,366.95
60306,STARLINK-11109,2024-11-29T06:11:47Z,2024-11-30T08:10:31Z,554.2,366.95
60307,STARLINK-11223,2024-11-29T13:36:04Z,2024-11-30T06:24:39Z,162.4,366.84
60308,STARLINK-11192,2024-11-26T07:47:25Z,2024-11-27T08:14:18Z,937.3,366.85
60308,STARLINK-11192,2024-11-27T08:14:18Z,2024-11-27T14:21:08Z,180.4,366.85
60308,STARLINK-11192,2024-11-27T14:21:08Z,2024-11-28T04:06:09Z,-312.2,366.85
60308,STARLINK-11192,2024-11-28T04:06:09Z,2024-11-28T08:41:05Z,-224.2,366.85
60308,STARLINK-11192,2024-11-28T08:41:05Z,2024-11-28T20:54:37Z,128.0,366.85
60308,STARLINK-11192,2024-11-28T20:54:37Z,2024-11-29T03:01:26Z,180.2,366.85
60308,STARLINK-11192,2024-11-29T13:43:12Z,2024-11-30T06:31:42Z,-174.2,366.85
60310,STARLINK-11200,2024-11-26T10:29:30Z,2024-11-27T07:53:03Z,-695.6,366.87
60310,STARLINK-11200,2024-11-27T13:59:46Z,2024-11-27T21:38:13Z,127.8,366.87
60311,STARLINK-11208,2024-11-26T21:52:51Z,2024-11-27T07:03:23Z,126.1,370.31
60312,STARLINK-11206,2024-11-29T03:57:55Z,2024-11-30T13:34:57Z,-102.4,366.86
60313,STARLINK-11205,2024-11-28T03:23:54Z,2024-11-28T14:05:43Z,114.3,366.87
60313,STARLINK-11205,2024-11-28T14:05:43Z,2024-11-29T03:50:50Z,-154.9,366.87
60314,STARLINK-32191,2024-11-30T07:26:57Z,2024-11-30T15:14:20Z,102.8,454.35
60315,STARLINK-32194,2024-11-28T05:01:55Z,2024-11-28T15:56:14Z,-115.2,454.4
60315,STARLINK-32194,2024-11-28T22:10:09Z,2024-11-29T04:24:05Z,152.9,454.4
60317,STARLINK-32189,2024-11-28T15:43:22Z,2024-11-29T02:37:41Z,-375.7,454.38
60317,STARLINK-32189,2024-11-29T02:37:41Z,2024-11-29T15:05:31Z,345.9,454.38
60319,STARLINK-32182,2024-11-28T05:15:45Z,2024-11-28T22:23:59Z,-168.0,454.38
60319,STARLINK-32182,2024-11-28T22:23:59Z,2024-11-29T04:37:57Z,270.7,454.38
60319,STARLINK-32182,2024-11-29T15:32:16Z,2024-11-30T04:00:06Z,748.0,454.38
60319,STARLINK-32182,2024-11-30T04:00:06Z,2024-11-30T14:54:24Z,-898.4,454.38
60320,STARLINK-32199,2024-11-29T03:50:39Z,2024-11-30T07:53:13Z,-134.4,454.39
60321,STARLINK-32198,2024-11-27T05:19:43Z,2024-11-28T04:41:51Z,-204.4,454.39
60329,STARLINK-31745,2024-11-26T19:08:51Z,2024-11-27T07:41:21Z,139.4,482.39
60329,STARLINK-31745,2024-11-29T16:07:15Z,2024-11-29T19:15:17Z,-124.4,482.39
60329,STARLINK-31745,2024-11-29T19:15:17Z,2024-11-30T06:13:43Z,131.1,482.39
60330,STARLINK-32153,2024-11-28T07:10:32Z,2024-11-28T16:34:53Z,125.7,482.38
60336,STARLINK-32079,2024-11-29T07:48:06Z,2024-11-29T18:46:28Z,-101.1,482.39
60338,STARLINK-32078,2024-11-28T14:27:26Z,2024-11-29T18:40:22Z,-206.1,482.38
60338,STARLINK-32078,2024-11-29T18:40:22Z,2024-11-30T05:38:45Z,187.2,482.38
60341,STARLINK-32185,2024-11-29T16:48:06Z,2024-11-30T06:54:34Z,-123.0,482.39
60341,STARLINK-32185,2024-11-30T06:54:34Z,2024-11-30T13:10:47Z,191.4,482.39
60342,STARLINK-32221,2024-11-28T17:21:50Z,2024-11-29T07:28:20Z,171.2,482.37
60344,STARLINK-32077,2024-11-28T07:48:24Z,2024-11-29T07:19:14Z,108.7,482.37
60344,STARLINK-32077,2024-11-29T07:19:14Z,2024-11-30T06:49:59Z,-166.9,482.37
60344,STARLINK-32077,2024-11-30T06:49:59Z,2024-11-30T13:06:15Z,127.7,482.37
60347,STARLINK-32084,2024-11-30T06:40:53Z,2024-11-30T12:57:09Z,107.3,482.38
60348,STARLINK-32081,2024-11-27T14:20:09Z,2024-11-28T07:34:41Z,-115.6,482.38
60348,STARLINK-32081,2024-11-28T07:34:41Z,2024-11-28T13:50:56Z,141.2,482.38
60348,STARLINK-32081,2024-11-28T13:50:56Z,2024-11-29T16:29:47Z,-154.1,482.38
60348,STARLINK-32081,2024-11-29T16:29:47Z,2024-11-30T06:36:21Z,241.3,482.38
60350,STARLINK-32076,2024-11-27T07:54:49Z,2024-11-27T14:11:02Z,-115.7,482.38
60350,STARLINK-32076,2024-11-27T14:11:02Z,2024-11-28T01:09:25Z,154.1,482.38
60350,STARLINK-32076,2024-11-28T13:41:52Z,2024-11-29T06:56:24Z,-108.4,482.38
60355,STARLINK-32285,2024-11-29T08:41:48Z,2024-11-30T04:57:00Z,142.8,454.39
60356,STARLINK-32278,2024-11-27T16:11:49Z,2024-11-28T10:53:36Z,185.1,454.35
60356,STARLINK-32278,2024-11-28T14:00:33Z,2024-11-29T05:35:16Z,-142.6,454.35
60356,STARLINK-32278,2024-11-29T05:35:16Z,2024-11-30T04:57:28Z,148.0,454.35
60360,STARLINK-32275,2024-11-26T08:41:45Z,2024-11-27T06:30:28Z,-102.8,454.38
60360,STARLINK-32275,2024-11-27T06:30:28Z,2024-11-28T10:33:02Z,-125.0,454.38
60361,STARLINK-32227,2024-11-28T23:08:04Z,2024-11-29T08:28:51Z,-193.7,454.39
60365,STARLINK-32188,2024-11-29T08:28:23Z,2024-11-29T16:15:49Z,106.6,454.39
60369,STARLINK-32266,2024-11-28T22:03:46Z,2024-11-29T04:17:44Z,137.3,454.39
60372,STARLINK-32268,2024-11-28T16:00:46Z,2024-11-28T22:14:40Z,-184.8,454.34
60372,STARLINK-32268,2024-11-28T22:14:40Z,2024-11-29T06:02:03Z,181.1,454.34
60373,STARLINK-32223,2024-11-28T09:12:57Z,2024-11-29T10:08:38Z,183.3,454.36
60373,STARLINK-32223,2024-11-29T10:08:38Z,2024-11-30T09:30:42Z,-310.8,454.36
60377,STARLINK-32269,2024-11-28T16:20:41Z,2024-11-29T07:55:24Z,-389.8,454.38
60377,STARLINK-32269,2024-11-29T07:55:24Z,2024-11-29T15:42:50Z,371.4,454.38
60398,STARLINK-11228,2024-11-27T10:14:10Z,2024-11-27T17:52:35Z,194.1,366.86
60402,STARLINK-11139,2024-11-29T02:47:16Z,2024-11-30T01:42:31Z,-112.9,366.84
60406,STARLINK-11150,2024-11-26T17:46:53Z,2024-11-27T10:35:21Z,-117.4,366.85
60409,STARLINK-11174,2024-11-26T17:18:36Z,2024-11-27T02:28:42Z,-130.0,366.87
60410,STARLINK-11191,2024-11-26T17:11:32Z,2024-11-26T23:18:15Z,-246.3,366.86
60410,STARLINK-11191,2024-11-27T03:53:18Z,2024-11-27T17:38:28Z,194.7,366.86
60411,STARLINK-32244,2024-11-26T22:39:38Z,2024-11-27T04:55:50Z,-130.0,482.41
60412,STARLINK-32186,2024-11-28T04:22:04Z,2024-11-28T12:12:16Z,-151.6,482.4
60412,STARLINK-32186,2024-11-28T12:12:16Z,2024-11-29T03:52:56Z,269.6,482.4
60412,STARLINK-32186,2024-11-29T03:52:56Z,2024-11-29T11:43:09Z,-116.9,482.4
60413,STARLINK-32178,2024-11-27T12:27:54Z,2024-11-28T04:08:23Z,-108.4,482.38
60417,STARLINK-32255,2024-11-28T19:39:49Z,2024-11-29T00:22:02Z,127.9,482.39
60417,STARLINK-32255,2024-11-29T17:36:34Z,2024-11-30T10:51:06Z,-116.2,482.39
60425,STARLINK-32250,2024-11-27T09:59:10Z,2024-11-27T17:49:27Z,209.9,482.36
60428,STARLINK-32193,2024-11-27T09:54:39Z,2024-11-27T17:44:53Z,-226.9,482.37
60428,STARLINK-32193,2024-11-27T17:44:53Z,2024-11-27T22:27:04Z,214.5,482.37
60429,STARLINK-32242,2024-11-26T18:03:28Z,2024-11-27T17:34:16Z,-187.0,482.38
60429,STARLINK-32242,2024-11-27T17:34:16Z,2024-11-27T22:16:26Z,198.3,482.38
60431,STARLINK-32232,2024-11-27T17:40:20Z,2024-11-28T01:30:39Z,124.5,482.38
60434,STARLINK-32233,2024-11-29T16:08:31Z,2024-11-30T01:32:52Z,-421.0,482.36
60434,STARLINK-32233,2024-11-30T01:32:52Z,2024-11-30T09:23:06Z,394.2,482.36
60435,STARLINK-32222,2024-11-29T09:56:52Z,2024-11-30T01:37:21Z,-300.1,482.38
60435,STARLINK-32222,2024-11-30T01:37:21Z,2024-11-30T09:27:39Z,281.2,482.38
60436,STARLINK-32229,2024-11-29T09:47:45Z,2024-11-29T22:20:08Z,-167.9,482.39
60436,STARLINK-32229,2024-11-29T22:20:08Z,2024-11-30T15:34:45Z,152.4,482.39
60439,STARLINK-32231,2024-11-29T15:48:45Z,2024-11-30T01:13:07Z,397.3,482.38
60439,STARLINK-32231,2024-11-30T01:13:07Z,2024-11-30T09:03:20Z,-380.2,482.38
60443,STARLINK-32237,2024-11-27T10:21:51Z,2024-11-28T02:02:21Z,-121.2,482.41
60444,STARLINK-32249,2024-11-30T08:40:29Z,2024-11-30T16:30:48Z,163.5,482.37
60447,STARLINK-32101,2024-11-27T10:20:18Z,2024-11-27T22:52:43Z,117.5,482.42
60447,STARLINK-32101,2024-11-27T22:52:43Z,2024-11-29T03:05:42Z,-123.8,482.42
60583,STARLINK-31844,2024-11-28T11:01:59Z,2024-11-28T22:00:21Z,-176.3,482.36
60583,STARLINK-31844,2024-11-28T22:00:21Z,2024-11-29T08:58:41Z,-221.6,482.36
60583,STARLINK-31844,2024-11-29T08:58:41Z,2024-11-29T15:14:57Z,392.0,482.36
60586,STARLINK-32173,2024-11-27T16:33:07Z,2024-11-27T22:49:19Z,-114.2,482.38
60588,STARLINK-31994,2024-11-27T05:24:05Z,2024-11-27T22:38:40Z,145.0,482.38
60589,STARLINK-32169,2024-11-28T07:47:58Z,2024-11-29T01:02:34Z,178.9,482.39
60589,STARLINK-32169,2024-11-29T01:02:34Z,2024-11-29T08:52:50Z,-161.4,482.39
60592,STARLINK-31497,2024-11-26T23:45:52Z,2024-11-27T06:02:03Z,-126.6,482.37
60592,STARLINK-31497,2024-11-28T10:15:00Z,2024-11-29T08:11:48Z,139.0,482.37
60602,STARLINK-31983,2024-11-26T09:25:42Z,2024-11-27T08:56:32Z,112.5,482.37
60603,STARLINK-31874,2024-11-26T09:34:47Z,2024-11-26T23:41:21Z,154.5,482.37
60604,STARLINK-32039,2024-11-27T16:41:39Z,2024-11-27T22:57:50Z,-126.3,482.35
60720,STARLINK-11247,2024-11-27T19:41:58Z,2024-11-28T01:48:45Z,139.1,366.84
60720,STARLINK-11247,2024-11-28T01:48:45Z,2024-11-28T12:30:29Z,-152.5,366.84
60723,STARLINK-11272,2024-11-29T01:47:24Z,2024-11-29T18:35:54Z,-107.6,366.84
60725,STARLINK-11263,2024-11-26T20:11:24Z,2024-11-28T04:16:45Z,-145.2,366.86
60725,STARLINK-11263,2024-11-28T19:33:36Z,2024-11-29T00:08:37Z,-293.9,366.86
60725,STARLINK-11263,2024-11-29T00:08:37Z,2024-11-29T01:40:19Z,157.7,366.86
60725,STARLINK-11263,2024-11-29T01:40:19Z,2024-11-29T23:03:54Z,106.5,366.86
60728,STARLINK-11249,2024-11-29T12:00:51Z,2024-11-30T03:17:46Z,183.0,366.86
60735,STARLINK-32272,2024-11-26T21:17:51Z,2024-11-27T06:42:13Z,102.6,482.39
60735,STARLINK-32272,2024-11-29T05:43:48Z,2024-11-29T19:50:15Z,-101.8,482.39
60737,STARLINK-32289,2024-11-28T20:10:19Z,2024-11-29T02:26:36Z,134.7,482.36
60737,STARLINK-32289,2024-11-29T02:26:36Z,2024-11-29T19:41:08Z,-138.4,482.36
60738,STARLINK-32304,2024-11-29T02:22:00Z,2024-11-29T13:20:20Z,-102.5,482.39
60738,STARLINK-32304,2024-11-29T13:20:20Z,2024-11-30T05:00:54Z,152.8,482.39
60910,STARLINK-11250,2024-11-27T05:33:52Z,2024-11-27T13:12:14Z,-105.0,366.87
60910,STARLINK-11250,2024-11-27T13:12:14Z,2024-11-28T02:57:26Z,114.0,366.87
60911,STARLINK-11190,2024-11-26T20:16:46Z,2024-11-27T05:26:50Z,-251.1,366.84
60911,STARLINK-11190,2024-11-27T05:26:50Z,2024-11-27T13:05:10Z,-218.3,366.84
60916,STARLINK-32371,2024-11-26T07:25:08Z,2024-11-27T06:55:55Z,212.6,482.39
60919,STARLINK-32367,2024-11-29T06:47:31Z,2024-11-30T06:18:16Z,-100.9,482.36
60920,STARLINK-32345,2024-11-27T07:33:50Z,2024-11-27T21:40:23Z,210.1,482.44
60920,STARLINK-32345,2024-11-28T03:56:36Z,2024-11-28T14:54:58Z,-132.3,482.44
60920,STARLINK-32345,2024-11-28T14:54:58Z,2024-11-28T21:11:10Z,126.8,482.44
60923,STARLINK-32373,2024-11-28T06:51:01Z,2024-11-28T16:15:23Z,133.1,482.38
60923,STARLINK-32373,2024-11-29T03:13:45Z,2024-11-29T20:28:17Z,-143.3,482.38
60924,STARLINK-11239,2024-11-29T16:30:46Z,2024-11-30T15:26:02Z,116.5,366.87
60927,STARLINK-11243,2024-11-28T09:28:52Z,2024-11-29T09:55:47Z,-126.5,366.88
60928,STARLINK-11238,2024-11-26T11:24:10Z,2024-11-26T20:34:19Z,188.9,366.9
60928,STARLINK-11238,2024-11-26T20:34:19Z,2024-11-27T17:57:52Z,-136.5,366.9
60935,STARLINK-11253,2024-11-27T17:01:33Z,2024-11-28T09:50:02Z,-146.5,366.91
60937,STARLINK-32259,2024-11-26T20:57:38Z,2024-11-27T11:04:07Z,306.9,482.4
60937,STARLINK-32259,2024-11-28T04:18:45Z,2024-11-28T19:59:12Z,-468.9,482.4
60937,STARLINK-32259,2024-11-28T19:59:12Z,2024-11-28T21:33:17Z,155.9,482.4
60938,STARLINK-32262,2024-11-26T19:55:27Z,2024-11-27T11:30:15Z,146.1,454.36
60940,STARLINK-32251,2024-11-28T21:22:37Z,2024-11-29T03:38:53Z,128.7,482.37
60943,STARLINK-32288,2024-11-28T18:34:20Z,2024-11-29T19:39:09Z,-114.6,482.39
60992,STARLINK-11282,2024-11-26T06:20:56Z,2024-11-27T12:54:36Z,-121.9,366.88
60993,STARLINK-11283,2024-11-26T16:20:31Z,2024-11-27T06:05:38Z,-194.8,366.84
60997,STARLINK-11260,2024-11-26T10:39:59Z,2024-11-26T20:00:02Z,-855.8,315.66
60997,STARLINK-11260,2024-11-26T20:00:02Z,2024-11-26T22:00:01Z,-252.1,315.66
60997,STARLINK-11260,2024-11-26T22:00:01Z,2024-11-27T00:00:01Z,-150.2,315.66
60997,STARLINK-11260,2024-11-27T00:00:01Z,2024-11-27T12:22:04Z,179.0,315.66
60997,STARLINK-11260,2024-11-27T12:22:04Z,2024-11-28T12:00:01Z,-3064.9,315.66
60997,STARLINK-11260,2024-11-28T14:00:01Z,2024-11-28T20:00:01Z,-2861.0,315.66
60997,STARLINK-11260,2024-11-28T20:00:01Z,2024-11-28T22:00:01Z,-260.4,315.66
60997,STARLINK-11260,2024-11-28T22:00:01Z,2024-11-29T04:00:02Z,-656.4,315.66
60997,STARLINK-11260,2024-11-29T04:00:02Z,2024-11-29T12:00:01Z,-464.7,315.66
60997,STARLINK-11260,2024-11-29T12:00:01Z,2024-11-29T20:00:01Z,116.5,315.66
60997,STARLINK-11260,2024-11-29T22:00:01Z,2024-11-30T14:00:01Z,456.4,315.66
60998,STARLINK-11287,2024-11-27T14:47:28Z,2024-11-28T12:11:04Z,100.3,366.87
61003,STARLINK-32279,2024-11-26T15:03:23Z,2024-11-27T06:38:09Z,-106.8,454.36
61004,STARLINK-32336,2024-11-29T06:49:15Z,2024-11-29T13:03:10Z,-110.0,454.36
61006,STARLINK-32282,2024-11-30T05:45:07Z,2024-11-30T15:06:02Z,101.3,454.38
61007,STARLINK-32360,2024-11-26T12:00:01Z,2024-11-26T20:00:02Z,1667.1,449.83
61007,STARLINK-32360,2024-11-26T20:00:02Z,2024-11-26T22:00:01Z,377.4,449.83
61007,STARLINK-32360,2024-11-26T22:00:01Z,2024-11-27T04:00:01Z,1357.3,449.83
61007,STARLINK-32360,2024-11-27T04:00:01Z,2024-11-27T12:00:02Z,1592.3,449.83
61007,STARLINK-32360,2024-11-27T12:00:02Z,2024-11-27T14:00:01Z,459.3,449.83
61007,STARLINK-32360,2024-11-27T14:00:01Z,2024-11-27T20:00:01Z,1174.0,449.83
61007,STARLINK-32360,2024-11-27T20:00:01Z,2024-11-27T22:00:01Z,402.3,449.83
61007,STARLINK-32360,2024-11-27T22:00:01Z,2024-11-28T04:00:01Z,1365.2,449.83
61007,STARLINK-32360,2024-11-28T04:00:01Z,2024-11-28T12:00:01Z,1592.1,449.83
61007,STARLINK-32360,2024-11-28T12:00:01Z,2024-11-28T14:00:01Z,458.4,449.83
61007,STARLINK-32360,2024-11-28T14:00:01Z,2024-11-28T20:00:01Z,1174.4,449.83
61007,STARLINK-32360,2024-11-28T20:00:01Z,2024-11-28T22:00:01Z,415.0,449.83
61007,STARLINK-32360,2024-11-28T22:00:01Z,2024-11-29T04:00:02Z,1634.7,449.83
61007,STARLINK-32360,2024-11-29T04:00:02Z,2024-11-29T12:00:01Z,1137.9,449.83
61007,STARLINK-32360,2024-11-29T12:00:01Z,2024-11-29T20:00:01Z,-146.5,449.83
61007,STARLINK-32360,2024-11-29T22:00:01Z,2024-11-30T04:00:01Z,111.9,449.83
61007,STARLINK-32360,2024-11-30T04:00:01Z,2024-11-30T12:00:01Z,-141.1,449.83
61008,STARLINK-32340,2024-11-27T14:12:45Z,2024-11-28T07:27:17Z,-123.3,482.39
61008,STARLINK-32340,2024-11-28T07:27:17Z,2024-11-29T06:58:09Z,141.3,482.39
61008,STARLINK-32340,2024-11-30T06:28:54Z,2024-11-30T12:45:11Z,199.5,482.39
61009,STARLINK-32357,2024-11-26T12:00:01Z,2024-11-26T22:00:01Z,-399.5,380.96
61009,STARLINK-32357,2024-11-26T22:00:01Z,2024-11-27T12:00:02Z,-560.3,380.96
61009,STARLINK-32357,2024-11-27T14:00:01Z,2024-11-27T22:00:01Z,-379.5,380.96
61009,STARLINK-32357,2024-11-27T22:00:01Z,2024-11-28T04:00:01Z,-126.4,380.96
61009,STARLINK-32357,2024-11-28T04:00:01Z,2024-11-28T14:00:01Z,-499.7,380.96
61009,STARLINK-32357,2024-11-28T14:00:01Z,2024-11-28T20:00:01Z,-287.5,380.96
61009,STARLINK-32357,2024-11-28T20:00:01Z,2024-11-28T22:00:01Z,-105.7,380.96
61009,STARLINK-32357,2024-11-28T22:00:01Z,2024-11-29T20:00:01Z,-932.8,380.96
61009,STARLINK-32357,2024-11-29T22:00:01Z,2024-11-30T12:00:01Z,-605.4,380.96
61056,STARLINK-11156,2024-11-27T17:47:15Z,2024-11-28T07:32:29Z,247.0,366.83
61056,STARLINK-11156,2024-11-28T07:32:29Z,2024-11-28T19:45:52Z,-540.9,366.83
61056,STARLINK-11156,2024-11-28T19:45:52Z,2024-11-28T21:17:35Z,166.8,366.83
61057,STARLINK-11231,2024-11-27T14:36:56Z,2024-11-28T07:25:29Z,117.6,366.86
61059,STARLINK-11154,2024-11-29T18:20:05Z,2024-11-30T14:11:59Z,125.8,366.87
61064,STARLINK-32378,2024-11-28T18:38:30Z,2024-11-29T18:00:39Z,-121.3,454.33
61065,STARLINK-32321,2024-11-29T17:00:07Z,2024-11-30T14:48:47Z,-101.8,454.34
61067,STARLINK-32368,2024-11-26T09:56:19Z,2024-11-27T06:01:44Z,-2754.3,411.38
61067,STARLINK-32368,2024-11-27T06:01:44Z,2024-11-27T19:55:50Z,-1936.6,411.38
61067,STARLINK-32368,2024-11-27T19:55:50Z,2024-11-28T02:06:26Z,-739.1,411.38
61067,STARLINK-32368,2024-11-28T02:06:26Z,2024-11-28T17:32:34Z,-2475.1,411.38
61067,STARLINK-32368,2024-11-28T17:32:34Z,2024-11-28T20:37:44Z,-421.9,411.38
61067,STARLINK-32368,2024-11-28T20:37:44Z,2024-11-29T01:15:27Z,-673.5,411.38
61067,STARLINK-32368,2024-11-29T01:15:27Z,2024-11-29T08:58:14Z,-1054.4,411.38
61067,STARLINK-32368,2024-11-29T08:58:14Z,2024-11-29T19:45:54Z,-1680.4,411.38
61067,STARLINK-32368,2024-11-29T19:45:54Z,2024-11-29T22:50:50Z,-989.8,411.38
61067,STARLINK-32368,2024-11-29T22:50:50Z,2024-11-30T11:10:38Z,-2065.1,411.38
61067,STARLINK-32368,2024-11-30T11:10:38Z,2024-11-30T14:15:31Z,-519.3,411.38
61070,STARLINK-32375,2024-11-30T08:48:07Z,2024-11-30T15:02:03Z,111.1,454.38
61215,STARLINK-32436,2024-11-27T12:30:34Z,2024-11-27T17:11:56Z,-100.5,470.37
61215,STARLINK-32436,2024-11-28T07:16:12Z,2024-11-28T11:57:39Z,104.3,470.37
61215,STARLINK-32436,2024-11-28T11:57:39Z,2024-11-28T16:39:07Z,108.5,470.37
61215,STARLINK-32436,2024-11-29T16:06:11Z,2024-11-30T06:10:26Z,125.3,470.37
61219,STARLINK-32248,2024-11-27T00:46:56Z,2024-11-27T10:09:51Z,179.1,470.45
61219,STARLINK-32248,2024-11-27T10:09:51Z,2024-11-28T11:10:41Z,-123.8,470.45
61219,STARLINK-32248,2024-11-30T05:23:33Z,2024-11-30T13:13:19Z,1557.3,470.45
61244,STARLINK-11276,2024-11-27T00:25:18Z,2024-11-28T00:52:12Z,165.8,366.82
61244,STARLINK-11276,2024-11-28T00:52:12Z,2024-11-28T08:30:39Z,159.1,366.82
61245,STARLINK-11280,2024-11-27T01:42:44Z,2024-11-27T20:03:09Z,-1501.6,367.46
61245,STARLINK-11280,2024-11-27T20:03:09Z,2024-11-27T23:06:26Z,-125.1,367.46
61245,STARLINK-11280,2024-11-27T23:06:26Z,2024-11-28T03:41:32Z,-224.2,367.46
61245,STARLINK-11280,2024-11-28T03:41:32Z,2024-11-29T02:36:43Z,-607.4,367.46
61245,STARLINK-11280,2024-11-29T02:36:43Z,2024-11-30T04:00:01Z,124.2,367.46
61245,STARLINK-11280,2024-11-30T04:00:01Z,2024-11-30T14:00:01Z,-122.7,367.46
61253,STARLINK-11311,2024-11-27T00:53:32Z,2024-11-27T08:31:55Z,-172.6,366.86
61253,STARLINK-11311,2024-11-27T08:31:55Z,2024-11-28T10:30:35Z,176.9,366.86
61258,STARLINK-32382,2024-11-26T15:56:18Z,2024-11-27T01:17:09Z,-142.1,454.34
61258,STARLINK-32382,2024-11-27T01:17:09Z,2024-11-27T09:04:33Z,141.4,454.34
61259,STARLINK-32435,2024-11-27T01:43:27Z,2024-11-27T09:30:48Z,-100.1,454.38
61509,STARLINK-32174,2024-11-26T20:47:36Z,2024-11-27T01:27:52Z,767.4,454.37
61509,STARLINK-32174,2024-11-27T01:27:52Z,2024-11-27T12:00:02Z,3991.5,454.37
61509,STARLINK-32174,2024-11-27T22:00:01Z,2024-11-28T12:00:01Z,-118.4,454.37
61509,STARLINK-32174,2024-11-28T20:00:01Z,2024-11-28T22:00:01Z,164.1,454.37
61509,STARLINK-32174,2024-11-29T04:00:02Z,2024-11-29T12:00:01Z,200.7,454.37
61509,STARLINK-32174,2024-11-30T04:00:01Z,2024-11-30T12:00:01Z,359.8,454.37
61509,STARLINK-32174,2024-11-30T12:00:01Z,2024-11-30T14:00:01Z,-174.8,454.37
61511,STARLINK-32140,2024-11-29T12:26:35Z,2024-11-29T18:40:28Z,-106.8,454.35
61512,STARLINK-32201,2024-11-26T12:00:01Z,2024-11-26T20:00:02Z,-120.2,454.41
61512,STARLINK-32201,2024-11-26T22:00:01Z,2024-11-27T06:34:25Z,-130.3,454.41
61512,STARLINK-32201,2024-11-29T20:53:26Z,2024-11-30T12:28:15Z,103.6,454.41
61516,STARLINK-32047,2024-11-26T23:35:24Z,2024-11-27T11:58:30Z,-104.4,425.88
61517,STARLINK-31756,2024-11-28T22:24:23Z,2024-11-29T18:39:39Z,173.5,454.36
61517,STARLINK-31756,2024-11-29T18:39:39Z,2024-11-29T23:20:02Z,-153.9,454.36
61520,STARLINK-32306,2024-11-27T05:44:57Z,2024-11-27T13:29:22Z,-131.5,425.86
61520,STARLINK-32306,2024-11-27T13:29:22Z,2024-11-28T20:27:17Z,186.3,425.86
61520,STARLINK-32306,2024-11-28T22:00:11Z,2024-11-29T11:56:10Z,-160.1,425.86
61521,STARLINK-32297,2024-11-29T05:44:07Z,2024-11-29T19:40:06Z,-364.7,425.87
61521,STARLINK-32297,2024-11-29T19:40:06Z,2024-11-30T04:57:29Z,322.6,425.87
61526,STARLINK-32293,2024-11-28T20:24:18Z,2024-11-29T11:53:09Z,-372.6,425.89
61526,STARLINK-32293,2024-11-29T11:53:09Z,2024-11-29T19:37:40Z,375.5,425.89
61530,STARLINK-32261,2024-11-26T13:13:27Z,2024-11-26T21:00:47Z,-150.0,454.34
61532,STARLINK-11354,2024-11-26T11:01:26Z,2024-11-28T13:13:32Z,182.7,346.86
61532,STARLINK-11354,2024-11-28T13:13:32Z,2024-11-30T03:15:25Z,-124.6,346.86
61534,STARLINK-11338,2024-11-27T12:46:04Z,2024-11-28T03:58:50Z,130.3,346.84
61534,STARLINK-11338,2024-11-28T03:58:50Z,2024-11-28T11:35:12Z,-115.3,346.84
61535,STARLINK-11362,2024-11-29T02:26:53Z,2024-11-29T10:03:01Z,-1323.1,346.85
61535,STARLINK-11362,2024-11-29T10:03:01Z,2024-11-29T20:00:01Z,1277.1,346.85
61538,STARLINK-11325,2024-11-26T10:19:14Z,2024-11-26T14:53:03Z,-172.5,346.87
61538,STARLINK-11325,2024-11-26T14:53:03Z,2024-11-27T03:03:15Z,137.0,346.87
61541,STARLINK-11357,2024-11-26T16:03:13Z,2024-11-27T04:13:27Z,122.6,346.86
61549,STARLINK-32389,2024-11-29T09:59:45Z,2024-11-29T11:33:12Z,-151.9,454.39
61549,STARLINK-32389,2024-11-29T11:33:12Z,2024-11-30T09:21:57Z,184.7,454.39
61550,STARLINK-32476,2024-11-28T12:50:08Z,2024-11-29T12:12:14Z,-115.9,454.4
61551,STARLINK-32366,2024-11-27T15:35:17Z,2024-11-28T04:03:07Z,141.8,454.36
61551,STARLINK-32366,2024-11-28T11:50:34Z,2024-11-29T03:25:18Z,-143.9,454.36
61577,STARLINK-11375,2024-11-26T17:33:59Z,2024-11-27T07:15:27Z,-143.8,346.83
61580,STARLINK-11342,2024-11-26T18:44:10Z,2024-11-27T14:30:45Z,-244.9,346.77
61580,STARLINK-11342,2024-11-27T14:30:45Z,2024-11-27T19:04:35Z,139.5,346.77
61580,STARLINK-11342,2024-11-27T19:04:35Z,2024-11-28T13:19:53Z,-190.6,346.77
61580,STARLINK-11342,2024-11-28T13:19:53Z,2024-11-28T19:25:00Z,307.5,346.77
61581,STARLINK-11374,2024-11-26T07:58:03Z,2024-11-26T20:00:02Z,4816.5,363.83
61581,STARLINK-11374,2024-11-26T20:00:02Z,2024-11-26T22:00:01Z,420.3,363.83
61581,STARLINK-11374,2024-11-26T22:00:01Z,2024-11-27T12:00:02Z,3363.2,363.83
61581,STARLINK-11374,2024-11-27T12:00:02Z,2024-11-27T14:00:01Z,506.6,363.83
61581,STARLINK-11374,2024-11-27T14:00:01Z,2024-11-27T22:00:01Z,1881.7,363.83
61581,STARLINK-11374,2024-11-27T22:00:01Z,2024-11-28T14:00:01Z,3882.5,363.83
61581,STARLINK-11374,2024-11-28T14:00:01Z,2024-11-28T20:00:01Z,1805.2,363.83
61581,STARLINK-11374,2024-11-28T20:00:01Z,2024-11-28T22:00:01Z,663.7,363.83
61581,STARLINK-11374,2024-11-28T22:00:01Z,2024-11-29T04:00:02Z,629.0,363.83
61582,STARLINK-11373,2024-11-26T07:51:06Z,2024-11-26T20:02:06Z,2076.3,363.31
61582,STARLINK-11373,2024-11-26T20:02:06Z,2024-11-27T04:00:01Z,4616.4,363.31
61582,STARLINK-11373,2024-11-27T04:00:01Z,2024-11-27T12:00:02Z,1667.8,363.31
61582,STARLINK-11373,2024-11-27T12:00:02Z,2024-11-27T14:00:01Z,550.3,363.31
61582,STARLINK-11373,2024-11-27T14:00:01Z,2024-11-27T20:00:01Z,1600.7,363.31
61582,STARLINK-11373,2024-11-27T20:00:01Z,2024-11-27T22:00:01Z,402.0,363.31
61582,STARLINK-11373,2024-11-27T22:00:01Z,2024-11-28T12:00:01Z,3337.3,363.31
61582,STARLINK-11373,2024-11-28T12:00:01Z,2024-11-28T14:00:01Z,533.6,363.31
61582,STARLINK-11373,2024-11-28T14:00:01Z,2024-11-28T20:00:01Z,1801.1,363.31
61582,STARLINK-11373,2024-11-28T20:00:01Z,2024-11-28T22:00:01Z,605.1,363.31
61582,STARLINK-11373,2024-11-28T22:00:01Z,2024-11-29T04:00:02Z,716.3,363.31
61583,STARLINK-11368,2024-11-26T10:46:51Z,2024-11-26T20:00:02Z,4198.7,365.65
61583,STARLINK-11368,2024-11-26T20:00:02Z,2024-11-26T22:00:01Z,409.4,365.65
61583,STARLINK-11368,2024-11-26T22:00:01Z,2024-11-27T12:00:02Z,3369.5,365.65
61583,STARLINK-11368,2024-11-27T12:00:02Z,2024-11-27T14:00:01Z,498.7,365.65
61583,STARLINK-11368,2024-11-27T14:00:01Z,2024-11-27T22:00:01Z,1881.2,365.65
61583,STARLINK-11368,2024-11-27T22:00:01Z,2024-11-28T14:00:01Z,3903.0,365.65
61583,STARLINK-11368,2024-11-28T14:00:01Z,2024-11-28T20:00:01Z,1807.8,365.65
61583,STARLINK-11368,2024-11-28T20:00:01Z,2024-11-28T22:00:01Z,617.9,365.65
61583,STARLINK-11368,2024-11-28T22:00:01Z,2024-11-29T04:00:02Z,691.0,365.65
61583,STARLINK-11368,2024-11-29T04:00:02Z,2024-11-29T12:00:01Z,-211.2,365.65
61583,STARLINK-11368,2024-11-29T12:00:01Z,2024-11-29T20:00:01Z,202.2,365.65
61584,STARLINK-11370,2024-11-26T12:11:11Z,2024-11-26T22:00:01Z,4294.0,363.84
61584,STARLINK-11370,2024-11-26T22:00:01Z,2024-11-27T06:00:01Z,2015.5,363.84
61584,STARLINK-11370,2024-11-27T06:00:01Z,2024-11-27T14:00:01Z,1854.5,363.84
61584,STARLINK-11370,2024-11-27T14:00:01Z,2024-11-27T20:00:01Z,1463.5,363.84
61584,STARLINK-11370,2024-11-27T20:00:01Z,2024-11-27T22:00:01Z,417.7,363.84
61584,STARLINK-11370,2024-11-27T22:00:01Z,2024-11-28T14:00:01Z,3902.8,363.84
61584,STARLINK-11370,2024-11-28T14:00:01Z,2024-11-28T22:00:01Z,2434.4,363.84
61584,STARLINK-11370,2024-11-28T22:00:01Z,2024-11-29T04:00:02Z,685.9,363.84
61585,STARLINK-11361,2024-11-26T20:00:02Z,2024-11-26T22:00:01Z,404.6,365.65
61585,STARLINK-11361,2024-11-26T22:00:01Z,2024-11-27T12:00:02Z,3365.8,365.65
61585,STARLINK-11361,2024-11-27T12:00:02Z,2024-11-27T14:00:01Z,504.3,365.65
61585,STARLINK-11361,2024-11-27T14:00:01Z,2024-11-27T22:00:01Z,1880.4,365.65
61585,STARLINK-11361,2024-11-27T22:00:01Z,2024-11-28T14:00:01Z,3902.2,365.65
61585,STARLINK-11361,2024-11-28T14:00:01Z,2024-11-28T20:00:01Z,1808.0,365.65
61585,STARLINK-11361,2024-11-28T20:00:01Z,2024-11-28T22:00:01Z,634.1,365.65
61585,STARLINK-11361,2024-11-28T22:00:01Z,2024-11-29T04:00:02Z,686.9,365.65
61585,STARLINK-11361,2024-11-29T04:00:02Z,2024-11-29T12:00:01Z,-121.0,365.65
61586,STARLINK-11360,2024-11-26T11:57:16Z,2024-11-26T20:00:02Z,4058.0,364.75
61586,STARLINK-11360,2024-11-26T20:00:02Z,2024-11-26T22:00:01Z,401.8,364.75
61586,STARLINK-11360,2024-11-26T22:00:01Z,2024-11-27T12:00:02Z,3362.1,364.75
61586,STARLINK-11360,2024-11-27T12:00:02Z,2024-11-27T14:00:01Z,506.8,364.75
61586,STARLINK-11360,2024-11-27T14:00:01Z,2024-11-27T22:00:01Z,1880.7,364.75
61586,STARLINK-11360,2024-11-27T22:00:01Z,2024-11-28T14:00:01Z,3900.8,364.75
61586,STARLINK-11360,2024-11-28T14:00:01Z,2024-11-28T20:00:01Z,1815.3,364.75
61586,STARLINK-11360,2024-11-28T20:00:01Z,2024-11-28T22:00:01Z,642.8,364.75
61586,STARLINK-11360,2024-11-28T22:00:01Z,2024-11-29T04:00:02Z,673.2,364.75
61586,STARLINK-11360,2024-11-29T04:00:02Z,2024-11-29T12:00:01Z,-136.9,364.75
61586,STARLINK-11360,2024-11-29T22:00:01Z,2024-11-30T04:00:01Z,102.6,364.75
61586,STARLINK-11360,2024-11-30T04:00:01Z,2024-11-30T14:00:01Z,-173.7,364.75
61587,STARLINK-32353,2024-11-26T07:52:11Z,2024-11-26T20:20:00Z,-106.4,454.3
61589,STARLINK-32416,2024-11-26T19:12:46Z,2024-11-27T07:40:43Z,250.1,454.36
61589,STARLINK-32416,2024-11-27T13:54:36Z,2024-11-27T20:08:23Z,-279.4,454.36
61589,STARLINK-32416,2024-11-28T16:23:35Z,2024-11-29T15:45:48Z,162.9,454.36
61589,STARLINK-32416,2024-11-29T15:45:48Z,2024-11-29T20:26:12Z,-173.2,454.36
61589,STARLINK-32416,2024-11-29T20:26:12Z,2024-11-30T13:34:28Z,181.1,454.36
61592,STARLINK-32422,2024-11-28T13:50:27Z,2024-11-28T18:30:52Z,-109.5,454.38
61593,STARLINK-32397,2024-11-28T01:02:13Z,2024-11-28T13:30:04Z,115.3,454.4
61621,STARLINK-32302,2024-11-26T22:19:59Z,2024-11-27T13:53:27Z,-138.5,451.21
61621,STARLINK-32302,2024-11-27T13:53:27Z,2024-11-28T03:53:40Z,100.3,451.21
61621,STARLINK-32302,2024-11-28T05:27:02Z,2024-11-28T21:00:32Z,-120.5,451.21
61622,STARLINK-32364,2024-11-26T20:00:02Z,2024-11-26T22:00:01Z,144.5,451.25
61622,STARLINK-32364,2024-11-27T00:00:01Z,2024-11-28T03:43:36Z,-720.0,451.25
61622,STARLINK-32364,2024-11-28T03:43:36Z,2024-11-28T22:24:13Z,503.3,451.25
61623,STARLINK-32331,2024-11-26T23:01:54Z,2024-11-27T14:35:24Z,-234.6,451.18
61623,STARLINK-32331,2024-11-27T14:35:24Z,2024-11-27T20:48:50Z,195.1,451.18
61624,STARLINK-32398,2024-11-26T20:00:02Z,2024-11-26T22:00:01Z,109.5,451.18
61624,STARLINK-32398,2024-11-26T22:00:01Z,2024-11-27T12:00:02Z,-159.8,451.18
61624,STARLINK-32398,2024-11-27T12:00:02Z,2024-11-27T14:00:01Z,-138.3,451.18
61624,STARLINK-32398,2024-11-27T14:00:01Z,2024-11-27T22:00:01Z,-420.1,451.18
61624,STARLINK-32398,2024-11-27T22:00:01Z,2024-11-28T03:34:15Z,404.5,451.18
61624,STARLINK-32398,2024-11-28T06:40:59Z,2024-11-28T20:41:14Z,121.2,451.18
61624,STARLINK-32398,2024-11-28T23:47:57Z,2024-11-29T06:01:19Z,-105.5,451.18
61625,STARLINK-32365,2024-11-26T08:16:32Z,2024-11-26T22:16:41Z,-121.2,451.17
61625,STARLINK-32365,2024-11-26T22:16:41Z,2024-11-27T09:10:13Z,203.3,451.17
61625,STARLINK-32365,2024-11-28T20:57:19Z,2024-11-29T03:10:46Z,119.0,451.17
61627,STARLINK-32399,2024-11-26T12:00:01Z,2024-11-26T22:00:01Z,4323.8,451.05
61627,STARLINK-32399,2024-11-26T22:00:01Z,2024-11-27T04:00:01Z,2867.8,451.05
61627,STARLINK-32399,2024-11-27T04:00:01Z,2024-11-27T12:00:02Z,232.1,451.05
61627,STARLINK-32399,2024-11-27T14:00:01Z,2024-11-27T22:00:01Z,247.1,451.05
61627,STARLINK-32399,2024-11-27T22:00:01Z,2024-11-28T12:00:01Z,-426.4,451.05
61627,STARLINK-32399,2024-11-28T12:00:01Z,2024-11-28T14:00:01Z,-148.8,451.05
61627,STARLINK-32399,2024-11-28T14:00:01Z,2024-11-28T20:00:01Z,327.7,451.05
61627,STARLINK-32399,2024-11-29T22:00:01Z,2024-11-30T12:00:01Z,-308.0,451.05
61632,STARLINK-32455,2024-11-26T07:05:46Z,2024-11-27T04:52:45Z,111.4,451.18
61632,STARLINK-32455,2024-11-28T04:13:02Z,2024-11-28T13:33:08Z,-102.7,451.18
61632,STARLINK-32455,2024-11-29T03:33:21Z,2024-11-29T12:53:26Z,-129.5,451.18
61633,STARLINK-32396,2024-11-28T21:32:47Z,2024-11-29T03:46:14Z,124.6,451.18
61634,STARLINK-32355,2024-11-28T04:09:46Z,2024-11-28T13:29:55Z,110.3,451.17
61635,STARLINK-32370,2024-11-26T08:23:02Z,2024-11-27T13:56:43Z,-115.6,451.18
61636,STARLINK-32405,2024-11-28T21:13:24Z,2024-11-29T03:26:53Z,140.6,451.16
61637,STARLINK-32419,2024-11-26T20:00:02Z,2024-11-26T22:00:01Z,102.3,451.24
61637,STARLINK-32419,2024-11-26T22:00:01Z,2024-11-27T14:00:01Z,-286.4,451.24
61637,STARLINK-32419,2024-11-27T14:00:01Z,2024-11-27T20:00:01Z,213.5,451.24
61637,STARLINK-32419,2024-11-27T22:00:01Z,2024-11-28T14:00:01Z,-343.4,451.24
61637,STARLINK-32419,2024-11-28T14:00:01Z,2024-11-28T20:00:01Z,293.3,451.24
61637,STARLINK-32419,2024-11-28T22:00:01Z,2024-11-29T00:00:01Z,-138.5,451.24
61637,STARLINK-32419,2024-11-29T00:00:01Z,2024-11-29T05:50:55Z,-925.8,451.24
61637,STARLINK-32419,2024-11-29T05:50:55Z,2024-11-29T19:51:48Z,831.0,451.24
61637,STARLINK-32419,2024-11-29T21:25:08Z,2024-11-29T22:58:40Z,443.7,451.24
61637,STARLINK-32419,2024-11-29T22:58:40Z,2024-11-30T05:11:58Z,-298.0,451.24
61638,STARLINK-32320,2024-11-27T14:03:10Z,2024-11-28T08:43:21Z,-108.0,451.17
61638,STARLINK-32320,2024-11-28T13:23:24Z,2024-11-29T03:23:40Z,131.1,451.17
61638,STARLINK-32320,2024-11-29T20:30:31Z,2024-11-30T05:50:37Z,-118.9,451.17
61639,STARLINK-32341,2024-11-26T22:00:01Z,2024-11-27T04:00:01Z,-343.2,451.23
61639,STARLINK-32341,2024-11-27T12:00:02Z,2024-11-27T14:00:01Z,-242.6,451.23
61639,STARLINK-32341,2024-11-27T14:00:01Z,2024-11-27T22:00:01Z,379.7,451.23
61639,STARLINK-32341,2024-11-28T06:37:48Z,2024-11-29T13:44:28Z,-267.2,451.23
61639,STARLINK-32341,2024-11-29T13:44:28Z,2024-11-30T05:18:25Z,369.1,451.23
61640,STARLINK-32339,2024-11-26T22:26:25Z,2024-11-27T13:59:56Z,-113.3,451.17
61640,STARLINK-32339,2024-11-27T13:59:56Z,2024-11-28T04:00:07Z,102.5,451.17
61641,STARLINK-32327,2024-11-26T22:13:30Z,2024-11-27T09:07:00Z,-106.2,451.15
61641,STARLINK-32327,2024-11-30T05:34:32Z,2024-11-30T13:21:15Z,-133.1,451.15
61642,STARLINK-32264,2024-11-28T21:26:20Z,2024-11-29T03:39:47Z,115.0,451.19
61663,STARLINK-32308,2024-11-27T06:00:01Z,2024-11-27T14:00:01Z,-331.3,454.42
61663,STARLINK-32308,2024-11-27T14:00:01Z,2024-11-27T20:00:01Z,306.9,454.42
61663,STARLINK-32308,2024-11-28T04:00:01Z,2024-11-28T14:00:01Z,-197.1,454.42
61663,STARLINK-32308,2024-11-28T14:00:01Z,2024-11-28T22:00:01Z,196.6,454.42
61663,STARLINK-32308,2024-11-29T01:31:36Z,2024-11-29T18:39:47Z,-278.6,454.42
61663,STARLINK-32308,2024-11-29T18:39:47Z,2024-11-30T08:41:08Z,269.4,454.42
61665,STARLINK-32439,2024-11-26T12:00:01Z,2024-11-26T22:00:01Z,4045.4,454.36
61665,STARLINK-32439,2024-11-26T22:00:01Z,2024-11-27T14:00:01Z,5599.1,454.36
61665,STARLINK-32439,2024-11-27T14:00:01Z,2024-11-27T22:00:01Z,181.5,454.36
61665,STARLINK-32439,2024-11-27T22:00:01Z,2024-11-28T04:00:01Z,-136.3,454.36
61665,STARLINK-32439,2024-11-28T04:00:01Z,2024-11-28T12:00:01Z,-264.0,454.36
61665,STARLINK-32439,2024-11-28T14:00:01Z,2024-11-28T22:00:01Z,325.5,454.36
61665,STARLINK-32439,2024-11-29T04:00:02Z,2024-11-29T14:00:01Z,-160.6,454.36
61665,STARLINK-32439,2024-11-29T14:00:01Z,2024-11-29T20:00:01Z,357.9,454.36
61665,STARLINK-32439,2024-11-29T20:00:01Z,2024-11-29T22:00:01Z,-135.5,454.36
61665,STARLINK-32439,2024-11-30T04:00:01Z,2024-11-30T12:00:01Z,-299.4,454.36
61666,STARLINK-32428,2024-11-26T20:53:54Z,2024-11-27T15:35:38Z,263.4,454.37
61674,STARLINK-32326,2024-11-26T12:00:01Z,2024-11-26T22:00:01Z,156.1,454.37
61675,STARLINK-32294,2024-11-26T22:00:01Z,2024-11-27T12:00:02Z,-184.9,454.44
61675,STARLINK-32294,2024-11-27T14:00:01Z,2024-11-27T20:00:01Z,253.0,454.44
61675,STARLINK-32294,2024-11-27T22:00:01Z,2024-11-28T14:00:01Z,-299.2,454.44
61675,STARLINK-32294,2024-11-28T14:00:01Z,2024-11-28T20:00:01Z,334.8,454.44
61676,STARLINK-32309,2024-11-27T06:00:01Z,2024-11-27T14:00:01Z,-224.8,454.35
61676,STARLINK-32309,2024-11-27T14:00:01Z,2024-11-27T20:00:01Z,383.2,454.35
61676,STARLINK-32309,2024-11-28T04:00:01Z,2024-11-28T14:00:01Z,-395.0,454.35
61676,STARLINK-32309,2024-11-28T14:00:01Z,2024-11-28T22:00:01Z,333.9,454.35
61677,STARLINK-32323,2024-11-26T12:00:01Z,2024-11-26T22:00:01Z,236.2,454.36
61677,STARLINK-32323,2024-11-27T06:00:01Z,2024-11-27T14:00:01Z,-230.7,454.36
61677,STARLINK-32323,2024-11-27T14:00:01Z,2024-11-27T22:00:01Z,174.0,454.36
61678,STARLINK-32363,2024-11-27T14:00:01Z,2024-11-27T20:00:01Z,155.0,454.41
61678,STARLINK-32363,2024-11-28T04:00:01Z,2024-11-28T12:00:01Z,-203.1,454.41
61678,STARLINK-32363,2024-11-28T14:00:01Z,2024-11-28T22:00:01Z,365.2,454.41
61678,STARLINK-32363,2024-11-28T22:00:01Z,2024-11-29T01:25:22Z,-151.7,454.41
61679,STARLINK-32395,2024-11-26T12:00:01Z,2024-11-26T22:00:01Z,880.0,454.41
61679,STARLINK-32395,2024-11-27T06:00:01Z,2024-11-27T14:00:01Z,-304.3,454.41
61679,STARLINK-32395,2024-11-27T14:00:01Z,2024-11-27T20:00:01Z,238.3,454.41
61679,STARLINK-32395,2024-11-27T22:00:01Z,2024-11-28T12:00:01Z,-213.0,454.41
61679,STARLINK-32395,2024-11-28T12:00:01Z,2024-11-28T14:00:01Z,194.0,454.41
61679,STARLINK-32395,2024-11-28T14:00:01Z,2024-11-28T20:00:01Z,125.4,454.41
61679,STARLINK-32395,2024-11-28T20:00:01Z,2024-11-28T22:00:01Z,-133.9,454.41
61679,STARLINK-32395,2024-11-29T04:00:02Z,2024-11-29T12:00:01Z,-166.6,454.41
61679,STARLINK-32395,2024-11-29T12:00:01Z,2024-11-29T20:00:01Z,302.4,454.41
61680,STARLINK-32412,2024-11-26T22:00:01Z,2024-11-27T06:00:01Z,3247.0,454.25
61680,STARLINK-32412,2024-11-27T06:00:01Z,2024-11-27T14:00:01Z,3206.5,454.25
61680,STARLINK-32412,2024-11-27T14:00:01Z,2024-11-27T20:00:01Z,3346.8,454.25
61680,STARLINK-32412,2024-11-27T20:00:01Z,2024-11-27T22:00:01Z,530.9,454.25
61680,STARLINK-32412,2024-11-27T22:00:01Z,2024-11-28T04:00:01Z,136.0,454.25
61680,STARLINK-32412,2024-11-29T12:00:01Z,2024-11-29T20:00:01Z,256.8,454.25
61680,STARLINK-32412,2024-11-29T22:00:01Z,2024-11-30T14:00:01Z,-319.1,454.25
61681,STARLINK-32426,2024-11-26T22:00:01Z,2024-11-27T06:00:01Z,3732.6,454.33
61681,STARLINK-32426,2024-11-27T22:00:01Z,2024-11-28T04:00:01Z,-188.8,454.33
61681,STARLINK-32426,2024-11-28T04:00:01Z,2024-11-28T12:00:01Z,104.3,454.33
61681,STARLINK-32426,2024-11-28T14:00:01Z,2024-11-28T22:00:01Z,200.3,454.33
61681,STARLINK-32426,2024-11-28T22:00:01Z,2024-11-29T20:00:01Z,-463.1,454.33
61681,STARLINK-32426,2024-11-29T22:00:01Z,2024-11-30T12:00:01Z,438.7,454.33
61689,STARLINK-11312,2024-11-28T06:15:12Z,2024-11-29T18:45:47Z,-107.9,346.83
61689,STARLINK-11312,2024-11-29T23:19:38Z,2024-11-30T05:24:45Z,131.9,346.83
61692,STARLINK-11315,2024-11-29T12:26:41Z,2024-11-29T23:05:35Z,-147.6,346.83
61695,STARLINK-11327,2024-11-28T13:09:23Z,2024-11-29T05:53:27Z,199.2,346.82
61695,STARLINK-11327,2024-11-29T05:53:27Z,2024-11-30T12:18:56Z,-235.6,346.82
61696,STARLINK-11341,2024-11-26T22:00:01Z,2024-11-26T23:00:28Z,-268.9,346.85
61696,STARLINK-11341,2024-11-26T23:00:28Z,2024-11-27T06:36:51Z,123.3,346.85
61696,STARLINK-11341,2024-11-27T06:36:51Z,2024-11-28T13:02:21Z,-105.5,346.85
61697,STARLINK-11346,2024-11-28T00:00:01Z,2024-11-28T12:55:19Z,-246.2,346.94
61698,STARLINK-11336,2024-11-26T12:00:01Z,2024-11-26T20:00:02Z,-1523.9,321.32
61698,STARLINK-11336,2024-11-26T20:00:02Z,2024-11-26T22:00:01Z,-372.9,321.32
61698,STARLINK-11336,2024-11-26T22:00:01Z,2024-11-27T04:00:01Z,-1357.0,321.32
61698,STARLINK-11336,2024-11-27T04:00:01Z,2024-11-27T12:00:02Z,1042.5,321.32
61698,STARLINK-11336,2024-11-27T12:00:02Z,2024-11-27T14:00:01Z,426.2,321.32
61698,STARLINK-11336,2024-11-27T14:00:01Z,2024-11-27T22:00:01Z,1574.7,321.32
61698,STARLINK-11336,2024-11-27T22:00:01Z,2024-11-28T04:00:01Z,823.3,321.32
61698,STARLINK-11336,2024-11-28T04:00:01Z,2024-11-28T14:00:01Z,1555.3,321.32
61698,STARLINK-11336,2024-11-28T14:00:01Z,2024-11-28T20:00:01Z,935.4,321.32
61698,STARLINK-11336,2024-11-28T20:00:01Z,2024-11-28T22:00:01Z,374.3,321.32
61698,STARLINK-11336,2024-11-28T22:00:01Z,2024-11-28T22:47:22Z,-882.9,321.32
61698,STARLINK-11336,2024-11-28T22:47:22Z,2024-11-29T12:00:01Z,2982.9,321.32
61698,STARLINK-11336,2024-11-29T12:00:01Z,2024-11-29T21:29:50Z,201.9,321.32
61698,STARLINK-11336,2024-11-29T21:29:50Z,2024-11-30T04:00:01Z,2164.8,321.32
61698,STARLINK-11336,2024-11-30T04:00:01Z,2024-11-30T14:00:01Z,1549.3,321.32
61699,STARLINK-11296,2024-11-26T22:00:01Z,2024-11-27T04:00:01Z,568.0,346.92
61699,STARLINK-11296,2024-11-27T04:00:01Z,2024-11-27T12:00:02Z,168.9,346.92
61699,STARLINK-11296,2024-11-27T14:00:01Z,2024-11-27T22:00:01Z,-246.3,346.92
61699,STARLINK-11296,2024-11-28T14:00:01Z,2024-11-28T20:00:01Z,106.3,346.92
61699,STARLINK-11296,2024-11-29T00:00:01Z,2024-11-29T05:31:44Z,-120.5,346.92
61700,STARLINK-32349,2024-11-26T12:00:01Z,2024-11-26T20:00:02Z,964.4,454.37
61700,STARLINK-32349,2024-11-26T20:00:02Z,2024-11-26T22:00:01Z,117.1,454.37
61700,STARLINK-32349,2024-11-26T22:00:01Z,2024-11-27T12:00:02Z,-472.9,454.37
61700,STARLINK-32349,2024-11-27T14:00:01Z,2024-11-27T20:00:01Z,-256.9,454.37
61700,STARLINK-32349,2024-11-27T20:00:01Z,2024-11-27T22:00:01Z,105.9,454.37
61700,STARLINK-32349,2024-11-27T22:00:01Z,2024-11-28T04:00:01Z,405.6,454.37
61700,STARLINK-32349,2024-11-28T04:00:01Z,2024-11-28T12:00:01Z,216.5,454.37
61700,STARLINK-32349,2024-11-28T14:00:01Z,2024-11-28T20:00:01Z,-162.9,454.37
61700,STARLINK-32349,2024-11-28T20:00:01Z,2024-11-28T22:00:01Z,146.9,454.37
61700,STARLINK-32349,2024-11-29T12:00:01Z,2024-11-29T20:00:01Z,-177.8,454.37
61700,STARLINK-32349,2024-11-29T20:00:01Z,2024-11-29T22:00:01Z,114.5,454.37
61701,STARLINK-32461,2024-11-26T12:00:01Z,2024-11-26T20:00:02Z,844.2,454.32
61701,STARLINK-32461,2024-11-26T20:00:02Z,2024-11-26T22:00:01Z,103.1,454.32
61701,STARLINK-32461,2024-11-28T22:00:01Z,2024-11-29T04:00:02Z,-252.0,454.32
61702,STARLINK-32299,2024-11-26T12:00:01Z,2024-11-26T22:00:01Z,4079.1,454.31
61702,STARLINK-32299,2024-11-26T22:00:01Z,2024-11-27T06:00:01Z,3633.6,454.31
61702,STARLINK-32299,2024-11-27T06:00:01Z,2024-11-27T14:00:01Z,234.8,454.31
61702,STARLINK-32299,2024-11-27T22:00:01Z,2024-11-28T04:00:01Z,-210.7,454.31
61702,STARLINK-32299,2024-11-28T04:00:01Z,2024-11-28T14:00:01Z,283.6,454.31
61702,STARLINK-32299,2024-11-28T22:00:01Z,2024-11-29T04:00:02Z,-254.3,454.31
61702,STARLINK-32299,2024-11-29T04:00:02Z,2024-11-29T14:00:01Z,177.3,454.31
61703,STARLINK-32335,2024-11-26T12:00:01Z,2024-11-26T20:00:02Z,3128.5,454.32
61703,STARLINK-32335,2024-11-26T20:00:02Z,2024-11-26T22:00:01Z,966.2,454.32
61703,STARLINK-32335,2024-11-26T22:00:01Z,2024-11-27T04:00:01Z,3114.9,454.32
61703,STARLINK-32335,2024-11-27T04:00:01Z,2024-11-27T12:00:02Z,725.0,454.32
61703,STARLINK-32335,2024-11-28T14:00:01Z,2024-11-28T20:00:01Z,-146.0,454.32
61703,STARLINK-32335,2024-11-29T22:00:01Z,2024-11-30T04:00:01Z,-110.7,454.32
61703,STARLINK-32335,2024-11-30T04:00:01Z,2024-11-30T14:00:01Z,219.8,454.32
61704,STARLINK-32387,2024-11-26T12:00:01Z,2024-11-26T20:00:02Z,3122.5,454.32
61704,STARLINK-32387,2024-11-26T20:00:02Z,2024-11-26T22:00:01Z,842.9,454.32
61704,STARLINK-32387,2024-11-26T22:00:01Z,2024-11-27T12:00:02Z,5648.0,454.32
61704,STARLINK-32387,2024-11-27T12:00:02Z,2024-11-27T14:00:01Z,961.1,454.32
61704,STARLINK-32387,2024-11-27T14:00:01Z,2024-11-27T22:00:01Z,3346.1,454.32
61704,STARLINK-32387,2024-11-27T22:00:01Z,2024-11-28T04:00:01Z,-116.9,454.32
61704,STARLINK-32387,2024-11-28T04:00:01Z,2024-11-28T14:00:01Z,141.4,454.32
61704,STARLINK-32387,2024-11-28T14:00:01Z,2024-11-28T20:00:01Z,-128.3,454.32
61704,STARLINK-32387,2024-11-28T22:00:01Z,2024-11-29T04:00:02Z,-241.5,454.32
61704,STARLINK-32387,2024-11-29T04:00:02Z,2024-11-29T20:00:01Z,289.4,454.32
61704,STARLINK-32387,2024-11-29T22:00:01Z,2024-11-30T14:00:01Z,-117.7,454.32
61705,STARLINK-32515,2024-11-26T12:00:01Z,2024-11-26T20:00:02Z,3114.0,454.26
61705,STARLINK-32515,2024-11-26T20:00:02Z,2024-11-26T22:00:01Z,849.9,454.26
61705,STARLINK-32515,2024-11-26T22:00:01Z,2024-11-27T12:00:02Z,5586.6,454.26
61705,STARLINK-32515,2024-11-27T12:00:02Z,2024-11-27T14:00:01Z,755.2,454.26
61705,STARLINK-32515,2024-11-27T14:00:01Z,2024-11-27T20:00:01Z,2405.3,454.26
61705,STARLINK-32515,2024-11-27T20:00:01Z,2024-11-27T22:00:01Z,840.4,454.26
61705,STARLINK-32515,2024-11-27T22:00:01Z,2024-11-28T12:00:01Z,6346.2,454.26
61705,STARLINK-32515,2024-11-28T12:00:01Z,2024-11-28T14:00:01Z,134.4,454.26
61705,STARLINK-32515,2024-11-28T14:00:01Z,2024-11-28T20:00:01Z,-102.2,454.26
61705,STARLINK-32515,2024-11-28T22:00:01Z,2024-11-29T20:00:01Z,-184.0,454.26
61705,STARLINK-32515,2024-11-30T04:00:01Z,2024-11-30T12:00:01Z,179.2,454.26
61706,STARLINK-32533,2024-11-26T12:00:01Z,2024-11-26T20:00:02Z,3119.9,454.39
61706,STARLINK-32533,2024-11-26T20:00:02Z,2024-11-26T22:00:01Z,851.1,454.39
61706,STARLINK-32533,2024-11-26T22:00:01Z,2024-11-27T14:00:01Z,6602.8,454.39
61706,STARLINK-32533,2024-11-27T14:00:01Z,2024-11-27T22:00:01Z,3353.5,454.39
61706,STARLINK-32533,2024-11-28T04:00:01Z,2024-11-28T14:00:01Z,169.9,454.39
61706,STARLINK-32533,2024-11-28T22:00:01Z,2024-11-29T22:00:01Z,-187.4,454.39
61706,STARLINK-32533,2024-11-29T22:00:01Z,2024-11-30T04:00:01Z,319.9,454.39
61706,STARLINK-32533,2024-11-30T12:00:01Z,2024-11-30T14:00:01Z,-107.2,454.39
61707,STARLINK-32376,2024-11-26T22:00:01Z,2024-11-27T06:00:01Z,-702.7,440.14
61707,STARLINK-32376,2024-11-27T06:00:01Z,2024-11-27T12:00:02Z,2073.4,440.14
61707,STARLINK-32376,2024-11-27T12:00:02Z,2024-11-27T14:00:01Z,762.8,440.14
61707,STARLINK-32376,2024-11-27T14:00:01Z,2024-11-27T22:00:01Z,3308.6,440.14
61707,STARLINK-32376,2024-11-27T22:00:01Z,2024-11-28T04:00:01Z,2388.5,440.14
61707,STARLINK-32376,2024-11-28T04:00:01Z,2024-11-28T14:00:01Z,3915.5,440.14
61707,STARLINK-32376,2024-11-28T14:00:01Z,2024-11-28T20:00:01Z,2511.1,440.14
61707,STARLINK-32376,2024-11-28T20:00:01Z,2024-11-28T22:00:01Z,735.2,440.14
61707,STARLINK-32376,2024-11-28T22:00:01Z,2024-11-29T04:00:02Z,2418.7,440.14
61707,STARLINK-32376,2024-11-29T04:00:02Z,2024-11-29T20:00:01Z,6441.4,440.14
61707,STARLINK-32376,2024-11-29T20:00:01Z,2024-11-29T22:00:01Z,842.9,440.14
61707,STARLINK-32376,2024-11-29T22:00:01Z,2024-11-30T04:00:01Z,3229.0,440.14
61707,STARLINK-32376,2024-11-30T04:00:01Z,2024-11-30T12:00:01Z,526.2,440.14
61707,STARLINK-32376,2024-11-30T12:00:01Z,2024-11-30T14:00:01Z,175.7,440.14
61709,STARLINK-32314,2024-11-27T06:00:01Z,2024-11-27T14:00:01Z,-126.3,425.87
61709,STARLINK-32314,2024-11-29T04:00:02Z,2024-11-29T22:00:01Z,-100.5,425.87
61710,STARLINK-32404,2024-11-26T22:00:01Z,2024-11-27T06:00:01Z,114.3,425.9
61710,STARLINK-32404,2024-11-27T06:00:01Z,2024-11-27T14:00:01Z,-189.1,425.9
61710,STARLINK-32404,2024-11-27T14:00:01Z,2024-11-27T20:00:01Z,106.4,425.9
61710,STARLINK-32404,2024-11-28T14:00:01Z,2024-11-28T22:00:01Z,142.7,425.9
61710,STARLINK-32404,2024-11-28T22:00:01Z,2024-11-29T12:00:01Z,-202.6,425.9
61710,STARLINK-32404,2024-11-29T12:00:01Z,2024-11-29T22:00:01Z,4045.1,425.9
61710,STARLINK-32404,2024-11-29T22:00:01Z,2024-11-30T12:00:01Z,5548.7,425.9
61710,STARLINK-32404,2024-11-30T12:00:01Z,2024-11-30T14:00:01Z,806.5,425.9
61711,STARLINK-32312,2024-11-26T22:00:01Z,2024-11-27T06:00:01Z,139.2,425.89
61711,STARLINK-32312,2024-11-27T06:00:01Z,2024-11-27T12:00:02Z,-291.5,425.89
61711,STARLINK-32312,2024-11-27T14:00:01Z,2024-11-27T22:00:01Z,129.6,425.89
61712,STARLINK-32343,2024-11-26T12:00:01Z,2024-11-26T22:00:01Z,2245.9,425.84
61712,STARLINK-32343,2024-11-27T06:00:01Z,2024-11-27T14:00:01Z,-228.0,425.84
61712,STARLINK-32343,2024-11-27T14:00:01Z,2024-11-27T20:00:01Z,143.8,425.84
61713,STARLINK-32467,2024-11-27T06:00:01Z,2024-11-27T12:00:02Z,-571.2,434.47
61713,STARLINK-32467,2024-11-27T12:00:02Z,2024-11-27T14:00:01Z,-333.2,434.47
61713,STARLINK-32467,2024-11-27T14:00:01Z,2024-11-27T20:00:01Z,1132.6,434.47
61713,STARLINK-32467,2024-11-27T20:00:01Z,2024-11-27T22:00:01Z,747.8,434.47
61713,STARLINK-32467,2024-11-27T22:00:01Z,2024-11-28T04:00:01Z,2397.5,434.47
61713,STARLINK-32467,2024-11-28T04:00:01Z,2024-11-28T14:00:01Z,3916.7,434.47
61713,STARLINK-32467,2024-11-28T14:00:01Z,2024-11-28T20:00:01Z,2498.9,434.47
61713,STARLINK-32467,2024-11-28T20:00:01Z,2024-11-28T22:00:01Z,736.6,434.47
61713,STARLINK-32467,2024-11-28T22:00:01Z,2024-11-29T04:00:02Z,2417.1,434.47
61713,STARLINK-32467,2024-11-29T04:00:02Z,2024-11-29T20:00:01Z,6417.7,434.47
61713,STARLINK-32467,2024-11-29T20:00:01Z,2024-11-29T22:00:01Z,719.7,434.47
61713,STARLINK-32467,2024-11-29T22:00:01Z,2024-11-30T04:00:01Z,2449.5,434.47
61713,STARLINK-32467,2024-11-30T04:00:01Z,2024-11-30T12:00:01Z,3643.1,434.47
61713,STARLINK-32467,2024-11-30T12:00:01Z,2024-11-30T14:00:01Z,1167.8,434.47
61714,STARLINK-32440,2024-11-26T22:00:01Z,2024-11-27T06:00:01Z,172.3,425.85
61714,STARLINK-32440,2024-11-27T06:00:01Z,2024-11-27T12:00:02Z,-274.4,425.85
61714,STARLINK-32440,2024-11-28T14:00:01Z,2024-11-28T22:00:01Z,237.5,425.85
61714,STARLINK-32440,2024-11-28T22:00:01Z,2024-11-29T04:00:02Z,-107.8,425.85
61714,STARLINK-32440,2024-11-29T04:00:02Z,2024-11-29T12:00:01Z,-311.1,425.85
61714,STARLINK-32440,2024-11-29T12:00:01Z,2024-11-29T22:00:01Z,182.1,425.85
61715,STARLINK-32459,2024-11-27T06:00:01Z,2024-11-27T14:00:01Z,-127.2,425.87
61716,STARLINK-32465,2024-11-27T06:00:01Z,2024-11-27T14:00:01Z,-113.4,426.84
61716,STARLINK-32465,2024-11-27T22:00:01Z,2024-11-28T04:00:01Z,-555.2,426.84
61716,STARLINK-32465,2024-11-28T04:00:01Z,2024-11-28T12:00:01Z,1140.8,426.84
61716,STARLINK-32465,2024-11-28T12:00:01Z,2024-11-28T14:00:01Z,811.3,426.84
61716,STARLINK-32465,2024-11-28T14:00:01Z,2024-11-28T22:00:01Z,3222.9,426.84
61716,STARLINK-32465,2024-11-28T22:00:01Z,2024-11-29T04:00:02Z,2413.3,426.84
61716,STARLINK-32465,2024-11-29T04:00:02Z,2024-11-29T20:00:01Z,6408.3,426.84
61716,STARLINK-32465,2024-11-29T20:00:01Z,2024-11-29T22:00:01Z,717.1,426.84
61716,STARLINK-32465,2024-11-29T22:00:01Z,2024-11-30T04:00:01Z,2443.1,426.84
61716,STARLINK-32465,2024-11-30T04:00:01Z,2024-11-30T14:00:01Z,3930.6,426.84
61717,STARLINK-32457,2024-11-26T22:00:01Z,2024-11-27T06:00:01Z,150.9,425.87
61717,STARLINK-32457,2024-11-27T06:00:01Z,2024-11-27T14:00:01Z,-298.4,425.87
61717,STARLINK-32457,2024-11-27T14:00:01Z,2024-11-27T22:00:01Z,112.1,425.87
61718,STARLINK-32591,2024-11-26T12:00:01Z,2024-11-26T22:00:01Z,-188.7,405.66
61718,STARLINK-32591,2024-11-26T22:00:01Z,2024-11-27T06:00:01Z,-200.2,405.66
61718,STARLINK-32591,2024-11-27T06:00:01Z,2024-11-27T14:00:01Z,-333.0,405.66
61718,STARLINK-32591,2024-11-27T20:00:01Z,2024-11-27T22:00:01Z,-115.9,405.66
61718,STARLINK-32591,2024-11-27T22:00:01Z,2024-11-28T02:53:41Z,433.2,405.66
61718,STARLINK-32591,2024-11-28T02:53:41Z,2024-11-29T02:00:48Z,-442.1,405.66
61718,STARLINK-32591,2024-11-29T02:00:48Z,2024-11-29T09:43:08Z,-396.2,405.66
61718,STARLINK-32591,2024-11-29T09:43:08Z,2024-11-29T15:52:56Z,-183.1,405.66
61718,STARLINK-32591,2024-11-29T15:52:56Z,2024-11-29T22:02:44Z,-219.3,405.66
61718,STARLINK-32591,2024-11-29T22:02:44Z,2024-11-30T14:59:41Z,-318.2,405.66
61719,STARLINK-32344,2024-11-27T06:00:01Z,2024-11-27T14:00:01Z,-156.5,425.9
61719,STARLINK-32344,2024-11-27T14:00:01Z,2024-11-27T20:00:01Z,146.4,425.9
61719,STARLINK-32344,2024-11-29T04:00:02Z,2024-11-29T12:00:01Z,-921.9,425.9
61719,STARLINK-32344,2024-11-29T12:00:01Z,2024-11-29T20:00:01Z,2905.8,425.9
61719,STARLINK-32344,2024-11-29T20:00:01Z,2024-11-29T22:00:01Z,716.3,425.9
61719,STARLINK-32344,2024-11-29T22:00:01Z,2024-11-30T04:00:01Z,2432.9,425.9
61719,STARLINK-32344,2024-11-30T04:00:01Z,2024-11-30T14:00:01Z,3901.6,425.9
61720,STARLINK-32322,2024-11-27T06:00:01Z,2024-11-27T14:00:01Z,-109.4,432.13
61720,STARLINK-32322,2024-11-27T14:00:01Z,2024-11-27T20:00:01Z,-707.3,432.13
61720,STARLINK-32322,2024-11-27T22:00:01Z,2024-11-28T04:00:01Z,1945.5,432.13
61720,STARLINK-32322,2024-11-28T04:00:01Z,2024-11-28T14:00:01Z,3926.5,432.13
61720,STARLINK-32322,2024-11-28T14:00:01Z,2024-11-28T20:00:01Z,2495.1,432.13
61720,STARLINK-32322,2024-11-28T20:00:01Z,2024-11-28T22:00:01Z,736.9,432.13
61720,STARLINK-32322,2024-11-28T22:00:01Z,2024-11-29T04:00:02Z,2414.8,432.13
61720,STARLINK-32322,2024-11-29T04:00:02Z,2024-11-29T20:00:01Z,6414.9,432.13
61720,STARLINK-32322,2024-11-29T20:00:01Z,2024-11-29T22:00:01Z,719.5,432.13
61720,STARLINK-32322,2024-11-29T22:00:01Z,2024-11-30T04:00:01Z,2445.2,432.13
61720,STARLINK-32322,2024-11-30T04:00:01Z,2024-11-30T14:00:01Z,3988.1,432.13
61722,STARLINK-32438,2024-11-28T04:00:01Z,2024-11-28T12:00:01Z,-876.0,425.97
61722,STARLINK-32438,2024-11-28T14:00:01Z,2024-11-28T20:00:01Z,1864.9,425.97
61722,STARLINK-32438,2024-11-28T20:00:01Z,2024-11-28T22:00:01Z,742.5,425.97
61722,STARLINK-32438,2024-11-28T22:00:01Z,2024-11-29T04:00:02Z,2427.8,425.97
61722,STARLINK-32438,2024-11-29T04:00:02Z,2024-11-29T20:00:01Z,6407.3,425.97
61722,STARLINK-32438,2024-11-29T20:00:01Z,2024-11-29T22:00:01Z,713.6,425.97
61722,STARLINK-32438,2024-11-29T22:00:01Z,2024-11-30T04:00:01Z,2439.5,425.97
61722,STARLINK-32438,2024-11-30T04:00:01Z,2024-11-30T14:00:01Z,3929.7,425.97
61724,STARLINK-32528,2024-11-26T22:00:01Z,2024-11-27T06:00:01Z,1034.2,440.22
61724,STARLINK-32528,2024-11-27T06:00:01Z,2024-11-27T14:00:01Z,3064.9,440.22
61724,STARLINK-32528,2024-11-27T14:00:01Z,2024-11-27T20:00:01Z,2515.0,440.22
61724,STARLINK-32528,2024-11-27T20:00:01Z,2024-11-27T22:00:01Z,734.8,440.22
61724,STARLINK-32528,2024-11-27T22:00:01Z,2024-11-28T04:00:01Z,2383.8,440.22
61724,STARLINK-32528,2024-11-28T04:00:01Z,2024-11-28T14:00:01Z,3921.2,440.22
61724,STARLINK-32528,2024-11-28T14:00:01Z,2024-11-28T20:00:01Z,2502.9,440.22
61724,STARLINK-32528,2024-11-28T20:00:01Z,2024-11-28T22:00:01Z,737.0,440.22
61724,STARLINK-32528,2024-11-28T22:00:01Z,2024-11-29T04:00:02Z,2423.3,440.22
61724,STARLINK-32528,2024-11-29T04:00:02Z,2024-11-29T20:00:01Z,6740.9,440.22
61724,STARLINK-32528,2024-11-29T20:00:01Z,2024-11-29T22:00:01Z,1083.3,440.22
61724,STARLINK-32528,2024-11-29T22:00:01Z,2024-11-30T04:00:01Z,1978.3,440.22
61725,STARLINK-32573,2024-11-27T06:00:01Z,2024-11-27T14:00:01Z,-116.0,425.9
61725,STARLINK-32573,2024-11-28T22:00:01Z,2024-11-29T04:00:02Z,-876.8,425.9
61725,STARLINK-32573,2024-11-29T04:00:02Z,2024-11-29T12:00:01Z,2115.0,425.9
61725,STARLINK-32573,2024-11-29T12:00:01Z,2024-11-29T22:00:01Z,4031.9,425.9
61725,STARLINK-32573,2024-11-29T22:00:01Z,2024-11-30T12:00:01Z,5550.5,425.9
61725,STARLINK-32573,2024-11-30T12:00:01Z,2024-11-30T14:00:01Z,807.3,425.9
61726,STARLINK-32478,2024-11-27T06:00:01Z,2024-11-27T14:00:01Z,-117.8,425.84
61726,STARLINK-32478,2024-11-27T14:00:01Z,2024-11-27T20:00:01Z,109.3,425.84
61726,STARLINK-32478,2024-11-28T22:00:01Z,2024-11-29T20:00:01Z,-852.3,425.84
61726,STARLINK-32478,2024-11-29T22:00:01Z,2024-11-30T00:00:01Z,429.4,425.84
61727,STARLINK-32511,2024-11-27T06:00:01Z,2024-11-27T14:00:01Z,-102.4,425.88
61728,STARLINK-32475,2024-11-27T06:00:01Z,2024-11-27T14:00:01Z,-146.5,425.9
61728,STARLINK-32475,2024-11-27T14:00:01Z,2024-11-27T20:00:01Z,145.3,425.9
61728,STARLINK-32475,2024-11-28T04:00:01Z,2024-11-28T14:00:01Z,-210.5,425.9
61728,STARLINK-32475,2024-11-28T14:00:01Z,2024-11-28T20:00:01Z,131.8,425.9
61729,STARLINK-32442,2024-11-27T06:00:01Z,2024-11-27T14:00:01Z,-159.2,425.89
61729,STARLINK-32442,2024-11-27T14:00:01Z,2024-11-27T20:00:01Z,151.7,425.89
61845,STARLINK-32362,2024-11-26T12:00:01Z,2024-11-26T22:00:01Z,3796.3,418.05
61845,STARLINK-32362,2024-11-26T22:00:01Z,2024-11-27T04:00:01Z,2319.3,418.05
61845,STARLINK-32362,2024-11-27T04:00:01Z,2024-11-27T14:00:01Z,3969.3,418.05
61845,STARLINK-32362,2024-11-27T14:00:01Z,2024-11-27T20:00:01Z,2211.1,418.05
61845,STARLINK-32362,2024-11-27T20:00:01Z,2024-11-27T22:00:01Z,866.5,418.05
61845,STARLINK-32362,2024-11-27T22:00:01Z,2024-11-28T14:00:01Z,6324.4,418.05
61845,STARLINK-32362,2024-11-28T14:00:01Z,2024-11-28T20:00:01Z,2329.3,418.05
61845,STARLINK-32362,2024-11-28T20:00:01Z,2024-11-28T22:00:01Z,1043.8,418.05
61845,STARLINK-32362,2024-11-28T22:00:01Z,2024-11-29T04:00:02Z,1980.6,418.05
61845,STARLINK-32362,2024-11-29T04:00:02Z,2024-11-29T12:00:01Z,2441.6,418.05
61845,STARLINK-32362,2024-11-29T12:00:01Z,2024-11-29T20:00:01Z,3072.0,418.05
61845,STARLINK-32362,2024-11-29T20:00:01Z,2024-11-29T22:00:01Z,860.9,418.05
61845,STARLINK-32362,2024-11-29T22:00:01Z,2024-11-30T12:00:01Z,5594.0,418.05
61845,STARLINK-32362,2024-11-30T12:00:01Z,2024-11-30T14:00:01Z,727.6,418.05
61846,STARLINK-32472,2024-11-26T12:00:01Z,2024-11-26T22:00:01Z,3794.3,416.88
61846,STARLINK-32472,2024-11-26T22:00:01Z,2024-11-27T04:00:01Z,2321.7,416.88
61846,STARLINK-32472,2024-11-27T04:00:01Z,2024-11-27T14:00:01Z,3969.3,416.88
61846,STARLINK-32472,2024-11-27T14:00:01Z,2024-11-27T20:00:01Z,2214.3,416.88
61846,STARLINK-32472,2024-11-27T20:00:01Z,2024-11-27T22:00:01Z,864.1,416.88
61846,STARLINK-32472,2024-11-27T22:00:01Z,2024-11-28T14:00:01Z,6326.7,416.88
61846,STARLINK-32472,2024-11-28T14:00:01Z,2024-11-28T20:00:01Z,2301.7,416.88
61846,STARLINK-32472,2024-11-28T20:00:01Z,2024-11-28T22:00:01Z,1081.4,416.88
61846,STARLINK-32472,2024-11-28T22:00:01Z,2024-11-29T04:00:02Z,2931.9,416.88
61846,STARLINK-32472,2024-11-29T04:00:02Z,2024-11-29T12:00:01Z,-777.1,416.88
61846,STARLINK-32472,2024-11-29T12:00:01Z,2024-11-29T20:00:01Z,2473.0,416.88
61846,STARLINK-32472,2024-11-29T20:00:01Z,2024-11-29T22:00:01Z,817.9,416.88
61846,STARLINK-32472,2024-11-29T22:00:01Z,2024-11-30T14:00:01Z,6405.5,416.88
61847,STARLINK-32352,2024-11-26T12:00:01Z,2024-11-26T22:00:01Z,3792.4,418.02
61847,STARLINK-32352,2024-11-26T22:00:01Z,2024-11-27T04:00:01Z,2325.0,418.02
61847,STARLINK-32352,2024-11-27T04:00:01Z,2024-11-27T14:00:01Z,3967.6,418.02
61847,STARLINK-32352,2024-11-27T14:00:01Z,2024-11-27T20:00:01Z,2213.7,418.02
61847,STARLINK-32352,2024-11-27T20:00:01Z,2024-11-27T22:00:01Z,857.5,418.02
61847,STARLINK-32352,2024-11-27T22:00:01Z,2024-11-28T14:00:01Z,6325.6,418.02
61847,STARLINK-32352,2024-11-28T14:00:01Z,2024-11-28T20:00:01Z,2305.7,418.02
61847,STARLINK-32352,2024-11-28T20:00:01Z,2024-11-28T22:00:01Z,1064.0,418.02
61847,STARLINK-32352,2024-11-28T22:00:01Z,2024-11-29T04:00:02Z,2952.2,418.02
61847,STARLINK-32352,2024-11-29T04:00:02Z,2024-11-29T12:00:01Z,287.2,418.02
61847,STARLINK-32352,2024-11-29T12:00:01Z,2024-11-29T20:00:01Z,-1010.0,418.02
61847,STARLINK-32352,2024-11-29T20:00:01Z,2024-11-29T22:00:01Z,536.2,418.02
61847,STARLINK-32352,2024-11-29T22:00:01Z,2024-11-30T04:00:01Z,2270.0,418.02
61847,STARLINK-32352,2024-11-30T04:00:01Z,2024-11-30T14:00:01Z,4027.4,418.02
61848,STARLINK-32427,2024-11-26T12:00:01Z,2024-11-26T22:00:01Z,3785.6,418.02
61848,STARLINK-32427,2024-11-26T22:00:01Z,2024-11-27T06:00:01Z,3080.2,418.02
61848,STARLINK-32427,2024-11-27T06:00:01Z,2024-11-27T14:00:01Z,3215.3,418.02
61848,STARLINK-32427,2024-11-27T14:00:01Z,2024-11-27T20:00:01Z,2213.3,418.02
61848,STARLINK-32427,2024-11-27T20:00:01Z,2024-11-27T22:00:01Z,852.8,418.02
61848,STARLINK-32427,2024-11-27T22:00:01Z,2024-11-28T12:00:01Z,5560.4,418.02
61848,STARLINK-32427,2024-11-28T12:00:01Z,2024-11-28T14:00:01Z,772.3,418.02
61848,STARLINK-32427,2024-11-28T14:00:01Z,2024-11-28T20:00:01Z,2299.1,418.02
61848,STARLINK-32427,2024-11-28T20:00:01Z,2024-11-28T22:00:01Z,1064.8,418.02
61848,STARLINK-32427,2024-11-28T22:00:01Z,2024-11-29T04:00:02Z,2953.3,418.02
61848,STARLINK-32427,2024-11-29T04:00:02Z,2024-11-29T12:00:01Z,264.7,418.02
61848,STARLINK-32427,2024-11-29T12:00:01Z,2024-11-29T20:00:01Z,-326.3,418.02
61848,STARLINK-32427,2024-11-29T20:00:01Z,2024-11-29T22:00:01Z,-171.6,418.02
61848,STARLINK-32427,2024-11-29T22:00:01Z,2024-11-30T04:00:01Z,-313.2,418.02
61848,STARLINK-32427,2024-11-30T04:00:01Z,2024-11-30T12:00:01Z,3117.3,418.02
61848,STARLINK-32427,2024-11-30T12:00:01Z,2024-11-30T14:00:01Z,725.6,418.02
61849,STARLINK-32346,2024-11-26T12:00:01Z,2024-11-26T22:00:01Z,3787.9,415.72
61849,STARLINK-32346,2024-11-26T22:00:01Z,2024-11-27T04:00:01Z,2324.6,415.72
61849,STARLINK-32346,2024-11-27T04:00:01Z,2024-11-27T14:00:01Z,3971.2,415.72
61849,STARLINK-32346,2024-11-27T14:00:01Z,2024-11-27T20:00:01Z,2213.5,415.72
61849,STARLINK-32346,2024-11-27T20:00:01Z,2024-11-27T22:00:01Z,851.4,415.72
61849,STARLINK-32346,2024-11-27T22:00:01Z,2024-11-28T12:00:01Z,5561.6,415.72
61849,STARLINK-32346,2024-11-28T12:00:01Z,2024-11-28T14:00:01Z,771.2,415.72
61849,STARLINK-32346,2024-11-28T14:00:01Z,2024-11-28T20:00:01Z,2298.4,415.72
61849,STARLINK-32346,2024-11-28T20:00:01Z,2024-11-28T22:00:01Z,1065.4,415.72
61849,STARLINK-32346,2024-11-28T22:00:01Z,2024-11-29T04:00:02Z,2958.6,415.72
61849,STARLINK-32346,2024-11-29T04:00:02Z,2024-11-29T12:00:01Z,278.3,415.72
61849,STARLINK-32346,2024-11-29T12:00:01Z,2024-11-29T20:00:01Z,-234.5,415.72
61849,STARLINK-32346,2024-11-29T22:00:01Z,2024-11-30T14:00:01Z,-626.5,415.72
61850,STARLINK-32330,2024-11-26T12:00:01Z,2024-11-26T22:00:01Z,3784.3,416.87
61850,STARLINK-32330,2024-11-26T22:00:01Z,2024-11-27T04:00:01Z,2328.1,416.87
61850,STARLINK-32330,2024-11-27T04:00:01Z,2024-11-27T14:00:01Z,3971.3,416.87
61850,STARLINK-32330,2024-11-27T14:00:01Z,2024-11-27T20:00:01Z,2214.0,416.87
61850,STARLINK-32330,2024-11-27T20:00:01Z,2024-11-27T22:00:01Z,851.6,416.87
61850,STARLINK-32330,2024-11-27T22:00:01Z,2024-11-28T12:00:01Z,5560.8,416.87
61850,STARLINK-32330,2024-11-28T12:00:01Z,2024-11-28T14:00:01Z,768.3,416.87
61850,STARLINK-32330,2024-11-28T14:00:01Z,2024-11-28T20:00:01Z,2301.5,416.87
61850,STARLINK-32330,2024-11-28T20:00:01Z,2024-11-28T22:00:01Z,1063.9,416.87
61850,STARLINK-32330,2024-11-28T22:00:01Z,2024-11-29T04:00:02Z,2957.1,416.87
61850,STARLINK-32330,2024-11-29T04:00:02Z,2024-11-29T12:00:01Z,306.9,416.87
61850,STARLINK-32330,2024-11-29T12:00:01Z,2024-11-29T20:00:01Z,-299.4,416.87
61850,STARLINK-32330,2024-11-29T22:00:01Z,2024-11-30T12:00:01Z,122.0,416.87
61851,STARLINK-32379,2024-11-26T12:00:01Z,2024-11-26T22:00:01Z,3786.9,416.87
61851,STARLINK-32379,2024-11-26T22:00:01Z,2024-11-27T06:00:01Z,3080.6,416.87
61851,STARLINK-32379,2024-11-27T06:00:01Z,2024-11-27T14:00:01Z,3219.0,416.87
61851,STARLINK-32379,2024-11-27T14:00:01Z,2024-11-27T20:00:01Z,2210.3,416.87
61851,STARLINK-32379,2024-11-27T20:00:01Z,2024-11-27T22:00:01Z,851.4,416.87
61851,STARLINK-32379,2024-11-27T22:00:01Z,2024-11-28T12:00:01Z,5561.6,416.87
61851,STARLINK-32379,2024-11-28T12:00:01Z,2024-11-28T14:00:01Z,770.9,416.87
61851,STARLINK-32379,2024-11-28T14:00:01Z,2024-11-28T20:00:01Z,2299.3,416.87
61851,STARLINK-32379,2024-11-28T20:00:01Z,2024-11-28T22:00:01Z,1063.9,416.87
61851,STARLINK-32379,2024-11-28T22:00:01Z,2024-11-29T04:00:02Z,2956.6,416.87
61851,STARLINK-32379,2024-11-29T04:00:02Z,2024-11-29T12:00:01Z,278.3,416.87
61851,STARLINK-32379,2024-11-29T12:00:01Z,2024-11-29T20:00:01Z,-237.5,416.87
61851,STARLINK-32379,2024-11-30T12:00:01Z,2024-11-30T14:00:01Z,616.2,416.87
61852,STARLINK-32433,2024-11-26T12:00:01Z,2024-11-26T22:00:01Z,3796.9,418.02
61852,STARLINK-32433,2024-11-26T22:00:01Z,2024-11-27T04:00:01Z,2322.7,418.02
61852,STARLINK-32433,2024-11-27T04:00:01Z,2024-11-27T14:00:01Z,4138.3,418.02
61852,STARLINK-32433,2024-11-27T14:00:01Z,2024-11-27T20:00:01Z,2037.0,418.02
61852,STARLINK-32433,2024-11-27T20:00:01Z,2024-11-27T22:00:01Z,865.5,418.02
61852,STARLINK-32433,2024-11-27T22:00:01Z,2024-11-28T14:00:01Z,6327.0,418.02
61852,STARLINK-32433,2024-11-28T14:00:01Z,2024-11-28T20:00:01Z,2300.1,418.02
61852,STARLINK-32433,2024-11-28T20:00:01Z,2024-11-28T22:00:01Z,1063.4,418.02
61852,STARLINK-32433,2024-11-28T22:00:01Z,2024-11-29T04:00:02Z,2957.6,418.02
61852,STARLINK-32433,2024-11-29T04:00:02Z,2024-11-29T12:00:01Z,326.0,418.02
61852,STARLINK-32433,2024-11-29T12:00:01Z,2024-11-29T20:00:01Z,-293.8,418.02
61853,STARLINK-32394,2024-11-26T12:00:01Z,2024-11-26T22:00:01Z,3786.6,418.02
61853,STARLINK-32394,2024-11-26T22:00:01Z,2024-11-27T04:00:01Z,2325.4,418.02
61853,STARLINK-32394,2024-11-27T04:00:01Z,2024-11-27T14:00:01Z,3971.6,418.02
61853,STARLINK-32394,2024-11-27T14:00:01Z,2024-11-27T20:00:01Z,2215.6,418.02
61853,STARLINK-32394,2024-11-27T20:00:01Z,2024-11-27T22:00:01Z,863.1,418.02
61853,STARLINK-32394,2024-11-27T22:00:01Z,2024-11-28T14:00:01Z,6320.0,418.02
61853,STARLINK-32394,2024-11-28T14:00:01Z,2024-11-28T20:00:01Z,2297.9,418.02
61853,STARLINK-32394,2024-11-28T20:00:01Z,2024-11-28T22:00:01Z,1067.5,418.02
61853,STARLINK-32394,2024-11-28T22:00:01Z,2024-11-29T04:00:02Z,2956.2,418.02
61853,STARLINK-32394,2024-11-29T04:00:02Z,2024-11-29T12:00:01Z,289.1,418.02
61853,STARLINK-32394,2024-11-29T12:00:01Z,2024-11-29T20:00:01Z,-198.5,418.02
61854,STARLINK-32486,2024-11-26T12:00:01Z,2024-11-26T22:00:01Z,3787.2,418.01
61854,STARLINK-32486,2024-11-26T22:00:01Z,2024-11-27T06:00:01Z,3090.6,418.01
61854,STARLINK-32486,2024-11-27T06:00:01Z,2024-11-27T14:00:01Z,3216.9,418.01
61854,STARLINK-32486,2024-11-27T14:00:01Z,2024-11-27T20:00:01Z,2203.5,418.01
61854,STARLINK-32486,2024-11-27T20:00:01Z,2024-11-27T22:00:01Z,877.8,418.01
61854,STARLINK-32486,2024-11-27T22:00:01Z,2024-11-28T14:00:01Z,6302.6,418.01
61854,STARLINK-32486,2024-11-28T14:00:01Z,2024-11-28T20:00:01Z,2300.1,418.01
61854,STARLINK-32486,2024-11-28T20:00:01Z,2024-11-28T22:00:01Z,1070.5,418.01
61854,STARLINK-32486,2024-11-28T22:00:01Z,2024-11-29T04:00:02Z,2961.2,418.01
61854,STARLINK-32486,2024-11-29T04:00:02Z,2024-11-29T12:00:01Z,319.3,418.01
61854,STARLINK-32486,2024-11-29T12:00:01Z,2024-11-29T20:00:01Z,-190.6,418.01
61854,STARLINK-32486,2024-11-30T12:00:01Z,2024-11-30T14:00:01Z,-134.2,418.01
61855,STARLINK-32391,2024-11-26T12:00:01Z,2024-11-26T22:00:01Z,3788.1,416.87
61855,STARLINK-32391,2024-11-26T22:00:01Z,2024-11-27T04:00:01Z,2326.5,416.87
61855,STARLINK-32391,2024-11-27T04:00:01Z,2024-11-27T14:00:01Z,3974.2,416.87
61855,STARLINK-32391,2024-11-27T14:00:01Z,2024-11-27T20:00:01Z,2214.0,416.87
61855,STARLINK-32391,2024-11-27T20:00:01Z,2024-11-27T22:00:01Z,855.2,416.87
61855,STARLINK-32391,2024-11-27T22:00:01Z,2024-11-28T12:00:01Z,5549.1,416.87
61855,STARLINK-32391,2024-11-28T12:00:01Z,2024-11-28T14:00:01Z,775.3,416.87
61855,STARLINK-32391,2024-11-28T14:00:01Z,2024-11-28T20:00:01Z,2304.7,416.87
61855,STARLINK-32391,2024-11-28T20:00:01Z,2024-11-28T22:00:01Z,1057.4,416.87
61855,STARLINK-32391,2024-11-28T22:00:01Z,2024-11-29T04:00:02Z,2971.3,416.87
61855,STARLINK-32391,2024-11-29T04:00:02Z,2024-11-29T12:00:01Z,294.6,416.87
61855,STARLINK-32391,2024-11-29T12:00:01Z,2024-11-29T20:00:01Z,-242.1,416.87
61855,STARLINK-32391,2024-11-30T12:00:01Z,2024-11-30T14:00:01Z,-125.1,416.87
61856,STARLINK-32483,2024-11-26T12:00:01Z,2024-11-26T22:00:01Z,3797.8,416.86
61856,STARLINK-32483,2024-11-26T22:00:01Z,2024-11-27T04:00:01Z,2314.9,416.86
61856,STARLINK-32483,2024-11-27T04:00:01Z,2024-11-27T14:00:01Z,3974.3,416.86
61856,STARLINK-32483,2024-11-27T14:00:01Z,2024-11-27T20:00:01Z,2215.2,416.86
61856,STARLINK-32483,2024-11-27T20:00:01Z,2024-11-27T22:00:01Z,858.9,416.86
61856,STARLINK-32483,2024-11-27T22:00:01Z,2024-11-28T12:00:01Z,5546.0,416.86
61856,STARLINK-32483,2024-11-28T12:00:01Z,2024-11-28T14:00:01Z,769.2,416.86
61856,STARLINK-32483,2024-11-28T14:00:01Z,2024-11-28T20:00:01Z,2301.3,416.86
61856,STARLINK-32483,2024-11-28T20:00:01Z,2024-11-28T22:00:01Z,1065.9,416.86
61856,STARLINK-32483,2024-11-28T22:00:01Z,2024-11-29T04:00:02Z,2977.6,416.86
61856,STARLINK-32483,2024-11-29T04:00:02Z,2024-11-29T12:00:01Z,250.6,416.86
61856,STARLINK-32483,2024-11-29T12:00:01Z,2024-11-29T20:00:01Z,-143.9,416.86
61857,STARLINK-32451,2024-11-26T12:00:01Z,2024-11-26T22:00:01Z,3794.0,416.86
61857,STARLINK-32451,2024-11-26T22:00:01Z,2024-11-27T04:00:01Z,2320.8,416.86
61857,STARLINK-32451,2024-11-27T04:00:01Z,2024-11-27T14:00:01Z,3973.7,416.86
61857,STARLINK-32451,2024-11-27T14:00:01Z,2024-11-27T20:00:01Z,2210.1,416.86
61857,STARLINK-32451,2024-11-27T20:00:01Z,2024-11-27T22:00:01Z,846.5,416.86
61857,STARLINK-32451,2024-11-27T22:00:01Z,2024-11-28T12:00:01Z,5565.9,416.86
61857,STARLINK-32451,2024-11-28T12:00:01Z,2024-11-28T14:00:01Z,770.9,416.86
61857,STARLINK-32451,2024-11-28T14:00:01Z,2024-11-28T20:00:01Z,2288.7,416.86
61857,STARLINK-32451,2024-11-28T20:00:01Z,2024-11-28T22:00:01Z,1066.1,416.86
61857,STARLINK-32451,2024-11-28T22:00:01Z,2024-11-29T04:00:02Z,2992.2,416.86
61857,STARLINK-32451,2024-11-29T04:00:02Z,2024-11-29T12:00:01Z,300.2,416.86
61857,STARLINK-32451,2024-11-29T12:00:01Z,2024-11-29T20:00:01Z,-387.5,416.86
61857,STARLINK-32451,2024-11-29T22:00:01Z,2024-11-30T12:00:01Z,204.3,416.86
61858,STARLINK-32556,2024-11-26T12:00:01Z,2024-11-26T22:00:01Z,3790.5,418.01
61858,STARLINK-32556,2024-11-26T22:00:01Z,2024-11-27T04:00:01Z,2325.4,418.01
61858,STARLINK-32556,2024-11-27T04:00:01Z,2024-11-27T14:00:01Z,3967.4,418.01
61858,STARLINK-32556,2024-11-27T14:00:01Z,2024-11-27T20:00:01Z,2216.4,418.01
61858,STARLINK-32556,2024-11-27T20:00:01Z,2024-11-27T22:00:01Z,860.7,418.01
61858,STARLINK-32556,2024-11-27T22:00:01Z,2024-11-28T14:00:01Z,6321.7,418.01
61858,STARLINK-32556,2024-11-28T14:00:01Z,2024-11-28T20:00:01Z,2293.5,418.01
61858,STARLINK-32556,2024-11-28T20:00:01Z,2024-11-28T22:00:01Z,1063.2,418.01
61858,STARLINK-32556,2024-11-28T22:00:01Z,2024-11-29T04:00:02Z,2981.8,418.01
61858,STARLINK-32556,2024-11-29T04:00:02Z,2024-11-29T12:00:01Z,272.6,418.01
61858,STARLINK-32556,2024-11-29T12:00:01Z,2024-11-29T20:00:01Z,-209.2,418.01
61858,STARLINK-32556,2024-11-30T12:00:01Z,2024-11-30T14:00:01Z,-114.9,418.01
61859,STARLINK-32466,2024-11-26T12:00:01Z,2024-11-26T22:00:01Z,3791.6,416.86
61859,STARLINK-32466,2024-11-26T22:00:01Z,2024-11-27T04:00:01Z,2326.1,416.86
61859,STARLINK-32466,2024-11-27T04:00:01Z,2024-11-27T14:00:01Z,3970.2,416.86
61859,STARLINK-32466,2024-11-27T14:00:01Z,2024-11-27T20:00:01Z,2211.4,416.86
61859,STARLINK-32466,2024-11-27T20:00:01Z,2024-11-27T22:00:01Z,847.2,416.86
61859,STARLINK-32466,2024-11-27T22:00:01Z,2024-11-28T12:00:01Z,5564.6,416.86
61859,STARLINK-32466,2024-11-28T12:00:01Z,2024-11-28T14:00:01Z,769.4,416.86
61859,STARLINK-32466,2024-11-28T14:00:01Z,2024-11-28T20:00:01Z,2290.0,416.86
61859,STARLINK-32466,2024-11-28T20:00:01Z,2024-11-28T22:00:01Z,1065.4,416.86
61859,STARLINK-32466,2024-11-28T22:00:01Z,2024-11-29T04:00:02Z,2987.7,416.86
61859,STARLINK-32466,2024-11-29T04:00:02Z,2024-11-29T12:00:01Z,311.6,416.86
61859,STARLINK-32466,2024-11-29T12:00:01Z,2024-11-29T20:00:01Z,-404.3,416.86
61860,STARLINK-32316,2024-11-26T12:00:01Z,2024-11-26T22:00:01Z,3789.0,415.72
61860,STARLINK-32316,2024-11-26T22:00:01Z,2024-11-27T04:00:01Z,2327.6,415.72
61860,STARLINK-32316,2024-11-27T04:00:01Z,2024-11-27T14:00:01Z,3972.8,415.72
61860,STARLINK-32316,2024-11-27T14:00:01Z,2024-11-27T20:00:01Z,2213.6,415.72
61860,STARLINK-32316,2024-11-27T20:00:01Z,2024-11-27T22:00:01Z,845.1,415.72
61860,STARLINK-32316,2024-11-27T22:00:01Z,2024-11-28T12:00:01Z,5564.8,415.72
61860,STARLINK-32316,2024-11-28T12:00:01Z,2024-11-28T14:00:01Z,768.1,415.72
61860,STARLINK-32316,2024-11-28T14:00:01Z,2024-11-28T20:00:01Z,2287.2,415.72
61860,STARLINK-32316,2024-11-28T20:00:01Z,2024-11-28T22:00:01Z,1066.5,415.72
61860,STARLINK-32316,2024-11-28T22:00:01Z,2024-11-29T04:00:02Z,2998.7,415.72
61860,STARLINK-32316,2024-11-29T04:00:02Z,2024-11-29T12:00:01Z,319.5,415.72
61860,STARLINK-32316,2024-11-29T12:00:01Z,2024-11-29T22:00:01Z,-368.2,415.72
61860,STARLINK-32316,2024-11-29T22:00:01Z,2024-11-30T04:00:01Z,115.9,415.72
61860,STARLINK-32316,2024-11-30T04:00:01Z,2024-11-30T14:00:01Z,142.8,415.72
61861,STARLINK-32415,2024-11-26T12:00:01Z,2024-11-26T22:00:01Z,3795.1,416.86
61861,STARLINK-32415,2024-11-26T22:00:01Z,2024-11-27T06:00:01Z,3069.3,416.86
61861,STARLINK-32415,2024-11-27T06:00:01Z,2024-11-27T14:00:01Z,3226.6,416.86
61861,STARLINK-32415,2024-11-27T14:00:01Z,2024-11-27T20:00:01Z,2211.0,416.86
61861,STARLINK-32415,2024-11-27T20:00:01Z,2024-11-27T22:00:01Z,844.8,416.86
61861,STARLINK-32415,2024-11-27T22:00:01Z,2024-11-28T12:00:01Z,5566.4,416.86
61861,STARLINK-32415,2024-11-28T12:00:01Z,2024-11-28T14:00:01Z,771.7,416.86
61861,STARLINK-32415,2024-11-28T14:00:01Z,2024-11-28T20:00:01Z,2284.5,416.86
61861,STARLINK-32415,2024-11-28T20:00:01Z,2024-11-28T22:00:01Z,1065.4,416.86
61861,STARLINK-32415,2024-11-28T22:00:01Z,2024-11-29T04:00:02Z,2996.6,416.86
61861,STARLINK-32415,2024-11-29T04:00:02Z,2024-11-29T12:00:01Z,305.9,416.86
61861,STARLINK-32415,2024-11-29T12:00:01Z,2024-11-29T20:00:01Z,-369.4,416.86
61861,STARLINK-32415,2024-11-29T22:00:01Z,2024-11-30T12:00:01Z,195.5,416.86
61862,STARLINK-32393,2024-11-26T12:00:01Z,2024-11-26T22:00:01Z,3793.2,416.86
61862,STARLINK-32393,2024-11-26T22:00:01Z,2024-11-27T04:00:01Z,2323.4,416.86
61862,STARLINK-32393,2024-11-27T04:00:01Z,2024-11-27T14:00:01Z,3973.9,416.86
61862,STARLINK-32393,2024-11-27T14:00:01Z,2024-11-27T20:00:01Z,2209.6,416.86
61862,STARLINK-32393,2024-11-27T20:00:01Z,2024-11-27T22:00:01Z,848.9,416.86
61862,STARLINK-32393,2024-11-27T22:00:01Z,2024-11-28T12:00:01Z,5561.7,416.86
61862,STARLINK-32393,2024-11-28T12:00:01Z,2024-11-28T14:00:01Z,771.8,416.86
61862,STARLINK-32393,2024-11-28T14:00:01Z,2024-11-28T20:00:01Z,2287.9,416.86
61862,STARLINK-32393,2024-11-28T20:00:01Z,2024-11-28T22:00:01Z,1064.0,416.86
61862,STARLINK-32393,2024-11-28T22:00:01Z,2024-11-29T04:00:02Z,2991.2,416.86
61862,STARLINK-32393,2024-11-29T04:00:02Z,2024-11-29T12:00:01Z,307.9,416.86
61862,STARLINK-32393,2024-11-29T12:00:01Z,2024-11-29T20:00:01Z,-412.4,416.86
61862,STARLINK-32393,2024-11-29T22:00:01Z,2024-11-30T04:00:01Z,104.9,416.86
61863,STARLINK-32324,2024-11-26T12:00:01Z,2024-11-26T22:00:01Z,3798.2,416.86
61863,STARLINK-32324,2024-11-26T22:00:01Z,2024-11-27T04:00:01Z,2317.5,416.86
61863,STARLINK-32324,2024-11-27T04:00:01Z,2024-11-27T14:00:01Z,3983.9,416.86
61863,STARLINK-32324,2024-11-27T14:00:01Z,2024-11-27T20:00:01Z,2203.4,416.86
61863,STARLINK-32324,2024-11-27T20:00:01Z,2024-11-27T22:00:01Z,851.3,416.86
61863,STARLINK-32324,2024-11-27T22:00:01Z,2024-11-28T12:00:01Z,5553.3,416.86
61863,STARLINK-32324,2024-11-28T12:00:01Z,2024-11-28T14:00:01Z,772.1,416.86
61863,STARLINK-32324,2024-11-28T14:00:01Z,2024-11-28T20:00:01Z,2291.8,416.86
61863,STARLINK-32324,2024-11-28T20:00:01Z,2024-11-28T22:00:01Z,1074.5,416.86
61863,STARLINK-32324,2024-11-28T22:00:01Z,2024-11-29T04:00:02Z,2982.1,416.86
61863,STARLINK-32324,2024-11-29T04:00:02Z,2024-11-29T12:00:01Z,332.9,416.86
61863,STARLINK-32324,2024-11-29T12:00:01Z,2024-11-29T20:00:01Z,-403.0,416.86
61863,STARLINK-32324,2024-11-30T04:00:01Z,2024-11-30T14:00:01Z,100.1,416.86
61864,STARLINK-32318,2024-11-26T12:00:01Z,2024-11-26T22:00:01Z,3792.8,415.72
61864,STARLINK-32318,2024-11-26T22:00:01Z,2024-11-27T04:00:01Z,2324.5,415.72
61864,STARLINK-32318,2024-11-27T04:00:01Z,2024-11-27T14:00:01Z,3974.1,415.72
61864,STARLINK-32318,2024-11-27T14:00:01Z,2024-11-27T20:00:01Z,2211.8,415.72
61864,STARLINK-32318,2024-11-27T20:00:01Z,2024-11-27T22:00:01Z,846.2,415.72
61864,STARLINK-32318,2024-11-27T22:00:01Z,2024-11-28T12:00:01Z,5562.9,415.72
61864,STARLINK-32318,2024-11-28T12:00:01Z,2024-11-28T14:00:01Z,769.8,415.72
61864,STARLINK-32318,2024-11-28T14:00:01Z,2024-11-28T20:00:01Z,2282.3,415.72
61864,STARLINK-32318,2024-11-28T20:00:01Z,2024-11-28T22:00:01Z,1067.0,415.72
61864,STARLINK-32318,2024-11-28T22:00:01Z,2024-11-29T04:00:02Z,3010.0,415.72
61864,STARLINK-32318,2024-11-29T04:00:02Z,2024-11-29T12:00:01Z,318.4,415.72
61864,STARLINK-32318,2024-11-29T12:00:01Z,2024-11-29T22:00:01Z,-384.4,415.72
61864,STARLINK-32318,2024-11-29T22:00:01Z,2024-11-30T04:00:01Z,123.9,415.72
61865,STARLINK-32401,2024-11-26T12:00:01Z,2024-11-26T22:00:01Z,3791.6,415.72
61865,STARLINK-32401,2024-11-26T22:00:01Z,2024-11-27T06:00:01Z,3076.7,415.72
61865,STARLINK-32401,2024-11-27T06:00:01Z,2024-11-27T14:00:01Z,3224.8,415.72
61865,STARLINK-32401,2024-11-27T14:00:01Z,2024-11-27T20:00:01Z,2208.8,415.72
61865,STARLINK-32401,2024-11-27T20:00:01Z,2024-11-27T22:00:01Z,846.2,415.72
61865,STARLINK-32401,2024-11-27T22:00:01Z,2024-11-28T12:00:01Z,5564.4,415.72
61865,STARLINK-32401,2024-11-28T12:00:01Z,2024-11-28T14:00:01Z,769.5,415.72
61865,STARLINK-32401,2024-11-28T14:00:01Z,2024-11-28T20:00:01Z,2282.0,415.72
61865,STARLINK-32401,2024-11-28T20:00:01Z,2024-11-28T22:00:01Z,1062.7,415.72
61865,STARLINK-32401,2024-11-28T22:00:01Z,2024-11-29T04:00:02Z,3015.4,415.72
61865,STARLINK-32401,2024-11-29T04:00:02Z,2024-11-29T12:00:01Z,309.3,415.72
61865,STARLINK-32401,2024-11-29T12:00:01Z,2024-11-29T22:00:01Z,-366.0,415.72
61865,STARLINK-32401,2024-11-29T22:00:01Z,2024-11-30T04:00:01Z,118.6,415.72
61866,STARLINK-32588,2024-11-26T12:00:01Z,2024-11-26T22:00:01Z,3790.4,415.72
61866,STARLINK-32588,2024-11-26T22:00:01Z,2024-11-27T04:00:01Z,2325.3,415.72
61866,STARLINK-32588,2024-11-27T04:00:01Z,2024-11-27T14:00:01Z,3971.0,415.72
61866,STARLINK-32588,2024-11-27T14:00:01Z,2024-11-27T20:00:01Z,2215.7,415.72
61866,STARLINK-32588,2024-11-27T20:00:01Z,2024-11-27T22:00:01Z,845.9,415.72
61866,STARLINK-32588,2024-11-27T22:00:01Z,2024-11-28T12:00:01Z,5563.0,415.72
61866,STARLINK-32588,2024-11-28T12:00:01Z,2024-11-28T14:00:01Z,770.1,415.72
61866,STARLINK-32588,2024-11-28T14:00:01Z,2024-11-28T20:00:01Z,2284.7,415.72
61866,STARLINK-32588,2024-11-28T20:00:01Z,2024-11-28T22:00:01Z,1066.0,415.72
61866,STARLINK-32588,2024-11-28T22:00:01Z,2024-11-29T04:00:02Z,3001.3,415.72
61866,STARLINK-32588,2024-11-29T04:00:02Z,2024-11-29T12:00:01Z,322.1,415.72
61866,STARLINK-32588,2024-11-29T12:00:01Z,2024-11-29T22:00:01Z,-372.5,415.72
61866,STARLINK-32588,2024-11-29T22:00:01Z,2024-11-30T04:00:01Z,108.4,415.72
61867,STARLINK-32569,2024-11-26T12:00:01Z,2024-11-26T22:00:01Z,3794.4,416.86
61867,STARLINK-32569,2024-11-26T22:00:01Z,2024-11-27T04:00:01Z,2320.2,416.86
61867,STARLINK-32569,2024-11-27T04:00:01Z,2024-11-27T14:00:01Z,3974.6,416.86
61867,STARLINK-32569,2024-11-27T14:00:01Z,2024-11-27T20:00:01Z,2216.6,416.86
61867,STARLINK-32569,2024-11-27T20:00:01Z,2024-11-27T22:00:01Z,846.8,416.86
61867,STARLINK-32569,2024-11-27T22:00:01Z,2024-11-28T12:00:01Z,5553.9,416.86
61867,STARLINK-32569,2024-11-28T12:00:01Z,2024-11-28T14:00:01Z,781.3,416.86
61867,STARLINK-32569,2024-11-28T14:00:01Z,2024-11-28T20:00:01Z,2280.2,416.86
61867,STARLINK-32569,2024-11-28T20:00:01Z,2024-11-28T22:00:01Z,1057.8,416.86
61867,STARLINK-32569,2024-11-28T22:00:01Z,2024-11-29T04:00:02Z,3015.6,416.86
61867,STARLINK-32569,2024-11-29T04:00:02Z,2024-11-29T12:00:01Z,319.6,416.86
61867,STARLINK-32569,2024-11-29T12:00:01Z,2024-11-29T22:00:01Z,-383.4,416.86
61867,STARLINK-32569,2024-11-30T04:00:01Z,2024-11-30T12:00:01Z,199.7,416.86
61874,STARLINK-11402,2024-11-26T22:00:01Z,2024-11-27T06:00:01Z,1125.3,341.83
61874,STARLINK-11402,2024-11-27T06:00:01Z,2024-11-27T14:00:01Z,1111.5,341.83
61874,STARLINK-11402,2024-11-27T14:00:01Z,2024-11-27T20:00:01Z,1231.2,341.83
61874,STARLINK-11402,2024-11-27T20:00:01Z,2024-11-27T22:00:01Z,405.3,341.83
61874,STARLINK-11402,2024-11-27T22:00:01Z,2024-11-28T04:00:01Z,141.0,341.83
61874,STARLINK-11402,2024-11-28T14:00:01Z,2024-11-28T22:00:01Z,179.6,341.83
61874,STARLINK-11402,2024-11-28T22:00:01Z,2024-11-29T04:00:02Z,-199.1,341.83
61874,STARLINK-11402,2024-11-29T04:00:02Z,2024-11-29T20:00:01Z,135.0,341.83
61874,STARLINK-11402,2024-11-29T22:00:01Z,2024-11-30T04:00:01Z,-106.4,341.83
61875,STARLINK-11316,2024-11-26T12:00:01Z,2024-11-26T22:00:01Z,616.7,346.91
61875,STARLINK-11316,2024-11-26T22:00:01Z,2024-11-27T06:00:01Z,-373.5,346.91
61875,STARLINK-11316,2024-11-30T00:54:27Z,2024-11-30T10:02:04Z,-177.1,346.91
61876,STARLINK-11401,2024-11-26T12:00:01Z,2024-11-26T22:00:01Z,-110.9,346.88
61876,STARLINK-11401,2024-11-27T04:00:01Z,2024-11-27T12:00:02Z,215.0,346.88
61876,STARLINK-11401,2024-11-27T12:00:02Z,2024-11-27T14:00:01Z,-110.5,346.88
61877,STARLINK-11321,2024-11-26T12:00:01Z,2024-11-26T22:00:01Z,219.5,346.86
61877,STARLINK-11321,2024-11-28T14:00:01Z,2024-11-28T22:00:01Z,202.5,346.86
61877,STARLINK-11321,2024-11-30T03:42:56Z,2024-11-30T11:19:17Z,-154.8,346.86
61878,STARLINK-11314,2024-11-26T22:00:01Z,2024-11-27T06:00:01Z,350.7,346.91
61878,STARLINK-11314,2024-11-27T06:00:01Z,2024-11-27T12:00:02Z,-371.0,346.91
61878,STARLINK-11314,2024-11-27T12:00:02Z,2024-11-27T14:00:01Z,-281.2,346.91
61878,STARLINK-11314,2024-11-28T04:00:01Z,2024-11-28T12:00:01Z,433.3,346.91
61878,STARLINK-11314,2024-11-28T20:00:01Z,2024-11-28T22:00:01Z,-116.3,346.91
61878,STARLINK-11314,2024-11-28T22:00:01Z,2024-11-29T04:00:02Z,-298.3,346.91
61878,STARLINK-11314,2024-11-29T04:00:02Z,2024-11-29T20:00:01Z,113.0,346.91
61879,STARLINK-11324,2024-11-26T22:00:01Z,2024-11-27T06:00:01Z,2251.1,346.84
61879,STARLINK-11324,2024-11-28T04:00:01Z,2024-11-28T14:00:01Z,118.4,346.84
61879,STARLINK-11324,2024-11-28T14:00:01Z,2024-11-28T22:00:01Z,355.6,346.84
61879,STARLINK-11324,2024-11-28T22:00:01Z,2024-11-29T04:00:02Z,-160.2,346.84
61879,STARLINK-11324,2024-11-29T04:00:02Z,2024-11-29T20:00:01Z,-119.9,346.84
61880,STARLINK-11328,2024-11-26T22:00:01Z,2024-11-27T06:00:01Z,1765.5,346.71
61880,STARLINK-11328,2024-11-27T06:00:01Z,2024-11-27T14:00:01Z,2063.8,346.71
61880,STARLINK-11328,2024-11-27T14:00:01Z,2024-11-27T20:00:01Z,1401.1,346.71
61880,STARLINK-11328,2024-11-28T12:00:01Z,2024-11-28T14:00:01Z,-322.4,346.71
61880,STARLINK-11328,2024-11-28T14:00:01Z,2024-11-28T20:00:01Z,128.7,346.71
61880,STARLINK-11328,2024-11-28T22:00:01Z,2024-11-29T04:00:02Z,-313.7,346.71
61880,STARLINK-11328,2024-11-29T04:00:02Z,2024-11-29T12:00:01Z,461.0,346.71
61880,STARLINK-11328,2024-11-29T12:00:01Z,2024-11-29T20:00:01Z,363.2,346.71
61880,STARLINK-11328,2024-11-29T22:00:01Z,2024-11-30T12:00:01Z,-438.2,346.71
61881,STARLINK-11329,2024-11-26T22:00:01Z,2024-11-27T06:00:01Z,1765.1,346.78
61881,STARLINK-11329,2024-11-27T06:00:01Z,2024-11-27T14:00:01Z,1748.5,346.78
61881,STARLINK-11329,2024-11-27T14:00:01Z,2024-11-27T22:00:01Z,1934.7,346.78
61881,STARLINK-11329,2024-11-27T22:00:01Z,2024-11-28T12:00:01Z,2296.4,346.78
61881,STARLINK-11329,2024-11-28T14:00:01Z,2024-11-28T22:00:01Z,391.5,346.78
61881,STARLINK-11329,2024-11-28T22:00:01Z,2024-11-29T04:00:02Z,-209.8,346.78
61881,STARLINK-11329,2024-11-29T04:00:02Z,2024-11-29T12:00:01Z,140.0,346.78
61882,STARLINK-11398,2024-11-26T22:00:01Z,2024-11-27T06:00:01Z,1759.9,346.09
61882,STARLINK-11398,2024-11-27T06:00:01Z,2024-11-27T14:00:01Z,1747.2,346.09
61882,STARLINK-11398,2024-11-27T14:00:01Z,2024-11-27T22:00:01Z,1924.3,346.09
61882,STARLINK-11398,2024-11-27T22:00:01Z,2024-11-28T04:00:01Z,1257.2,346.09
61882,STARLINK-11398,2024-11-28T04:00:01Z,2024-11-28T14:00:01Z,2515.3,346.09
61882,STARLINK-11398,2024-11-28T14:00:01Z,2024-11-28T20:00:01Z,1640.8,346.09
61882,STARLINK-11398,2024-11-28T20:00:01Z,2024-11-28T22:00:01Z,-114.3,346.09
61882,STARLINK-11398,2024-11-28T22:00:01Z,2024-11-29T04:00:02Z,-105.4,346.09
61882,STARLINK-11398,2024-11-29T22:00:01Z,2024-11-30T14:00:01Z,-276.5,346.09
61883,STARLINK-11383,2024-11-26T20:00:02Z,2024-11-26T22:00:01Z,506.9,339.86
61883,STARLINK-11383,2024-11-26T22:00:01Z,2024-11-27T12:00:02Z,3074.4,339.86
61883,STARLINK-11383,2024-11-27T12:00:02Z,2024-11-27T14:00:01Z,400.9,339.86
61883,STARLINK-11383,2024-11-27T14:00:01Z,2024-11-27T22:00:01Z,1938.8,339.86
61883,STARLINK-11383,2024-11-27T22:00:01Z,2024-11-28T04:00:01Z,1251.9,339.86
61883,STARLINK-11383,2024-11-28T04:00:01Z,2024-11-28T14:00:01Z,2253.1,339.86
61883,STARLINK-11383,2024-11-28T14:00:01Z,2024-11-28T22:00:01Z,1921.2,339.86
61883,STARLINK-11383,2024-11-28T22:00:01Z,2024-11-29T04:00:02Z,1281.8,339.86
61883,STARLINK-11383,2024-11-29T04:00:02Z,2024-11-29T12:00:01Z,1948.4,339.86
61883,STARLINK-11383,2024-11-29T12:00:01Z,2024-11-29T20:00:01Z,1947.5,339.86
61884,STARLINK-11359,2024-11-26T22:00:01Z,2024-11-27T06:00:01Z,1756.3,344.24
61884,STARLINK-11359,2024-11-27T06:00:01Z,2024-11-27T14:00:01Z,1741.9,344.24
61884,STARLINK-11359,2024-11-27T14:00:01Z,2024-11-27T22:00:01Z,1928.4,344.24
61884,STARLINK-11359,2024-11-27T22:00:01Z,2024-11-28T04:00:01Z,1251.2,344.24
61884,STARLINK-11359,2024-11-28T04:00:01Z,2024-11-28T14:00:01Z,2266.6,344.24
61884,STARLINK-11359,2024-11-28T14:00:01Z,2024-11-28T20:00:01Z,1460.8,344.24
61884,STARLINK-11359,2024-11-28T20:00:01Z,2024-11-28T22:00:01Z,469.7,344.24
61884,STARLINK-11359,2024-11-28T22:00:01Z,2024-11-29T04:00:02Z,1816.1,344.24
61884,STARLINK-11359,2024-11-29T04:00:02Z,2024-11-29T12:00:01Z,548.5,344.24
61884,STARLINK-11359,2024-11-29T12:00:01Z,2024-11-29T22:00:01Z,-413.9,344.24
61884,STARLINK-11359,2024-11-29T22:00:01Z,2024-11-30T04:00:01Z,329.0,344.24
61884,STARLINK-11359,2024-11-30T04:00:01Z,2024-11-30T12:00:01Z,-197.9,344.24
61885,STARLINK-11301,2024-11-26T22:00:01Z,2024-11-27T06:00:01Z,1743.0,338.23
61885,STARLINK-11301,2024-11-27T06:00:01Z,2024-11-27T14:00:01Z,1729.8,338.23
61885,STARLINK-11301,2024-11-27T14:00:01Z,2024-11-27T22:00:01Z,1941.0,338.23
61885,STARLINK-11301,2024-11-27T22:00:01Z,2024-11-28T04:00:01Z,1246.6,338.23
61885,STARLINK-11301,2024-11-28T04:00:01Z,2024-11-28T14:00:01Z,2249.8,338.23
61885,STARLINK-11301,2024-11-28T14:00:01Z,2024-11-28T22:00:01Z,1922.5,338.23
61885,STARLINK-11301,2024-11-28T22:00:01Z,2024-11-29T04:00:02Z,1282.5,338.23
61885,STARLINK-11301,2024-11-29T04:00:02Z,2024-11-29T22:00:01Z,4214.7,338.23
61885,STARLINK-11301,2024-11-29T22:00:01Z,2024-11-30T04:00:01Z,1767.1,338.23
61885,STARLINK-11301,2024-11-30T04:00:01Z,2024-11-30T12:00:01Z,362.1,338.23
61886,STARLINK-11351,2024-11-26T12:00:01Z,2024-11-26T22:00:01Z,1115.6,332.86
61886,STARLINK-11351,2024-11-27T06:00:01Z,2024-11-27T14:00:01Z,1756.3,332.86
61886,STARLINK-11351,2024-11-27T14:00:01Z,2024-11-27T22:00:01Z,1940.3,332.86
61886,STARLINK-11351,2024-11-27T22:00:01Z,2024-11-28T04:00:01Z,1241.1,332.86
61886,STARLINK-11351,2024-11-28T04:00:01Z,2024-11-28T14:00:01Z,2246.8,332.86
61886,STARLINK-11351,2024-11-28T14:00:01Z,2024-11-28T22:00:01Z,1924.8,332.86
61886,STARLINK-11351,2024-11-28T22:00:01Z,2024-11-29T04:00:02Z,1274.8,332.86
61886,STARLINK-11351,2024-11-29T04:00:02Z,2024-11-29T22:00:01Z,4161.7,332.86
61886,STARLINK-11351,2024-11-29T22:00:01Z,2024-11-30T12:00:01Z,3087.6,332.86
61886,STARLINK-11351,2024-11-30T12:00:01Z,2024-11-30T14:00:01Z,562.5,332.86
61887,STARLINK-32410,2024-11-26T12:00:01Z,2024-11-26T22:00:01Z,2599.2,387.02
61887,STARLINK-32410,2024-11-26T22:00:01Z,2024-11-27T06:00:01Z,2733.4,387.02
61887,STARLINK-32410,2024-11-27T06:00:01Z,2024-11-27T14:00:01Z,2744.9,387.02
61887,STARLINK-32410,2024-11-27T14:00:01Z,2024-11-27T20:00:01Z,2204.7,387.02
61887,STARLINK-32410,2024-11-27T20:00:01Z,2024-11-27T22:00:01Z,741.5,387.02
61887,STARLINK-32410,2024-11-27T22:00:01Z,2024-11-28T12:00:01Z,4824.8,387.02
61887,STARLINK-32410,2024-11-28T12:00:01Z,2024-11-28T14:00:01Z,675.3,387.02
61887,STARLINK-32410,2024-11-28T14:00:01Z,2024-11-28T22:00:01Z,2926.7,387.02
61887,STARLINK-32410,2024-11-28T22:00:01Z,2024-11-29T04:00:02Z,2018.8,387.02
61887,STARLINK-32410,2024-11-29T04:00:02Z,2024-11-29T22:00:01Z,6447.4,387.02
61887,STARLINK-32410,2024-11-29T22:00:01Z,2024-11-30T04:00:01Z,2046.6,387.02
61887,STARLINK-32410,2024-11-30T04:00:01Z,2024-11-30T14:00:01Z,3508.2,387.02
61888,STARLINK-32377,2024-11-26T12:00:01Z,2024-11-26T22:00:01Z,2595.3,387.02
61888,STARLINK-32377,2024-11-26T22:00:01Z,2024-11-27T06:00:01Z,2736.2,387.02
61888,STARLINK-32377,2024-11-27T06:00:01Z,2024-11-27T14:00:01Z,2746.1,387.02
61888,STARLINK-32377,2024-11-27T14:00:01Z,2024-11-27T20:00:01Z,2203.9,387.02
61888,STARLINK-32377,2024-11-27T20:00:01Z,2024-11-27T22:00:01Z,741.7,387.02
61888,STARLINK-32377,2024-11-27T22:00:01Z,2024-11-28T12:00:01Z,4825.4,387.02
61888,STARLINK-32377,2024-11-28T12:00:01Z,2024-11-28T14:00:01Z,674.8,387.02
61888,STARLINK-32377,2024-11-28T14:00:01Z,2024-11-28T22:00:01Z,2927.2,387.02
61888,STARLINK-32377,2024-11-28T22:00:01Z,2024-11-29T04:00:02Z,2019.1,387.02
61888,STARLINK-32377,2024-11-29T04:00:02Z,2024-11-29T22:00:01Z,6451.6,387.02
61888,STARLINK-32377,2024-11-29T22:00:01Z,2024-11-30T04:00:01Z,2043.0,387.02
61888,STARLINK-32377,2024-11-30T04:00:01Z,2024-11-30T14:00:01Z,3510.7,387.02
61889,STARLINK-32292,2024-11-26T12:00:01Z,2024-11-26T20:00:02Z,1850.4,384.18
61889,STARLINK-32292,2024-11-26T20:00:02Z,2024-11-26T22:00:01Z,756.4,384.18
61889,STARLINK-32292,2024-11-26T22:00:01Z,2024-11-27T12:00:02Z,4804.3,384.18
61889,STARLINK-32292,2024-11-27T12:00:02Z,2024-11-27T14:00:01Z,666.4,384.18
61889,STARLINK-32292,2024-11-27T14:00:01Z,2024-11-27T22:00:01Z,2944.8,384.18
61889,STARLINK-32292,2024-11-27T22:00:01Z,2024-11-28T04:00:01Z,1987.6,384.18
61889,STARLINK-32292,2024-11-28T04:00:01Z,2024-11-28T14:00:01Z,3516.9,384.18
61889,STARLINK-32292,2024-11-28T14:00:01Z,2024-11-28T22:00:01Z,2921.1,384.18
61889,STARLINK-32292,2024-11-28T22:00:01Z,2024-11-29T04:00:02Z,2022.7,384.18
61889,STARLINK-32292,2024-11-29T04:00:02Z,2024-11-29T22:00:01Z,6438.0,384.18
61889,STARLINK-32292,2024-11-29T22:00:01Z,2024-11-30T04:00:01Z,2055.6,384.18
61889,STARLINK-32292,2024-11-30T04:00:01Z,2024-11-30T14:00:01Z,3508.2,384.18
61890,STARLINK-32501,2024-11-26T12:00:01Z,2024-11-26T22:00:01Z,2601.0,387.02
61890,STARLINK-32501,2024-11-26T22:00:01Z,2024-11-27T06:00:01Z,2738.2,387.02
61890,STARLINK-32501,2024-11-27T06:00:01Z,2024-11-27T14:00:01Z,2736.5,387.02
61890,STARLINK-32501,2024-11-27T14:00:01Z,2024-11-27T20:00:01Z,2200.3,387.02
61890,STARLINK-32501,2024-11-27T20:00:01Z,2024-11-27T22:00:01Z,740.4,387.02
61890,STARLINK-32501,2024-11-27T22:00:01Z,2024-11-28T12:00:01Z,4833.8,387.02
61890,STARLINK-32501,2024-11-28T12:00:01Z,2024-11-28T14:00:01Z,673.3,387.02
61890,STARLINK-32501,2024-11-28T14:00:01Z,2024-11-28T22:00:01Z,2918.5,387.02
61890,STARLINK-32501,2024-11-28T22:00:01Z,2024-11-29T04:00:02Z,2027.4,387.02
61890,STARLINK-32501,2024-11-29T04:00:02Z,2024-11-29T22:00:01Z,6440.9,387.02
61890,STARLINK-32501,2024-11-29T22:00:01Z,2024-11-30T04:00:01Z,2055.9,387.02
61890,STARLINK-32501,2024-11-30T04:00:01Z,2024-11-30T14:00:01Z,3514.5,387.02
61891,STARLINK-32383,2024-11-26T12:00:01Z,2024-11-26T22:00:01Z,2610.4,387.02
61891,STARLINK-32383,2024-11-26T22:00:01Z,2024-11-27T06:00:01Z,2732.2,387.02
61891,STARLINK-32383,2024-11-27T06:00:01Z,2024-11-27T14:00:01Z,2734.7,387.02
61891,STARLINK-32383,2024-11-27T14:00:01Z,2024-11-27T20:00:01Z,2200.7,387.02
61891,STARLINK-32383,2024-11-27T20:00:01Z,2024-11-27T22:00:01Z,742.2,387.02
61891,STARLINK-32383,2024-11-27T22:00:01Z,2024-11-28T12:00:01Z,4832.4,387.02
61891,STARLINK-32383,2024-11-28T12:00:01Z,2024-11-28T14:00:01Z,672.5,387.02
61891,STARLINK-32383,2024-11-28T14:00:01Z,2024-11-28T22:00:01Z,2926.5,387.02
61891,STARLINK-32383,2024-11-28T22:00:01Z,2024-11-29T04:00:02Z,2021.0,387.02
61891,STARLINK-32383,2024-11-29T04:00:02Z,2024-11-29T22:00:01Z,6437.8,387.02
61891,STARLINK-32383,2024-11-29T22:00:01Z,2024-11-30T04:00:01Z,2056.4,387.02
61891,STARLINK-32383,2024-11-30T04:00:01Z,2024-11-30T14:00:01Z,3510.4,387.02
61892,STARLINK-32239,2024-11-26T12:00:01Z,2024-11-26T20:00:02Z,1837.1,384.18
61892,STARLINK-32239,2024-11-26T20:00:02Z,2024-11-26T22:00:01Z,748.7,384.18
61892,STARLINK-32239,2024-11-26T22:00:01Z,2024-11-27T12:00:02Z,4827.7,384.18
61892,STARLINK-32239,2024-11-27T12:00:02Z,2024-11-27T14:00:01Z,652.3,384.18
61892,STARLINK-32239,2024-11-27T14:00:01Z,2024-11-27T22:00:01Z,2961.4,384.18
61892,STARLINK-32239,2024-11-27T22:00:01Z,2024-11-28T04:00:01Z,1986.5,384.18
61892,STARLINK-32239,2024-11-28T04:00:01Z,2024-11-28T14:00:01Z,3511.2,384.18
61892,STARLINK-32239,2024-11-28T14:00:01Z,2024-11-28T22:00:01Z,2920.9,384.18
61892,STARLINK-32239,2024-11-28T22:00:01Z,2024-11-29T04:00:02Z,2024.4,384.18
61892,STARLINK-32239,2024-11-29T04:00:02Z,2024-11-29T22:00:01Z,6437.4,384.18
61892,STARLINK-32239,2024-11-29T22:00:01Z,2024-11-30T04:00:01Z,2057.9,384.18
61892,STARLINK-32239,2024-11-30T04:00:01Z,2024-11-30T14:00:01Z,3516.1,384.18
61893,STARLINK-32489,2024-11-26T12:00:01Z,2024-11-26T22:00:01Z,2599.0,387.01
61893,STARLINK-32489,2024-11-26T22:00:01Z,2024-11-27T06:00:01Z,2731.7,387.01
61893,STARLINK-32489,2024-11-27T06:00:01Z,2024-11-27T14:00:01Z,2748.7,387.01
61893,STARLINK-32489,2024-11-27T14:00:01Z,2024-11-27T20:00:01Z,2201.5,387.01
61893,STARLINK-32489,2024-11-27T20:00:01Z,2024-11-27T22:00:01Z,744.2,387.01
61893,STARLINK-32489,2024-11-27T22:00:01Z,2024-11-28T12:00:01Z,4822.7,387.01
61893,STARLINK-32489,2024-11-28T12:00:01Z,2024-11-28T14:00:01Z,674.1,387.01
61893,STARLINK-32489,2024-11-28T14:00:01Z,2024-11-28T22:00:01Z,2927.9,387.01
61893,STARLINK-32489,2024-11-28T22:00:01Z,2024-11-29T04:00:02Z,2019.6,387.01
61893,STARLINK-32489,2024-11-29T04:00:02Z,2024-11-29T22:00:01Z,6445.2,387.01
61893,STARLINK-32489,2024-11-29T22:00:01Z,2024-11-30T04:00:01Z,2047.1,387.01
61893,STARLINK-32489,2024-11-30T04:00:01Z,2024-11-30T14:00:01Z,3512.3,387.01
61912,STARLINK-32303,2024-11-26T12:00:01Z,2024-11-26T22:00:01Z,2031.6,345.06
61912,STARLINK-32303,2024-11-26T22:00:01Z,2024-11-27T12:00:02Z,3104.0,345.06
61912,STARLINK-32303,2024-11-27T12:00:02Z,2024-11-27T14:00:01Z,483.5,345.06
61912,STARLINK-32303,2024-11-27T14:00:01Z,2024-11-27T22:00:01Z,1607.1,345.06
61912,STARLINK-32303,2024-11-27T22:00:01Z,2024-11-28T12:00:01Z,3194.4,345.06
61912,STARLINK-32303,2024-11-28T12:00:01Z,2024-11-28T14:00:01Z,495.7,345.06
61912,STARLINK-32303,2024-11-28T14:00:01Z,2024-11-28T22:00:01Z,1698.8,345.06
61912,STARLINK-32303,2024-11-28T22:00:01Z,2024-11-29T12:00:01Z,3310.6,345.06
61912,STARLINK-32303,2024-11-29T12:00:01Z,2024-11-29T20:00:01Z,2053.8,345.06
61912,STARLINK-32303,2024-11-30T12:00:01Z,2024-11-30T14:00:01Z,104.8,345.06
61913,STARLINK-32434,2024-11-26T12:00:01Z,2024-11-26T22:00:01Z,2025.3,344.89
61913,STARLINK-32434,2024-11-26T22:00:01Z,2024-11-27T12:00:02Z,3053.5,344.89
61913,STARLINK-32434,2024-11-27T12:00:02Z,2024-11-27T14:00:01Z,474.2,344.89
61913,STARLINK-32434,2024-11-27T14:00:01Z,2024-11-27T22:00:01Z,1610.7,344.89
61913,STARLINK-32434,2024-11-27T22:00:01Z,2024-11-28T12:00:01Z,3137.9,344.89
61913,STARLINK-32434,2024-11-28T12:00:01Z,2024-11-28T14:00:01Z,494.2,344.89
61913,STARLINK-32434,2024-11-28T14:00:01Z,2024-11-28T22:00:01Z,1689.3,344.89
61913,STARLINK-32434,2024-11-28T22:00:01Z,2024-11-29T12:00:01Z,3246.2,344.89
61913,STARLINK-32434,2024-11-29T12:00:01Z,2024-11-29T20:00:01Z,2163.8,344.89
61913,STARLINK-32434,2024-11-29T20:00:01Z,2024-11-29T22:00:01Z,121.3,344.89
61914,STARLINK-32460,2024-11-26T22:00:01Z,2024-11-27T04:00:01Z,1450.8,345.52
61914,STARLINK-32460,2024-11-27T04:00:01Z,2024-11-27T14:00:01Z,2238.6,345.52
61914,STARLINK-32460,2024-11-27T14:00:01Z,2024-11-27T20:00:01Z,1227.7,345.52
61914,STARLINK-32460,2024-11-27T20:00:01Z,2024-11-27T22:00:01Z,382.7,345.52
61914,STARLINK-32460,2024-11-27T22:00:01Z,2024-11-28T12:00:01Z,3345.2,345.52
61914,STARLINK-32460,2024-11-28T12:00:01Z,2024-11-28T14:00:01Z,513.5,345.52
61914,STARLINK-32460,2024-11-28T14:00:01Z,2024-11-28T22:00:01Z,1721.9,345.52
61914,STARLINK-32460,2024-11-28T22:00:01Z,2024-11-29T12:00:01Z,3750.1,345.52
61914,STARLINK-32460,2024-11-29T12:00:01Z,2024-11-29T20:00:01Z,1099.5,345.52
61914,STARLINK-32460,2024-11-29T22:00:01Z,2024-11-30T12:00:01Z,203.5,345.52
61915,STARLINK-32559,2024-11-26T12:00:01Z,2024-11-26T22:00:01Z,2049.5,345.16
61915,STARLINK-32559,2024-11-26T22:00:01Z,2024-11-27T12:00:02Z,3132.0,345.16
61915,STARLINK-32559,2024-11-27T12:00:02Z,2024-11-27T14:00:01Z,496.8,345.16
61915,STARLINK-32559,2024-11-27T14:00:01Z,2024-11-27T22:00:01Z,1601.9,345.16
61915,STARLINK-32559,2024-11-27T22:00:01Z,2024-11-28T12:00:01Z,3229.5,345.16
61915,STARLINK-32559,2024-11-28T12:00:01Z,2024-11-28T14:00:01Z,497.3,345.16
61915,STARLINK-32559,2024-11-28T14:00:01Z,2024-11-28T22:00:01Z,1705.1,345.16
61915,STARLINK-32559,2024-11-28T22:00:01Z,2024-11-29T12:00:01Z,3356.5,345.16
61915,STARLINK-32559,2024-11-29T12:00:01Z,2024-11-29T20:00:01Z,2022.7,345.16
61916,STARLINK-32541,2024-11-26T12:00:01Z,2024-11-26T22:00:01Z,2062.8,345.34
61916,STARLINK-32541,2024-11-26T22:00:01Z,2024-11-27T12:00:02Z,3181.1,345.34
61916,STARLINK-32541,2024-11-27T12:00:02Z,2024-11-27T14:00:01Z,498.7,345.34
61916,STARLINK-32541,2024-11-27T14:00:01Z,2024-11-27T22:00:01Z,1613.3,345.34
61916,STARLINK-32541,2024-11-27T22:00:01Z,2024-11-28T12:00:01Z,3280.7,345.34
61916,STARLINK-32541,2024-11-28T12:00:01Z,2024-11-28T14:00:01Z,493.9,345.34
61916,STARLINK-32541,2024-11-28T14:00:01Z,2024-11-28T22:00:01Z,1728.4,345.34
61916,STARLINK-32541,2024-11-28T22:00:01Z,2024-11-29T12:00:01Z,3575.1,345.34
61916,STARLINK-32541,2024-11-29T12:00:01Z,2024-11-29T20:00:01Z,1479.2,345.34
61917,STARLINK-32544,2024-11-26T22:00:01Z,2024-11-27T04:00:01Z,1485.3,347.0
61917,STARLINK-32544,2024-11-27T04:00:01Z,2024-11-27T12:00:02Z,1756.5,347.0
61917,STARLINK-32544,2024-11-27T12:00:02Z,2024-11-27T14:00:01Z,510.0,347.0
61917,STARLINK-32544,2024-11-27T14:00:01Z,2024-11-27T22:00:01Z,1737.4,347.0
61917,STARLINK-32544,2024-11-27T22:00:01Z,2024-11-28T12:00:01Z,3408.8,347.0
61917,STARLINK-32544,2024-11-28T12:00:01Z,2024-11-28T14:00:01Z,514.5,347.0
61917,STARLINK-32544,2024-11-28T14:00:01Z,2024-11-28T22:00:01Z,1776.1,347.0
61917,STARLINK-32544,2024-11-28T22:00:01Z,2024-11-29T04:00:02Z,1577.2,347.0
61917,STARLINK-32544,2024-11-29T04:00:02Z,2024-11-29T12:00:01Z,2632.3,347.0
61917,STARLINK-32544,2024-11-29T12:00:01Z,2024-11-29T20:00:01Z,-150.3,347.0
61917,STARLINK-32544,2024-11-29T22:00:01Z,2024-11-30T04:00:01Z,116.4,347.0
61917,STARLINK-32544,2024-11-30T04:00:01Z,2024-11-30T14:00:01Z,141.7,347.0
61918,STARLINK-32555,2024-11-26T22:00:01Z,2024-11-27T06:00:01Z,1898.7,346.6
61918,STARLINK-32555,2024-11-27T06:00:01Z,2024-11-27T14:00:01Z,1829.8,346.6
61918,STARLINK-32555,2024-11-27T14:00:01Z,2024-11-27T20:00:01Z,1274.2,346.6
61918,STARLINK-32555,2024-11-27T20:00:01Z,2024-11-27T22:00:01Z,413.1,346.6
61918,STARLINK-32555,2024-11-27T22:00:01Z,2024-11-28T14:00:01Z,3909.9,346.6
61918,STARLINK-32555,2024-11-28T14:00:01Z,2024-11-28T20:00:01Z,1312.0,346.6
61918,STARLINK-32555,2024-11-28T20:00:01Z,2024-11-28T22:00:01Z,440.0,346.6
61918,STARLINK-32555,2024-11-28T22:00:01Z,2024-11-29T12:00:01Z,4116.1,346.6
61918,STARLINK-32555,2024-11-29T12:00:01Z,2024-11-29T20:00:01Z,293.9,346.6
61918,STARLINK-32555,2024-11-29T22:00:01Z,2024-11-30T14:00:01Z,152.9,346.6
61919,STARLINK-32547,2024-11-26T12:00:01Z,2024-11-26T22:00:01Z,2237.9,346.05
61919,STARLINK-32547,2024-11-26T22:00:01Z,2024-11-27T12:00:02Z,3296.4,346.05
61919,STARLINK-32547,2024-11-27T12:00:02Z,2024-11-27T14:00:01Z,525.4,346.05
61919,STARLINK-32547,2024-11-27T14:00:01Z,2024-11-27T22:00:01Z,1772.0,346.05
61919,STARLINK-32547,2024-11-27T22:00:01Z,2024-11-28T12:00:01Z,3433.8,346.05
61919,STARLINK-32547,2024-11-28T12:00:01Z,2024-11-28T14:00:01Z,517.5,346.05
61919,STARLINK-32547,2024-11-28T14:00:01Z,2024-11-28T22:00:01Z,1835.6,346.05
61919,STARLINK-32547,2024-11-28T22:00:01Z,2024-11-29T12:00:01Z,4063.0,346.05
61919,STARLINK-32547,2024-11-29T12:00:01Z,2024-11-29T22:00:01Z,-116.8,346.05
61919,STARLINK-32547,2024-11-30T04:00:01Z,2024-11-30T14:00:01Z,136.7,346.05
61920,STARLINK-32616,2024-11-26T12:00:01Z,2024-11-26T22:00:01Z,2229.7,346.12
61920,STARLINK-32616,2024-11-26T22:00:01Z,2024-11-27T12:00:02Z,3259.4,346.12
61920,STARLINK-32616,2024-11-27T12:00:02Z,2024-11-27T14:00:01Z,509.0,346.12
61920,STARLINK-32616,2024-11-27T14:00:01Z,2024-11-27T22:00:01Z,1749.9,346.12
61920,STARLINK-32616,2024-11-27T22:00:01Z,2024-11-28T12:00:01Z,3425.0,346.12
61920,STARLINK-32616,2024-11-28T12:00:01Z,2024-11-28T14:00:01Z,505.8,346.12
61920,STARLINK-32616,2024-11-28T14:00:01Z,2024-11-28T22:00:01Z,1804.9,346.12
61920,STARLINK-32616,2024-11-28T22:00:01Z,2024-11-29T04:00:02Z,1590.1,346.12
61920,STARLINK-32616,2024-11-29T04:00:02Z,2024-11-29T12:00:01Z,2601.5,346.12
61920,STARLINK-32616,2024-11-29T22:00:01Z,2024-11-30T04:00:01Z,171.1,346.12
61921,STARLINK-32605,2024-11-26T12:00:01Z,2024-11-26T22:00:01Z,2286.6,346.5
61921,STARLINK-32605,2024-11-26T22:00:01Z,2024-11-27T12:00:02Z,3387.3,346.5
61921,STARLINK-32605,2024-11-27T12:00:02Z,2024-11-27T14:00:01Z,532.0,346.5
61921,STARLINK-32605,2024-11-27T14:00:01Z,2024-11-27T22:00:01Z,1819.4,346.5
61921,STARLINK-32605,2024-11-27T22:00:01Z,2024-11-28T12:00:01Z,3504.9,346.5
61921,STARLINK-32605,2024-11-28T12:00:01Z,2024-11-28T14:00:01Z,530.0,346.5
61921,STARLINK-32605,2024-11-28T14:00:01Z,2024-11-28T22:00:01Z,1897.1,346.5
61921,STARLINK-32605,2024-11-28T22:00:01Z,2024-11-29T12:00:01Z,3575.5,346.5
61922,STARLINK-32579,2024-11-26T12:00:01Z,2024-11-26T22:00:01Z,2259.8,346.33
61922,STARLINK-32579,2024-11-26T22:00:01Z,2024-11-27T12:00:02Z,3355.6,346.33
61922,STARLINK-32579,2024-11-27T12:00:02Z,2024-11-27T14:00:01Z,540.9,346.33
61922,STARLINK-32579,2024-11-27T14:00:01Z,2024-11-27T22:00:01Z,1773.7,346.33
61922,STARLINK-32579,2024-11-27T22:00:01Z,2024-11-28T12:00:01Z,3481.0,346.33
61922,STARLINK-32579,2024-11-28T12:00:01Z,2024-11-28T14:00:01Z,539.7,346.33
61922,STARLINK-32579,2024-11-28T14:00:01Z,2024-11-28T22:00:01Z,1870.3,346.33
61922,STARLINK-32579,2024-11-28T22:00:01Z,2024-11-29T12:00:01Z,3777.0,346.33
61922,STARLINK-32579,2024-11-29T22:00:01Z,2024-11-30T12:00:01Z,-197.9,346.33
61922,STARLINK-32579,2024-11-30T12:00:01Z,2024-11-30T14:00:01Z,170.3,346.33
61923,STARLINK-32537,2024-11-26T12:00:01Z,2024-11-26T22:00:01Z,2285.6,346.9
61923,STARLINK-32537,2024-11-26T22:00:01Z,2024-11-27T12:00:02Z,3429.1,346.9
61923,STARLINK-32537,2024-11-27T12:00:02Z,2024-11-27T14:00:01Z,537.8,346.9
61923,STARLINK-32537,2024-11-27T14:00:01Z,2024-11-27T22:00:01Z,1833.3,346.9
61923,STARLINK-32537,2024-11-27T22:00:01Z,2024-11-28T12:00:01Z,3546.9,346.9
61923,STARLINK-32537,2024-11-28T12:00:01Z,2024-11-28T14:00:01Z,533.9,346.9
61923,STARLINK-32537,2024-11-28T14:00:01Z,2024-11-28T22:00:01Z,1915.9,346.9
61923,STARLINK-32537,2024-11-28T22:00:01Z,2024-11-29T04:00:02Z,1953.8,346.9
61923,STARLINK-32537,2024-11-29T04:00:02Z,2024-11-29T12:00:01Z,1508.9,346.9
61923,STARLINK-32537,2024-11-29T12:00:01Z,2024-11-29T22:00:01Z,-179.2,346.9
61924,STARLINK-32564,2024-11-26T12:00:01Z,2024-11-26T22:00:01Z,2283.4,347.18
61924,STARLINK-32564,2024-11-26T22:00:01Z,2024-11-27T12:00:02Z,3517.2,347.18
61924,STARLINK-32564,2024-11-27T12:00:02Z,2024-11-27T14:00:01Z,540.1,347.18
61924,STARLINK-32564,2024-11-27T14:00:01Z,2024-11-27T22:00:01Z,1816.6,347.18
61924,STARLINK-32564,2024-11-27T22:00:01Z,2024-11-28T12:00:01Z,3635.8,347.18
61924,STARLINK-32564,2024-11-28T12:00:01Z,2024-11-28T14:00:01Z,546.8,347.18
61924,STARLINK-32564,2024-11-28T14:00:01Z,2024-11-28T22:00:01Z,1929.1,347.18
61924,STARLINK-32564,2024-11-28T22:00:01Z,2024-11-29T04:00:02Z,2152.6,347.18
61924,STARLINK-32564,2024-11-29T04:00:02Z,2024-11-29T12:00:01Z,898.5,347.18
61924,STARLINK-32564,2024-11-29T12:00:01Z,2024-11-29T22:00:01Z,178.1,347.18
61924,STARLINK-32564,2024-11-29T22:00:01Z,2024-11-30T04:00:01Z,-368.5,347.18
61924,STARLINK-32564,2024-11-30T04:00:01Z,2024-11-30T14:00:01Z,377.8,347.18
61925,STARLINK-32536,2024-11-26T12:00:01Z,2024-11-26T22:00:01Z,2326.0,348.82
61925,STARLINK-32536,2024-11-26T22:00:01Z,2024-11-27T12:00:02Z,3542.1,348.82
61925,STARLINK-32536,2024-11-27T12:00:02Z,2024-11-27T14:00:01Z,545.0,348.82
61925,STARLINK-32536,2024-11-27T14:00:01Z,2024-11-27T22:00:01Z,1832.9,348.82
61925,STARLINK-32536,2024-11-27T22:00:01Z,2024-11-28T04:00:01Z,1658.0,348.82
61925,STARLINK-32536,2024-11-28T04:00:01Z,2024-11-28T14:00:01Z,2569.6,348.82
61925,STARLINK-32536,2024-11-28T14:00:01Z,2024-11-28T20:00:01Z,1443.3,348.82
61925,STARLINK-32536,2024-11-28T20:00:01Z,2024-11-28T22:00:01Z,511.0,348.82
61925,STARLINK-32536,2024-11-28T22:00:01Z,2024-11-29T04:00:02Z,2240.7,348.82
61925,STARLINK-32536,2024-11-29T04:00:02Z,2024-11-29T12:00:01Z,512.7,348.82
61925,STARLINK-32536,2024-11-29T22:00:01Z,2024-11-30T12:00:01Z,227.9,348.82
61925,STARLINK-32536,2024-11-30T12:00:01Z,2024-11-30T14:00:01Z,128.4,348.82
61926,STARLINK-32624,2024-11-26T12:00:01Z,2024-11-26T22:00:01Z,2397.7,349.3
61926,STARLINK-32624,2024-11-26T22:00:01Z,2024-11-27T04:00:01Z,1635.5,349.3
61926,STARLINK-32624,2024-11-27T04:00:01Z,2024-11-27T14:00:01Z,2490.0,349.3
61926,STARLINK-32624,2024-11-27T14:00:01Z,2024-11-27T20:00:01Z,1426.6,349.3
61926,STARLINK-32624,2024-11-27T20:00:01Z,2024-11-27T22:00:01Z,484.8,349.3
61926,STARLINK-32624,2024-11-27T22:00:01Z,2024-11-28T14:00:01Z,4293.5,349.3
61926,STARLINK-32624,2024-11-28T14:00:01Z,2024-11-28T20:00:01Z,1473.8,349.3
61926,STARLINK-32624,2024-11-28T20:00:01Z,2024-11-28T22:00:01Z,640.3,349.3
61926,STARLINK-32624,2024-11-28T22:00:01Z,2024-11-29T04:00:02Z,2186.2,349.3
61926,STARLINK-32624,2024-11-29T04:00:02Z,2024-11-29T20:00:01Z,-129.9,349.3
61926,STARLINK-32624,2024-11-29T20:00:01Z,2024-11-29T22:00:01Z,-191.0,349.3
61926,STARLINK-32624,2024-11-29T22:00:01Z,2024-11-30T04:00:01Z,726.0,349.3
61926,STARLINK-32624,2024-11-30T04:00:01Z,2024-11-30T12:00:01Z,-354.3,349.3
61927,STARLINK-32622,2024-11-26T12:00:01Z,2024-11-26T22:00:01Z,2449.9,347.92
61927,STARLINK-32622,2024-11-26T22:00:01Z,2024-11-27T12:00:02Z,3581.4,347.92
61927,STARLINK-32622,2024-11-27T12:00:02Z,2024-11-27T14:00:01Z,548.8,347.92
61927,STARLINK-32622,2024-11-27T14:00:01Z,2024-11-27T22:00:01Z,1928.5,347.92
61927,STARLINK-32622,2024-11-27T22:00:01Z,2024-11-28T04:00:01Z,1696.6,347.92
61927,STARLINK-32622,2024-11-28T04:00:01Z,2024-11-28T14:00:01Z,2617.6,347.92
61927,STARLINK-32622,2024-11-28T14:00:01Z,2024-11-28T20:00:01Z,1520.9,347.92
61927,STARLINK-32622,2024-11-28T20:00:01Z,2024-11-28T22:00:01Z,692.6,347.92
61927,STARLINK-32622,2024-11-28T22:00:01Z,2024-11-29T04:00:02Z,2007.7,347.92
61927,STARLINK-32622,2024-11-29T22:00:01Z,2024-11-30T12:00:01Z,126.1,347.92
61928,STARLINK-32620,2024-11-26T12:00:01Z,2024-11-26T22:00:01Z,2490.0,349.53
61928,STARLINK-32620,2024-11-26T22:00:01Z,2024-11-27T12:00:02Z,3643.2,349.53
61928,STARLINK-32620,2024-11-27T12:00:02Z,2024-11-27T14:00:01Z,573.2,349.53
61928,STARLINK-32620,2024-11-27T14:00:01Z,2024-11-27T22:00:01Z,2005.1,349.53
61928,STARLINK-32620,2024-11-27T22:00:01Z,2024-11-28T12:00:01Z,3773.1,349.53
61928,STARLINK-32620,2024-11-28T12:00:01Z,2024-11-28T14:00:01Z,567.1,349.53
61928,STARLINK-32620,2024-11-28T14:00:01Z,2024-11-28T22:00:01Z,2526.5,349.53
61928,STARLINK-32620,2024-11-28T22:00:01Z,2024-11-29T04:00:02Z,1444.5,349.53
61928,STARLINK-32620,2024-11-29T04:00:02Z,2024-11-29T12:00:01Z,-184.2,349.53
61928,STARLINK-32620,2024-11-29T12:00:01Z,2024-11-29T22:00:01Z,147.4,349.53
61928,STARLINK-32620,2024-11-30T04:00:01Z,2024-11-30T12:00:01Z,-136.0,349.53
61928,STARLINK-32620,2024-11-30T12:00:01Z,2024-11-30T14:00:01Z,119.1,349.53
61929,STARLINK-32609,2024-11-26T12:00:01Z,2024-11-26T22:00:01Z,2471.1,348.77
61929,STARLINK-32609,2024-11-26T22:00:01Z,2024-11-27T12:00:02Z,3594.8,348.77
61929,STARLINK-32609,2024-11-27T12:00:02Z,2024-11-27T14:00:01Z,551.8,348.77
61929,STARLINK-32609,2024-11-27T14:00:01Z,2024-11-27T22:00:01Z,1949.8,348.77
61929,STARLINK-32609,2024-11-27T22:00:01Z,2024-11-28T04:00:01Z,1711.3,348.77
61929,STARLINK-32609,2024-11-28T04:00:01Z,2024-11-28T14:00:01Z,2629.0,348.77
61929,STARLINK-32609,2024-11-28T14:00:01Z,2024-11-28T20:00:01Z,1535.9,348.77
61929,STARLINK-32609,2024-11-28T20:00:01Z,2024-11-28T22:00:01Z,711.3,348.77
61929,STARLINK-32609,2024-11-28T22:00:01Z,2024-11-29T04:00:02Z,2060.4,348.77
61929,STARLINK-32609,2024-11-29T04:00:02Z,2024-11-29T12:00:01Z,-173.9,348.77
61929,STARLINK-32609,2024-11-29T12:00:01Z,2024-11-29T22:00:01Z,254.6,348.77
61929,STARLINK-32609,2024-11-29T22:00:01Z,2024-11-30T04:00:01Z,-380.7,348.77
61929,STARLINK-32609,2024-11-30T04:00:01Z,2024-11-30T14:00:01Z,339.0,348.77
61930,STARLINK-32567,2024-11-26T20:00:02Z,2024-11-26T22:00:01Z,499.4,343.15
61930,STARLINK-32567,2024-11-26T22:00:01Z,2024-11-27T12:00:02Z,3819.6,343.15
61930,STARLINK-32567,2024-11-27T12:00:02Z,2024-11-27T14:00:01Z,572.5,343.15
61930,STARLINK-32567,2024-11-27T14:00:01Z,2024-11-27T22:00:01Z,2024.4,343.15
61930,STARLINK-32567,2024-11-27T22:00:01Z,2024-11-28T12:00:01Z,3854.6,343.15
61930,STARLINK-32567,2024-11-28T12:00:01Z,2024-11-28T14:00:01Z,587.3,343.15
61930,STARLINK-32567,2024-11-28T14:00:01Z,2024-11-28T22:00:01Z,2129.1,343.15
61930,STARLINK-32567,2024-11-28T22:00:01Z,2024-11-29T12:00:01Z,3761.8,343.15
61930,STARLINK-32567,2024-11-29T12:00:01Z,2024-11-29T20:00:01Z,2376.2,343.15
61930,STARLINK-32567,2024-11-29T20:00:01Z,2024-11-29T22:00:01Z,793.4,343.15
61930,STARLINK-32567,2024-11-29T22:00:01Z,2024-11-30T04:00:01Z,353.4,343.15
61930,STARLINK-32567,2024-11-30T04:00:01Z,2024-11-30T12:00:01Z,1490.6,343.15
61930,STARLINK-32567,2024-11-30T12:00:01Z,2024-11-30T14:00:01Z,750.8,343.15
61931,STARLINK-32420,2024-11-26T12:00:01Z,2024-11-26T22:00:01Z,2533.7,351.11
61931,STARLINK-32420,2024-11-26T22:00:01Z,2024-11-27T12:00:02Z,3780.5,351.11
61931,STARLINK-32420,2024-11-27T12:00:02Z,2024-11-27T14:00:01Z,588.9,351.11
61931,STARLINK-32420,2024-11-27T14:00:01Z,2024-11-27T22:00:01Z,2025.6,351.11
61931,STARLINK-32420,2024-11-27T22:00:01Z,2024-11-28T12:00:01Z,3916.3,351.11
61931,STARLINK-32420,2024-11-28T12:00:01Z,2024-11-28T14:00:01Z,606.0,351.11
61931,STARLINK-32420,2024-11-28T14:00:01Z,2024-11-28T20:00:01Z,2124.0,351.11
61931,STARLINK-32420,2024-11-28T20:00:01Z,2024-11-28T22:00:01Z,606.8,351.11
61931,STARLINK-32420,2024-11-28T22:00:01Z,2024-11-29T04:00:02Z,504.3,351.11
61931,STARLINK-32420,2024-11-29T22:00:01Z,2024-11-30T04:00:01Z,-154.6,351.11
61931,STARLINK-32420,2024-11-30T04:00:01Z,2024-11-30T12:00:01Z,220.0,351.11
61931,STARLINK-32420,2024-11-30T12:00:01Z,2024-11-30T14:00:01Z,308.7,351.11
61932,STARLINK-32354,2024-11-26T12:00:01Z,2024-11-26T22:00:01Z,2553.8,349.21
61932,STARLINK-32354,2024-11-26T22:00:01Z,2024-11-27T12:00:02Z,3824.3,349.21
61932,STARLINK-32354,2024-11-27T12:00:02Z,2024-11-27T14:00:01Z,588.6,349.21
61932,STARLINK-32354,2024-11-27T14:00:01Z,2024-11-27T22:00:01Z,2027.0,349.21
61932,STARLINK-32354,2024-11-27T22:00:01Z,2024-11-28T04:00:01Z,1777.3,349.21
61932,STARLINK-32354,2024-11-28T04:00:01Z,2024-11-28T14:00:01Z,2826.6,349.21
61932,STARLINK-32354,2024-11-28T14:00:01Z,2024-11-28T20:00:01Z,2208.6,349.21
61932,STARLINK-32354,2024-11-28T20:00:01Z,2024-11-28T22:00:01Z,483.0,349.21
61932,STARLINK-32354,2024-11-28T22:00:01Z,2024-11-29T04:00:02Z,316.8,349.21
61932,STARLINK-32354,2024-11-29T12:00:01Z,2024-11-29T22:00:01Z,-473.4,349.21
61932,STARLINK-32354,2024-11-29T22:00:01Z,2024-11-30T14:00:01Z,407.8,349.21
61933,STARLINK-32361,2024-11-26T12:00:01Z,2024-11-26T22:00:01Z,2565.5,349.51
61933,STARLINK-32361,2024-11-26T22:00:01Z,2024-11-27T04:00:01Z,1753.5,349.51
61933,STARLINK-32361,2024-11-27T04:00:01Z,2024-11-27T12:00:02Z,2128.2,349.51
61933,STARLINK-32361,2024-11-27T12:00:02Z,2024-11-27T14:00:01Z,591.3,349.51
61933,STARLINK-32361,2024-11-27T14:00:01Z,2024-11-27T22:00:01Z,2042.6,349.51
61933,STARLINK-32361,2024-11-27T22:00:01Z,2024-11-28T04:00:01Z,1818.2,349.51
61933,STARLINK-32361,2024-11-28T04:00:01Z,2024-11-28T14:00:01Z,2891.7,349.51
61933,STARLINK-32361,2024-11-28T14:00:01Z,2024-11-28T20:00:01Z,2235.9,349.51
61933,STARLINK-32361,2024-11-28T20:00:01Z,2024-11-28T22:00:01Z,311.6,349.51
61933,STARLINK-32361,2024-11-28T22:00:01Z,2024-11-29T04:00:02Z,151.0,349.51
61933,STARLINK-32361,2024-11-29T12:00:01Z,2024-11-29T22:00:01Z,-288.5,349.51
61933,STARLINK-32361,2024-11-29T22:00:01Z,2024-11-30T04:00:01Z,246.5,349.51
61934,STARLINK-32563,2024-11-26T12:00:01Z,2024-11-26T22:00:01Z,2604.6,346.97
61934,STARLINK-32563,2024-11-26T22:00:01Z,2024-11-27T04:00:01Z,1802.9,346.97
61934,STARLINK-32563,2024-11-27T04:00:01Z,2024-11-27T12:00:02Z,2138.6,346.97
61934,STARLINK-32563,2024-11-27T12:00:02Z,2024-11-27T14:00:01Z,588.1,346.97
61934,STARLINK-32563,2024-11-27T14:00:01Z,2024-11-27T22:00:01Z,2098.6,346.97
61934,STARLINK-32563,2024-11-27T22:00:01Z,2024-11-28T04:00:01Z,1848.8,346.97
61934,STARLINK-32563,2024-11-28T04:00:01Z,2024-11-28T14:00:01Z,3028.7,346.97
61934,STARLINK-32563,2024-11-28T14:00:01Z,2024-11-28T20:00:01Z,2165.4,346.97
61934,STARLINK-32563,2024-11-28T20:00:01Z,2024-11-28T22:00:01Z,113.5,346.97
61934,STARLINK-32563,2024-11-30T04:00:01Z,2024-11-30T14:00:01Z,178.5,346.97
61935,STARLINK-32500,2024-11-26T12:00:01Z,2024-11-26T20:00:02Z,2445.2,346.93
61935,STARLINK-32500,2024-11-26T20:00:02Z,2024-11-26T22:00:01Z,186.6,346.93
61935,STARLINK-32500,2024-11-26T22:00:01Z,2024-11-27T04:00:01Z,1785.9,346.93
61935,STARLINK-32500,2024-11-27T04:00:01Z,2024-11-27T12:00:02Z,2146.9,346.93
61935,STARLINK-32500,2024-11-27T12:00:02Z,2024-11-27T14:00:01Z,581.4,346.93
61935,STARLINK-32500,2024-11-27T14:00:01Z,2024-11-27T22:00:01Z,2120.3,346.93
61935,STARLINK-32500,2024-11-27T22:00:01Z,2024-11-28T04:00:01Z,1843.8,346.93
61935,STARLINK-32500,2024-11-28T04:00:01Z,2024-11-28T14:00:01Z,3016.2,346.93
61935,STARLINK-32500,2024-11-28T14:00:01Z,2024-11-28T20:00:01Z,2222.1,346.93
61935,STARLINK-32500,2024-11-28T20:00:01Z,2024-11-28T22:00:01Z,140.5,346.93
61935,STARLINK-32500,2024-11-28T22:00:01Z,2024-11-29T20:00:01Z,-333.4,346.93
61935,STARLINK-32500,2024-11-29T20:00:01Z,2024-11-29T22:00:01Z,259.1,346.93
61935,STARLINK-32500,2024-11-30T04:00:01Z,2024-11-30T14:00:01Z,204.7,346.93
61939,STARLINK-11407,2024-11-27T12:00:02Z,2024-11-27T14:00:01Z,-130.1,346.84
61939,STARLINK-11407,2024-11-27T14:00:01Z,2024-11-27T22:00:01Z,188.8,346.84
61939,STARLINK-11407,2024-11-28T04:00:01Z,2024-11-28T12:00:01Z,223.6,346.84
61939,STARLINK-11407,2024-11-28T14:00:01Z,2024-11-28T20:00:01Z,-140.1,346.84
61939,STARLINK-11407,2024-11-28T22:00:01Z,2024-11-29T01:42:57Z,108.0,346.84
61939,STARLINK-11407,2024-11-29T01:42:57Z,2024-11-29T12:21:52Z,-153.0,346.84
61939,STARLINK-11407,2024-11-30T11:10:59Z,2024-11-30T12:42:17Z,150.5,346.84
61940,STARLINK-11337,2024-11-26T12:00:01Z,2024-11-26T22:00:01Z,3449.1,346.88
61940,STARLINK-11337,2024-11-26T22:00:01Z,2024-11-27T04:00:01Z,769.3,346.88
61940,STARLINK-11337,2024-11-27T04:00:01Z,2024-11-27T14:00:01Z,117.1,346.88
61940,STARLINK-11337,2024-11-28T12:00:01Z,2024-11-28T14:00:01Z,-149.0,346.88
61940,STARLINK-11337,2024-11-29T12:00:01Z,2024-11-29T22:00:01Z,203.9,346.88
61940,STARLINK-11337,2024-11-30T00:25:03Z,2024-11-30T11:03:59Z,-168.9,346.88
61941,STARLINK-11353,2024-11-26T22:00:01Z,2024-11-27T04:00:01Z,1520.8,346.86
61941,STARLINK-11353,2024-11-27T04:00:01Z,2024-11-27T14:00:01Z,2815.5,346.86
61941,STARLINK-11353,2024-11-27T14:00:01Z,2024-11-27T20:00:01Z,2238.4,346.86
61941,STARLINK-11353,2024-11-27T20:00:01Z,2024-11-27T22:00:01Z,826.7,346.86
61941,STARLINK-11353,2024-11-27T22:00:01Z,2024-11-28T04:00:01Z,371.0,346.86
61941,STARLINK-11353,2024-11-28T04:00:01Z,2024-11-28T14:00:01Z,187.4,346.86
61941,STARLINK-11353,2024-11-28T14:00:01Z,2024-11-28T20:00:01Z,-167.4,346.86
61941,STARLINK-11353,2024-11-28T22:00:01Z,2024-11-29T04:00:02Z,-101.3,346.86
61941,STARLINK-11353,2024-11-29T04:00:02Z,2024-11-29T12:00:01Z,115.8,346.86
61942,STARLINK-11320,2024-11-26T20:00:02Z,2024-11-26T22:00:01Z,564.5,343.82
61942,STARLINK-11320,2024-11-26T22:00:01Z,2024-11-27T12:00:02Z,3750.1,343.82
61942,STARLINK-11320,2024-11-27T12:00:02Z,2024-11-27T14:00:01Z,492.0,343.82
61942,STARLINK-11320,2024-11-27T14:00:01Z,2024-11-27T20:00:01Z,1671.0,343.82
61942,STARLINK-11320,2024-11-27T20:00:01Z,2024-11-27T22:00:01Z,579.6,343.82
61942,STARLINK-11320,2024-11-27T22:00:01Z,2024-11-28T12:00:01Z,3841.0,343.82
61942,STARLINK-11320,2024-11-28T12:00:01Z,2024-11-28T14:00:01Z,549.2,343.82
61942,STARLINK-11320,2024-11-28T14:00:01Z,2024-11-28T20:00:01Z,2347.0,343.82
61942,STARLINK-11320,2024-11-28T20:00:01Z,2024-11-28T22:00:01Z,571.2,343.82
61942,STARLINK-11320,2024-11-29T04:00:02Z,2024-11-29T22:00:01Z,190.3,343.82
61942,STARLINK-11320,2024-11-29T22:00:01Z,2024-11-30T04:00:01Z,-162.2,343.82
61943,STARLINK-11425,2024-11-26T21:41:21Z,2024-11-27T00:43:07Z,294.8,327.22
61944,STARLINK-11422,2024-11-26T22:00:01Z,2024-11-27T02:13:02Z,-232.2,330.48
61944,STARLINK-11422,2024-11-27T02:13:02Z,2024-11-27T12:49:06Z,-317.2,330.48
61944,STARLINK-11422,2024-11-27T12:49:06Z,2024-11-27T18:52:33Z,126.9,330.48
61944,STARLINK-11422,2024-11-27T18:52:33Z,2024-11-27T21:54:19Z,455.5,330.48
61944,STARLINK-11422,2024-11-27T21:54:19Z,2024-11-28T02:26:59Z,791.0,330.48
61944,STARLINK-11422,2024-11-28T02:26:59Z,2024-11-28T11:32:33Z,2055.8,330.48
61944,STARLINK-11422,2024-11-28T11:32:33Z,2024-11-28T14:34:28Z,1014.7,330.48
61944,STARLINK-11422,2024-11-28T14:34:28Z,2024-11-28T20:00:01Z,2237.7,330.48
61944,STARLINK-11422,2024-11-28T20:00:01Z,2024-11-28T22:00:01Z,584.1,330.48
61944,STARLINK-11422,2024-11-28T22:00:01Z,2024-11-29T12:00:01Z,3715.8,330.48
61944,STARLINK-11422,2024-11-29T12:00:01Z,2024-11-29T20:00:01Z,2205.7,330.48
61944,STARLINK-11422,2024-11-29T20:00:01Z,2024-11-29T22:00:01Z,593.7,330.48
61944,STARLINK-11422,2024-11-29T22:00:01Z,2024-11-30T12:00:01Z,3858.5,330.48
61944,STARLINK-11422,2024-11-30T12:00:01Z,2024-11-30T14:00:01Z,709.3,330.48
61945,STARLINK-11421,2024-11-27T12:48:18Z,2024-11-27T18:51:47Z,200.6,326.98
61945,STARLINK-11421,2024-11-28T11:31:20Z,2024-11-28T13:02:12Z,-102.1,326.98
61945,STARLINK-11421,2024-11-28T13:02:12Z,2024-11-28T20:36:33Z,306.5,326.98
61945,STARLINK-11421,2024-11-28T20:36:33Z,2024-11-28T23:38:20Z,447.5,326.98
61945,STARLINK-11421,2024-11-28T23:38:20Z,2024-11-29T10:14:48Z,1997.9,326.98
61945,STARLINK-11421,2024-11-29T10:14:48Z,2024-11-29T19:20:39Z,2350.7,326.98
61945,STARLINK-11421,2024-11-29T19:20:39Z,2024-11-29T20:51:39Z,381.3,326.98
61945,STARLINK-11421,2024-11-29T20:51:39Z,2024-11-30T04:00:01Z,3217.0,326.98
61945,STARLINK-11421,2024-11-30T04:00:01Z,2024-11-30T14:00:01Z,2681.4,326.98
61946,STARLINK-11410,2024-11-26T12:00:01Z,2024-11-26T22:00:01Z,502.6,327.63
61946,STARLINK-11410,2024-11-26T22:00:01Z,2024-11-27T02:11:18Z,-314.8,327.63
61946,STARLINK-11410,2024-11-27T02:11:18Z,2024-11-27T14:18:15Z,-112.7,327.63
61946,STARLINK-11410,2024-11-27T14:18:15Z,2024-11-27T18:50:50Z,129.6,327.63
61946,STARLINK-11410,2024-11-28T11:30:24Z,2024-11-28T13:01:17Z,327.8,327.63
61946,STARLINK-11410,2024-11-28T13:01:17Z,2024-11-28T19:04:50Z,938.2,327.63
61946,STARLINK-11410,2024-11-28T19:04:50Z,2024-11-28T20:35:46Z,445.4,327.63
61946,STARLINK-11410,2024-11-28T20:35:46Z,2024-11-29T02:39:28Z,1136.5,327.63
61946,STARLINK-11410,2024-11-29T02:39:28Z,2024-11-29T11:45:15Z,1910.2,327.63
61946,STARLINK-11410,2024-11-29T11:45:15Z,2024-11-29T20:00:01Z,434.6,327.63
61946,STARLINK-11410,2024-11-29T22:00:01Z,2024-11-30T04:00:01Z,-240.0,327.63
61947,STARLINK-11390,2024-11-26T12:00:01Z,2024-11-26T22:00:01Z,255.6,327.43
61947,STARLINK-11390,2024-11-26T22:00:01Z,2024-11-27T00:39:21Z,-230.3,327.43
61947,STARLINK-11390,2024-11-27T21:51:30Z,2024-11-28T11:29:19Z,148.9,327.43
61947,STARLINK-11390,2024-11-28T11:29:19Z,2024-11-28T14:31:06Z,528.1,327.43
61947,STARLINK-11390,2024-11-28T14:31:06Z,2024-11-28T19:03:48Z,933.7,327.43
61947,STARLINK-11390,2024-11-28T19:03:48Z,2024-11-28T20:34:43Z,317.3,327.43
61947,STARLINK-11390,2024-11-28T20:34:43Z,2024-11-29T02:38:26Z,1321.0,327.43
61947,STARLINK-11390,2024-11-29T02:38:26Z,2024-11-29T12:00:01Z,1859.1,327.43
61947,STARLINK-11390,2024-11-29T12:00:01Z,2024-11-29T22:00:01Z,268.5,327.43
61947,STARLINK-11390,2024-11-30T12:00:01Z,2024-11-30T14:00:01Z,372.0,327.43
61948,STARLINK-11414,2024-11-26T12:00:01Z,2024-11-26T22:00:01Z,290.0,327.65
61948,STARLINK-11414,2024-11-26T22:00:01Z,2024-11-27T00:38:27Z,-210.5,327.65
61948,STARLINK-11414,2024-11-27T00:38:27Z,2024-11-27T12:45:23Z,-144.6,327.65
61948,STARLINK-11414,2024-11-27T21:50:35Z,2024-11-28T12:59:19Z,694.0,327.65
61948,STARLINK-11414,2024-11-28T12:59:19Z,2024-11-28T14:30:13Z,372.4,327.65
61948,STARLINK-11414,2024-11-28T14:30:13Z,2024-11-28T20:33:52Z,1292.3,327.65
61948,STARLINK-11414,2024-11-28T20:33:52Z,2024-11-28T23:35:43Z,470.0,327.65
61948,STARLINK-11414,2024-11-28T23:35:43Z,2024-11-29T12:00:01Z,2246.9,327.65
61948,STARLINK-11414,2024-11-29T12:00:01Z,2024-11-29T22:00:01Z,222.8,327.65
61948,STARLINK-11414,2024-11-29T22:00:01Z,2024-11-30T04:00:01Z,-216.1,327.65
61948,STARLINK-11414,2024-11-30T04:00:01Z,2024-11-30T12:00:01Z,-206.6,327.65
61948,STARLINK-11414,2024-11-30T12:00:01Z,2024-11-30T14:00:01Z,176.2,327.65
61949,STARLINK-11424,2024-11-26T12:00:01Z,2024-11-26T22:00:01Z,391.8,327.26
61949,STARLINK-11424,2024-11-26T22:00:01Z,2024-11-27T04:00:01Z,-378.1,327.26
61949,STARLINK-11424,2024-11-27T04:00:01Z,2024-11-27T14:00:01Z,114.5,327.26
61949,STARLINK-11424,2024-11-27T20:00:01Z,2024-11-27T22:00:01Z,112.8,327.26
61949,STARLINK-11424,2024-11-28T00:00:01Z,2024-11-28T11:27:10Z,-106.7,327.26
61949,STARLINK-11424,2024-11-28T11:27:10Z,2024-11-28T12:58:05Z,559.3,327.26
61949,STARLINK-11424,2024-11-28T12:58:05Z,2024-11-28T19:01:41Z,996.6,327.26
61949,STARLINK-11424,2024-11-28T19:01:41Z,2024-11-28T22:03:32Z,876.5,327.26
61949,STARLINK-11424,2024-11-28T22:03:32Z,2024-11-29T02:36:21Z,971.5,327.26
61949,STARLINK-11424,2024-11-29T02:36:21Z,2024-11-29T12:00:01Z,1637.7,327.26
61949,STARLINK-11424,2024-11-29T12:00:01Z,2024-11-29T22:00:01Z,225.1,327.26
61949,STARLINK-11424,2024-11-29T22:00:01Z,2024-11-30T04:00:01Z,-207.4,327.26
61949,STARLINK-11424,2024-11-30T04:00:01Z,2024-11-30T14:00:01Z,-145.9,327.26
61950,STARLINK-11423,2024-11-26T22:00:01Z,2024-11-27T04:00:01Z,1075.7,326.58
61950,STARLINK-11423,2024-11-27T04:00:01Z,2024-11-27T14:00:01Z,2022.8,326.58
61950,STARLINK-11423,2024-11-27T14:00:01Z,2024-11-27T20:00:01Z,1225.0,326.58
61950,STARLINK-11423,2024-11-27T20:00:01Z,2024-11-27T22:00:01Z,450.2,326.58
61950,STARLINK-11423,2024-11-27T22:00:01Z,2024-11-28T14:00:01Z,3161.9,326.58
61950,STARLINK-11423,2024-11-28T14:00:01Z,2024-11-28T20:00:01Z,1714.1,326.58
61950,STARLINK-11423,2024-11-29T12:00:01Z,2024-11-29T20:00:01Z,-457.3,326.58
61950,STARLINK-11423,2024-11-29T20:00:01Z,2024-11-29T22:00:01Z,151.6,326.58
61950,STARLINK-11423,2024-11-29T22:00:01Z,2024-11-30T12:00:01Z,111.5,326.58
61950,STARLINK-11423,2024-11-30T12:00:01Z,2024-11-30T14:00:01Z,174.3,326.58
61951,STARLINK-11395,2024-11-26T12:00:01Z,2024-11-26T22:00:01Z,421.5,327.53
61951,STARLINK-11395,2024-11-26T22:00:01Z,2024-11-27T00:35:35Z,-307.4,327.53
61951,STARLINK-11395,2024-11-27T00:35:35Z,2024-11-27T14:13:24Z,-173.1,327.53
61951,STARLINK-11395,2024-11-27T14:13:24Z,2024-11-27T18:46:00Z,207.4,327.53
61951,STARLINK-11395,2024-11-27T21:47:44Z,2024-11-28T11:25:32Z,-311.2,327.53
61951,STARLINK-11395,2024-11-28T11:25:32Z,2024-11-28T12:56:23Z,-153.9,327.53
61951,STARLINK-11395,2024-11-28T12:56:23Z,2024-11-28T18:59:56Z,1111.3,327.53
61951,STARLINK-11395,2024-11-28T18:59:56Z,2024-11-28T22:01:43Z,726.5,327.53
61951,STARLINK-11395,2024-11-28T22:01:43Z,2024-11-29T01:03:33Z,601.4,327.53
61951,STARLINK-11395,2024-11-29T01:03:33Z,2024-11-29T10:09:13Z,1989.1,327.53
61951,STARLINK-11395,2024-11-29T10:09:13Z,2024-11-29T20:00:01Z,1173.4,327.53
61951,STARLINK-11395,2024-11-29T22:00:01Z,2024-11-30T04:00:01Z,-264.3,327.53
61951,STARLINK-11395,2024-11-30T04:00:01Z,2024-11-30T12:00:01Z,-213.7,327.53
61951,STARLINK-11395,2024-11-30T12:00:01Z,2024-11-30T14:00:01Z,182.3,327.53
61952,STARLINK-32572,2024-11-26T12:00:01Z,2024-11-26T22:00:01Z,2937.3,355.58
61952,STARLINK-32572,2024-11-26T22:00:01Z,2024-11-27T04:00:01Z,1763.4,355.58
61952,STARLINK-32572,2024-11-27T04:00:01Z,2024-11-27T14:00:01Z,3183.6,355.58
61952,STARLINK-32572,2024-11-27T14:00:01Z,2024-11-27T22:00:01Z,3032.3,355.58
61952,STARLINK-32572,2024-11-27T22:00:01Z,2024-11-28T04:00:01Z,1354.7,355.58
61952,STARLINK-32572,2024-11-28T04:00:01Z,2024-11-28T12:00:01Z,682.1,355.58
61952,STARLINK-32572,2024-11-28T12:00:01Z,2024-11-28T14:00:01Z,716.3,355.58
61952,STARLINK-32572,2024-11-28T14:00:01Z,2024-11-28T22:00:01Z,2917.1,355.58
61952,STARLINK-32572,2024-11-28T22:00:01Z,2024-11-29T04:00:02Z,1981.6,355.58
61952,STARLINK-32572,2024-11-29T04:00:02Z,2024-11-29T22:00:01Z,6613.0,355.58
61952,STARLINK-32572,2024-11-29T22:00:01Z,2024-11-30T04:00:01Z,2026.2,355.58
61952,STARLINK-32572,2024-11-30T04:00:01Z,2024-11-30T14:00:01Z,3638.4,355.58
61953,STARLINK-32585,2024-11-26T22:00:01Z,2024-11-27T04:00:01Z,1791.1,356.25
61953,STARLINK-32585,2024-11-27T04:00:01Z,2024-11-27T14:00:01Z,3207.4,356.25
61953,STARLINK-32585,2024-11-27T14:00:01Z,2024-11-27T22:00:01Z,3310.8,356.25
61953,STARLINK-32585,2024-11-27T22:00:01Z,2024-11-28T04:00:01Z,759.0,356.25
61953,STARLINK-32585,2024-11-28T04:00:01Z,2024-11-28T12:00:01Z,705.4,356.25
61953,STARLINK-32585,2024-11-28T12:00:01Z,2024-11-28T14:00:01Z,647.8,356.25
61953,STARLINK-32585,2024-11-28T14:00:01Z,2024-11-28T22:00:01Z,2969.7,356.25
61953,STARLINK-32585,2024-11-28T22:00:01Z,2024-11-29T04:00:02Z,1984.5,356.25
61953,STARLINK-32585,2024-11-29T04:00:02Z,2024-11-29T20:00:01Z,5826.1,356.25
61953,STARLINK-32585,2024-11-29T20:00:01Z,2024-11-29T22:00:01Z,773.5,356.25
61953,STARLINK-32585,2024-11-29T22:00:01Z,2024-11-30T12:00:01Z,4989.9,356.25
61953,STARLINK-32585,2024-11-30T12:00:01Z,2024-11-30T14:00:01Z,692.5,356.25
61954,STARLINK-32574,2024-11-26T12:00:01Z,2024-11-26T22:00:01Z,3115.5,355.61
61954,STARLINK-32574,2024-11-26T22:00:01Z,2024-11-27T04:00:01Z,1817.1,355.61
61954,STARLINK-32574,2024-11-27T04:00:01Z,2024-11-27T14:00:01Z,3246.6,355.61
61954,STARLINK-32574,2024-11-27T14:00:01Z,2024-11-27T20:00:01Z,2502.7,355.61
61954,STARLINK-32574,2024-11-27T20:00:01Z,2024-11-27T22:00:01Z,1050.5,355.61
61954,STARLINK-32574,2024-11-27T22:00:01Z,2024-11-28T04:00:01Z,194.3,355.61
61954,STARLINK-32574,2024-11-28T04:00:01Z,2024-11-28T12:00:01Z,737.3,355.61
61954,STARLINK-32574,2024-11-28T12:00:01Z,2024-11-28T14:00:01Z,677.4,355.61
61954,STARLINK-32574,2024-11-28T14:00:01Z,2024-11-28T22:00:01Z,2930.0,355.61
61954,STARLINK-32574,2024-11-28T22:00:01Z,2024-11-29T04:00:02Z,1988.0,355.61
61954,STARLINK-32574,2024-11-29T04:00:02Z,2024-11-29T20:00:01Z,5825.0,355.61
61954,STARLINK-32574,2024-11-29T20:00:01Z,2024-11-29T22:00:01Z,967.4,355.61
61954,STARLINK-32574,2024-11-29T22:00:01Z,2024-11-30T12:00:01Z,4795.0,355.61
61954,STARLINK-32574,2024-11-30T12:00:01Z,2024-11-30T14:00:01Z,686.9,355.61
61955,STARLINK-32583,2024-11-26T22:00:01Z,2024-11-27T04:00:01Z,1831.5,355.93
61955,STARLINK-32583,2024-11-27T04:00:01Z,2024-11-27T14:00:01Z,3266.2,355.93
61955,STARLINK-32583,2024-11-27T14:00:01Z,2024-11-27T20:00:01Z,2653.7,355.93
61955,STARLINK-32583,2024-11-27T20:00:01Z,2024-11-27T22:00:01Z,943.2,355.93
61955,STARLINK-32583,2024-11-28T04:00:01Z,2024-11-28T12:00:01Z,748.3,355.93
61955,STARLINK-32583,2024-11-28T12:00:01Z,2024-11-28T14:00:01Z,648.5,355.93
61955,STARLINK-32583,2024-11-28T14:00:01Z,2024-11-28T22:00:01Z,2972.2,355.93
61955,STARLINK-32583,2024-11-28T22:00:01Z,2024-11-29T04:00:02Z,1981.8,355.93
61955,STARLINK-32583,2024-11-29T04:00:02Z,2024-11-29T20:00:01Z,5825.9,355.93
61955,STARLINK-32583,2024-11-29T20:00:01Z,2024-11-29T22:00:01Z,765.2,355.93
61955,STARLINK-32583,2024-11-29T22:00:01Z,2024-11-30T12:00:01Z,4998.2,355.93
61955,STARLINK-32583,2024-11-30T12:00:01Z,2024-11-30T14:00:01Z,694.4,355.93
61956,STARLINK-32273,2024-11-26T12:00:01Z,2024-11-26T22:00:01Z,3227.1,355.61
61956,STARLINK-32273,2024-11-26T22:00:01Z,2024-11-27T04:00:01Z,1877.6,355.61
61956,STARLINK-32273,2024-11-27T04:00:01Z,2024-11-27T14:00:01Z,3315.2,355.61
61956,STARLINK-32273,2024-11-27T14:00:01Z,2024-11-27T20:00:01Z,2861.6,355.61
61956,STARLINK-32273,2024-11-27T20:00:01Z,2024-11-27T22:00:01Z,799.7,355.61
61956,STARLINK-32273,2024-11-27T22:00:01Z,2024-11-28T04:00:01Z,-422.7,355.61
61956,STARLINK-32273,2024-11-28T04:00:01Z,2024-11-28T12:00:01Z,806.1,355.61
61956,STARLINK-32273,2024-11-28T12:00:01Z,2024-11-28T14:00:01Z,579.8,355.61
61956,STARLINK-32273,2024-11-28T14:00:01Z,2024-11-28T22:00:01Z,2997.0,355.61
61956,STARLINK-32273,2024-11-28T22:00:01Z,2024-11-29T04:00:02Z,2014.6,355.61
61956,STARLINK-32273,2024-11-29T04:00:02Z,2024-11-29T20:00:01Z,5830.4,355.61
61956,STARLINK-32273,2024-11-29T20:00:01Z,2024-11-29T22:00:01Z,771.4,355.61
61956,STARLINK-32273,2024-11-29T22:00:01Z,2024-11-30T12:00:01Z,4977.4,355.61
61956,STARLINK-32273,2024-11-30T12:00:01Z,2024-11-30T14:00:01Z,700.0,355.61
61957,STARLINK-32359,2024-11-26T12:00:01Z,2024-11-26T22:00:01Z,3314.3,355.65
61957,STARLINK-32359,2024-11-26T22:00:01Z,2024-11-27T04:00:01Z,1887.4,355.65
61957,STARLINK-32359,2024-11-27T04:00:01Z,2024-11-27T14:00:01Z,3364.8,355.65
61957,STARLINK-32359,2024-11-27T14:00:01Z,2024-11-27T20:00:01Z,3023.5,355.65
61957,STARLINK-32359,2024-11-27T20:00:01Z,2024-11-27T22:00:01Z,754.2,355.65
61957,STARLINK-32359,2024-11-27T22:00:01Z,2024-11-28T04:00:01Z,-761.7,355.65
61957,STARLINK-32359,2024-11-28T04:00:01Z,2024-11-28T12:00:01Z,631.5,355.65
61957,STARLINK-32359,2024-11-28T12:00:01Z,2024-11-28T14:00:01Z,662.7,355.65
61957,STARLINK-32359,2024-11-28T14:00:01Z,2024-11-28T22:00:01Z,3022.3,355.65
61957,STARLINK-32359,2024-11-28T22:00:01Z,2024-11-29T04:00:02Z,1995.9,355.65
61957,STARLINK-32359,2024-11-29T04:00:02Z,2024-11-29T20:00:01Z,5829.7,355.65
61957,STARLINK-32359,2024-11-29T20:00:01Z,2024-11-29T22:00:01Z,770.4,355.65
61957,STARLINK-32359,2024-11-29T22:00:01Z,2024-11-30T12:00:01Z,4984.3,355.65
61957,STARLINK-32359,2024-11-30T12:00:01Z,2024-11-30T14:00:01Z,698.5,355.65
61958,STARLINK-32566,2024-11-26T12:00:01Z,2024-11-26T22:00:01Z,3350.7,355.66
61958,STARLINK-32566,2024-11-26T22:00:01Z,2024-11-27T04:00:01Z,1891.9,355.66
61958,STARLINK-32566,2024-11-27T04:00:01Z,2024-11-27T14:00:01Z,3465.3,355.66
61958,STARLINK-32566,2024-11-27T14:00:01Z,2024-11-27T20:00:01Z,3019.0,355.66
61958,STARLINK-32566,2024-11-27T20:00:01Z,2024-11-27T22:00:01Z,544.4,355.66
61958,STARLINK-32566,2024-11-27T22:00:01Z,2024-11-28T04:00:01Z,-926.6,355.66
61958,STARLINK-32566,2024-11-28T04:00:01Z,2024-11-28T12:00:01Z,847.0,355.66
61958,STARLINK-32566,2024-11-28T12:00:01Z,2024-11-28T14:00:01Z,616.9,355.66
61958,STARLINK-32566,2024-11-28T14:00:01Z,2024-11-28T22:00:01Z,2992.3,355.66
61958,STARLINK-32566,2024-11-28T22:00:01Z,2024-11-29T04:00:02Z,2011.7,355.66
61958,STARLINK-32566,2024-11-29T04:00:02Z,2024-11-29T20:00:01Z,5822.3,355.66
61958,STARLINK-32566,2024-11-29T20:00:01Z,2024-11-29T22:00:01Z,774.1,355.66
61958,STARLINK-32566,2024-11-29T22:00:01Z,2024-11-30T12:00:01Z,4985.6,355.66
61958,STARLINK-32566,2024-11-30T12:00:01Z,2024-11-30T14:00:01Z,688.3,355.66
61959,STARLINK-32499,2024-11-26T22:00:01Z,2024-11-27T04:00:01Z,1461.3,351.24
61959,STARLINK-32499,2024-11-27T04:00:01Z,2024-11-27T14:00:01Z,2509.6,351.24
61959,STARLINK-32499,2024-11-27T14:00:01Z,2024-11-27T22:00:01Z,2177.4,351.24
61959,STARLINK-32499,2024-11-27T22:00:01Z,2024-11-28T04:00:01Z,1554.7,351.24
61959,STARLINK-32499,2024-11-28T04:00:01Z,2024-11-28T14:00:01Z,2600.4,351.24
61959,STARLINK-32499,2024-11-28T14:00:01Z,2024-11-28T20:00:01Z,2111.7,351.24
61959,STARLINK-32499,2024-11-28T20:00:01Z,2024-11-28T22:00:01Z,802.6,351.24
61959,STARLINK-32499,2024-11-28T22:00:01Z,2024-11-29T04:00:02Z,654.8,351.24
61959,STARLINK-32499,2024-11-29T04:00:02Z,2024-11-29T12:00:01Z,-330.0,351.24
61959,STARLINK-32499,2024-11-29T22:00:01Z,2024-11-30T04:00:01Z,309.9,351.24
61959,STARLINK-32499,2024-11-30T04:00:01Z,2024-11-30T12:00:01Z,-146.1,351.24
61959,STARLINK-32499,2024-11-30T12:00:01Z,2024-11-30T14:00:01Z,154.4,351.24
61960,STARLINK-32372,2024-11-26T22:00:01Z,2024-11-27T04:00:01Z,1483.3,349.92
61960,STARLINK-32372,2024-11-27T04:00:01Z,2024-11-27T14:00:01Z,2523.1,349.92
61960,STARLINK-32372,2024-11-27T14:00:01Z,2024-11-27T22:00:01Z,2215.1,349.92
61960,STARLINK-32372,2024-11-27T22:00:01Z,2024-11-28T04:00:01Z,1549.7,349.92
61960,STARLINK-32372,2024-11-28T04:00:01Z,2024-11-28T14:00:01Z,2632.0,349.92
61960,STARLINK-32372,2024-11-28T14:00:01Z,2024-11-28T20:00:01Z,2186.3,349.92
61960,STARLINK-32372,2024-11-28T20:00:01Z,2024-11-28T22:00:01Z,763.1,349.92
61960,STARLINK-32372,2024-11-28T22:00:01Z,2024-11-29T04:00:02Z,326.0,349.92
61960,STARLINK-32372,2024-11-29T12:00:01Z,2024-11-29T22:00:01Z,183.1,349.92
61961,STARLINK-32452,2024-11-26T22:00:01Z,2024-11-27T04:00:01Z,1475.9,351.62
61961,STARLINK-32452,2024-11-27T04:00:01Z,2024-11-27T14:00:01Z,2534.6,351.62
61961,STARLINK-32452,2024-11-27T14:00:01Z,2024-11-27T20:00:01Z,1732.9,351.62
61961,STARLINK-32452,2024-11-27T20:00:01Z,2024-11-27T22:00:01Z,512.9,351.62
61961,STARLINK-32452,2024-11-27T22:00:01Z,2024-11-28T12:00:01Z,3741.1,351.62
61961,STARLINK-32452,2024-11-28T12:00:01Z,2024-11-28T14:00:01Z,494.3,351.62
61961,STARLINK-32452,2024-11-28T14:00:01Z,2024-11-28T20:00:01Z,2299.1,351.62
61961,STARLINK-32452,2024-11-28T20:00:01Z,2024-11-28T22:00:01Z,597.9,351.62
61961,STARLINK-32452,2024-11-28T22:00:01Z,2024-11-29T04:00:02Z,229.2,351.62
61961,STARLINK-32452,2024-11-29T04:00:02Z,2024-11-29T12:00:01Z,369.0,351.62
61961,STARLINK-32452,2024-11-29T12:00:01Z,2024-11-29T20:00:01Z,-226.9,351.62
61961,STARLINK-32452,2024-11-29T20:00:01Z,2024-11-29T22:00:01Z,-212.2,351.62
61961,STARLINK-32452,2024-11-30T04:00:01Z,2024-11-30T12:00:01Z,175.7,351.62
61962,STARLINK-32458,2024-11-26T12:00:01Z,2024-11-26T22:00:01Z,2670.2,349.3
61962,STARLINK-32458,2024-11-26T22:00:01Z,2024-11-27T04:00:01Z,1490.2,349.3
61962,STARLINK-32458,2024-11-27T04:00:01Z,2024-11-27T14:00:01Z,2581.8,349.3
61962,STARLINK-32458,2024-11-27T14:00:01Z,2024-11-27T20:00:01Z,1755.8,349.3
61962,STARLINK-32458,2024-11-27T20:00:01Z,2024-11-27T22:00:01Z,527.2,349.3
61962,STARLINK-32458,2024-11-27T22:00:01Z,2024-11-28T12:00:01Z,3769.6,349.3
61962,STARLINK-32458,2024-11-28T12:00:01Z,2024-11-28T14:00:01Z,525.5,349.3
61962,STARLINK-32458,2024-11-28T14:00:01Z,2024-11-28T20:00:01Z,2398.6,349.3
61962,STARLINK-32458,2024-11-28T20:00:01Z,2024-11-28T22:00:01Z,385.5,349.3
61962,STARLINK-32458,2024-11-29T22:00:01Z,2024-11-30T12:00:01Z,181.7,349.3
61963,STARLINK-32487,2024-11-26T12:00:01Z,2024-11-26T22:00:01Z,2669.6,349.28
61963,STARLINK-32487,2024-11-26T22:00:01Z,2024-11-27T04:00:01Z,1519.6,349.28
61963,STARLINK-32487,2024-11-27T04:00:01Z,2024-11-27T14:00:01Z,2640.2,349.28
61963,STARLINK-32487,2024-11-27T14:00:01Z,2024-11-27T20:00:01Z,1767.0,349.28
61963,STARLINK-32487,2024-11-27T20:00:01Z,2024-11-27T22:00:01Z,528.5,349.28
61963,STARLINK-32487,2024-11-27T22:00:01Z,2024-11-28T12:00:01Z,3809.7,349.28
61963,STARLINK-32487,2024-11-28T12:00:01Z,2024-11-28T14:00:01Z,589.3,349.28
61963,STARLINK-32487,2024-11-28T14:00:01Z,2024-11-28T20:00:01Z,2398.9,349.28
61963,STARLINK-32487,2024-11-28T20:00:01Z,2024-11-28T22:00:01Z,213.4,349.28
61963,STARLINK-32487,2024-11-28T22:00:01Z,2024-11-29T12:00:01Z,-176.9,349.28
61963,STARLINK-32487,2024-11-29T12:00:01Z,2024-11-29T22:00:01Z,251.1,349.28
61963,STARLINK-32487,2024-11-29T22:00:01Z,2024-11-30T12:00:01Z,-179.9,349.28
61963,STARLINK-32487,2024-11-30T12:00:01Z,2024-11-30T14:00:01Z,155.8,349.28
61964,STARLINK-32513,2024-11-26T12:00:01Z,2024-11-26T22:00:01Z,2699.0,349.58
61964,STARLINK-32513,2024-11-26T22:00:01Z,2024-11-27T04:00:01Z,1504.8,349.58
61964,STARLINK-32513,2024-11-27T04:00:01Z,2024-11-27T14:00:01Z,2667.8,349.58
61964,STARLINK-32513,2024-11-27T14:00:01Z,2024-11-27T20:00:01Z,1776.3,349.58
61964,STARLINK-32513,2024-11-27T20:00:01Z,2024-11-27T22:00:01Z,528.5,349.58
61964,STARLINK-32513,2024-11-27T22:00:01Z,2024-11-28T12:00:01Z,3807.8,349.58
61964,STARLINK-32513,2024-11-28T12:00:01Z,2024-11-28T14:00:01Z,569.9,349.58
61964,STARLINK-32513,2024-11-28T14:00:01Z,2024-11-28T20:00:01Z,2634.2,349.58
61964,STARLINK-32513,2024-11-28T20:00:01Z,2024-11-28T22:00:01Z,330.1,349.58
61964,STARLINK-32513,2024-11-28T22:00:01Z,2024-11-29T04:00:02Z,-616.4,349.58
61964,STARLINK-32513,2024-11-29T04:00:02Z,2024-11-29T12:00:01Z,150.9,349.58
61964,STARLINK-32513,2024-11-29T22:00:01Z,2024-11-30T12:00:01Z,-210.1,349.58
61964,STARLINK-32513,2024-11-30T12:00:01Z,2024-11-30T14:00:01Z,286.6,349.58
61965,STARLINK-32514,2024-11-26T12:00:01Z,2024-11-26T22:00:01Z,2713.3,350.0
61965,STARLINK-32514,2024-11-26T22:00:01Z,2024-11-27T04:00:01Z,1521.7,350.0
61965,STARLINK-32514,2024-11-27T04:00:01Z,2024-11-27T14:00:01Z,2730.2,350.0
61965,STARLINK-32514,2024-11-27T14:00:01Z,2024-11-27T22:00:01Z,2334.2,350.0
61965,STARLINK-32514,2024-11-27T22:00:01Z,2024-11-28T04:00:01Z,1612.8,350.0
61965,STARLINK-32514,2024-11-28T04:00:01Z,2024-11-28T14:00:01Z,2961.7,350.0
61965,STARLINK-32514,2024-11-28T14:00:01Z,2024-11-28T20:00:01Z,2360.2,350.0
61965,STARLINK-32514,2024-11-28T22:00:01Z,2024-11-29T12:00:01Z,-281.4,350.0
61965,STARLINK-32514,2024-11-30T12:00:01Z,2024-11-30T14:00:01Z,249.3,350.0
61966,STARLINK-32498,2024-11-26T12:00:01Z,2024-11-26T22:00:01Z,2703.7,352.0
61966,STARLINK-32498,2024-11-26T22:00:01Z,2024-11-27T04:00:01Z,1580.2,352.0
61966,STARLINK-32498,2024-11-27T04:00:01Z,2024-11-27T14:00:01Z,2758.1,352.0
61966,STARLINK-32498,2024-11-27T14:00:01Z,2024-11-27T22:00:01Z,2364.7,352.0
61966,STARLINK-32498,2024-11-27T22:00:01Z,2024-11-28T04:00:01Z,1607.6,352.0
61966,STARLINK-32498,2024-11-28T04:00:01Z,2024-11-28T14:00:01Z,3090.3,352.0
61966,STARLINK-32498,2024-11-28T14:00:01Z,2024-11-28T20:00:01Z,2320.0,352.0
61966,STARLINK-32498,2024-11-28T22:00:01Z,2024-11-29T04:00:02Z,-601.8,352.0
61966,STARLINK-32498,2024-11-29T04:00:02Z,2024-11-29T20:00:01Z,334.9,352.0
61966,STARLINK-32498,2024-11-29T20:00:01Z,2024-11-29T22:00:01Z,-254.8,352.0
61966,STARLINK-32498,2024-11-30T04:00:01Z,2024-11-30T12:00:01Z,116.4,352.0
61967,STARLINK-32518,2024-11-26T12:00:01Z,2024-11-26T22:00:01Z,654.4,298.61
61967,STARLINK-32518,2024-11-26T22:00:01Z,2024-11-27T04:00:01Z,304.6,298.61
61967,STARLINK-32518,2024-11-27T04:00:01Z,2024-11-27T12:00:02Z,487.1,298.61
61967,STARLINK-32518,2024-11-27T14:00:01Z,2024-11-27T20:00:01Z,500.1,298.61
61967,STARLINK-32518,2024-11-27T22:00:01Z,2024-11-28T04:00:01Z,332.8,298.61
61967,STARLINK-32518,2024-11-28T04:00:01Z,2024-11-28T12:00:01Z,481.5,298.61
61967,STARLINK-32518,2024-11-28T14:00:01Z,2024-11-28T20:00:01Z,482.9,298.61
61967,STARLINK-32518,2024-11-28T22:00:01Z,2024-11-29T04:00:02Z,341.4,298.61
61967,STARLINK-32518,2024-11-29T04:00:02Z,2024-11-29T12:00:01Z,465.3,298.61
61967,STARLINK-32518,2024-11-29T12:00:01Z,2024-11-29T20:00:01Z,555.9,298.61
61967,STARLINK-32518,2024-11-29T22:00:01Z,2024-11-30T04:00:01Z,348.9,298.61
61967,STARLINK-32518,2024-11-30T04:00:01Z,2024-11-30T12:00:01Z,441.8,298.61
61968,STARLINK-32471,2024-11-26T22:00:01Z,2024-11-27T04:00:01Z,1637.5,352.05
61968,STARLINK-32471,2024-11-27T04:00:01Z,2024-11-27T14:00:01Z,2778.1,352.05
61968,STARLINK-32471,2024-11-27T14:00:01Z,2024-11-27T22:00:01Z,2394.9,352.05
61968,STARLINK-32471,2024-11-27T22:00:01Z,2024-11-28T04:00:01Z,1659.3,352.05
61968,STARLINK-32471,2024-11-28T04:00:01Z,2024-11-28T12:00:01Z,2626.6,352.05
61968,STARLINK-32471,2024-11-28T12:00:01Z,2024-11-28T14:00:01Z,806.2,352.05
61968,STARLINK-32471,2024-11-28T14:00:01Z,2024-11-28T20:00:01Z,1480.6,352.05
61968,STARLINK-32471,2024-11-28T20:00:01Z,2024-11-28T22:00:01Z,-160.1,352.05
61968,STARLINK-32471,2024-11-29T04:00:02Z,2024-11-29T12:00:01Z,153.2,352.05
61968,STARLINK-32471,2024-11-29T12:00:01Z,2024-11-29T20:00:01Z,-149.6,352.05
61968,STARLINK-32471,2024-11-29T20:00:01Z,2024-11-29T22:00:01Z,257.4,352.05
61968,STARLINK-32471,2024-11-29T22:00:01Z,2024-11-30T04:00:01Z,-340.3,352.05
61968,STARLINK-32471,2024-11-30T04:00:01Z,2024-11-30T14:00:01Z,166.4,352.05
61969,STARLINK-32450,2024-11-26T22:00:01Z,2024-11-27T04:00:01Z,1636.9,351.88
61969,STARLINK-32450,2024-11-27T04:00:01Z,2024-11-27T14:00:01Z,2814.0,351.88
61969,STARLINK-32450,2024-11-27T14:00:01Z,2024-11-27T22:00:01Z,2381.0,351.88
61969,STARLINK-32450,2024-11-27T22:00:01Z,2024-11-28T04:00:01Z,1707.9,351.88
61969,STARLINK-32450,2024-11-28T04:00:01Z,2024-11-28T12:00:01Z,2701.5,351.88
61969,STARLINK-32450,2024-11-28T12:00:01Z,2024-11-28T14:00:01Z,783.5,351.88
61969,STARLINK-32450,2024-11-28T14:00:01Z,2024-11-28T20:00:01Z,1279.8,351.88
61969,STARLINK-32450,2024-11-28T22:00:01Z,2024-11-29T04:00:02Z,-107.9,351.88
61969,STARLINK-32450,2024-11-29T04:00:02Z,2024-11-29T12:00:01Z,-139.9,351.88
61969,STARLINK-32450,2024-11-29T12:00:01Z,2024-11-29T22:00:01Z,165.3,351.88
61969,STARLINK-32450,2024-11-29T22:00:01Z,2024-11-30T04:00:01Z,251.7,351.88
61969,STARLINK-32450,2024-11-30T04:00:01Z,2024-11-30T12:00:01Z,-527.7,351.88
61969,STARLINK-32450,2024-11-30T12:00:01Z,2024-11-30T14:00:01Z,293.1,351.88
61970,STARLINK-32613,2024-11-26T22:00:01Z,2024-11-27T04:00:01Z,1690.9,351.37
61970,STARLINK-32613,2024-11-27T04:00:01Z,2024-11-27T14:00:01Z,2829.5,351.37
61970,STARLINK-32613,2024-11-27T14:00:01Z,2024-11-27T22:00:01Z,2395.3,351.37
61970,STARLINK-32613,2024-11-27T22:00:01Z,2024-11-28T04:00:01Z,1736.8,351.37
61970,STARLINK-32613,2024-11-28T04:00:01Z,2024-11-28T12:00:01Z,2868.6,351.37
61970,STARLINK-32613,2024-11-28T12:00:01Z,2024-11-28T14:00:01Z,758.7,351.37
61970,STARLINK-32613,2024-11-28T14:00:01Z,2024-11-28T20:00:01Z,826.7,351.37
61971,STARLINK-32610,2024-11-26T22:00:01Z,2024-11-27T04:00:01Z,1699.2,351.13
61971,STARLINK-32610,2024-11-27T04:00:01Z,2024-11-27T14:00:01Z,2850.3,351.13
61971,STARLINK-32610,2024-11-27T14:00:01Z,2024-11-27T20:00:01Z,1883.8,351.13
61971,STARLINK-32610,2024-11-27T20:00:01Z,2024-11-27T22:00:01Z,578.9,351.13
61971,STARLINK-32610,2024-11-27T22:00:01Z,2024-11-28T04:00:01Z,1757.4,351.13
61971,STARLINK-32610,2024-11-28T04:00:01Z,2024-11-28T12:00:01Z,3082.2,351.13
61971,STARLINK-32610,2024-11-28T12:00:01Z,2024-11-28T14:00:01Z,728.3,351.13
61971,STARLINK-32610,2024-11-28T14:00:01Z,2024-11-28T20:00:01Z,299.2,351.13
61972,STARLINK-32612,2024-11-26T22:00:01Z,2024-11-27T04:00:01Z,1705.0,351.95
61972,STARLINK-32612,2024-11-27T04:00:01Z,2024-11-27T14:00:01Z,2857.5,351.95
61972,STARLINK-32612,2024-11-27T14:00:01Z,2024-11-27T20:00:01Z,1911.5,351.95
61972,STARLINK-32612,2024-11-27T20:00:01Z,2024-11-27T22:00:01Z,577.1,351.95
61972,STARLINK-32612,2024-11-27T22:00:01Z,2024-11-28T04:00:01Z,1777.2,351.95
61972,STARLINK-32612,2024-11-28T04:00:01Z,2024-11-28T12:00:01Z,3115.4,351.95
61972,STARLINK-32612,2024-11-28T12:00:01Z,2024-11-28T14:00:01Z,570.6,351.95
61972,STARLINK-32612,2024-11-28T14:00:01Z,2024-11-28T20:00:01Z,463.1,351.95
61972,STARLINK-32612,2024-11-30T04:00:01Z,2024-11-30T12:00:01Z,267.5,351.95
61972,STARLINK-32612,2024-11-30T12:00:01Z,2024-11-30T14:00:01Z,-436.4,351.95
61973,STARLINK-32601,2024-11-26T12:00:01Z,2024-11-26T22:00:01Z,2966.4,351.86
61973,STARLINK-32601,2024-11-26T22:00:01Z,2024-11-27T04:00:01Z,1721.1,351.86
61973,STARLINK-32601,2024-11-27T04:00:01Z,2024-11-27T14:00:01Z,2890.5,351.86
61973,STARLINK-32601,2024-11-27T14:00:01Z,2024-11-27T20:00:01Z,1968.7,351.86
61973,STARLINK-32601,2024-11-27T20:00:01Z,2024-11-27T22:00:01Z,591.6,351.86
61973,STARLINK-32601,2024-11-27T22:00:01Z,2024-11-28T12:00:01Z,5038.4,351.86
61973,STARLINK-32601,2024-11-28T12:00:01Z,2024-11-28T14:00:01Z,442.7,351.86
61973,STARLINK-32601,2024-11-28T22:00:01Z,2024-11-29T12:00:01Z,-182.8,351.86
61973,STARLINK-32601,2024-11-29T12:00:01Z,2024-11-29T22:00:01Z,184.5,351.86
61973,STARLINK-32601,2024-11-29T22:00:01Z,2024-11-30T04:00:01Z,-153.2,351.86
61973,STARLINK-32601,2024-11-30T04:00:01Z,2024-11-30T14:00:01Z,422.5,351.86
61974,STARLINK-32593,2024-11-26T12:00:01Z,2024-11-26T20:00:02Z,2408.4,351.98
61974,STARLINK-32593,2024-11-26T20:00:02Z,2024-11-26T22:00:01Z,577.7,351.98
61974,STARLINK-32593,2024-11-26T22:00:01Z,2024-11-27T12:00:02Z,4111.3,351.98
61974,STARLINK-32593,2024-11-27T12:00:02Z,2024-11-27T14:00:01Z,545.8,351.98
61974,STARLINK-32593,2024-11-27T14:00:01Z,2024-11-27T22:00:01Z,2578.9,351.98
61974,STARLINK-32593,2024-11-27T22:00:01Z,2024-11-28T04:00:01Z,1802.7,351.98
61974,STARLINK-32593,2024-11-28T04:00:01Z,2024-11-28T12:00:01Z,3371.8,351.98
61974,STARLINK-32593,2024-11-28T12:00:01Z,2024-11-28T14:00:01Z,449.0,351.98
61974,STARLINK-32593,2024-11-28T14:00:01Z,2024-11-28T20:00:01Z,-187.5,351.98
61974,STARLINK-32593,2024-11-28T20:00:01Z,2024-11-28T22:00:01Z,-172.0,351.98
61974,STARLINK-32593,2024-11-29T04:00:02Z,2024-11-29T12:00:01Z,140.0,351.98
61974,STARLINK-32593,2024-11-29T20:00:01Z,2024-11-29T22:00:01Z,101.2,351.98
61975,STARLINK-32586,2024-11-26T12:00:01Z,2024-11-26T22:00:01Z,3033.1,352.02
61975,STARLINK-32586,2024-11-26T22:00:01Z,2024-11-27T04:00:01Z,1713.0,352.02
61975,STARLINK-32586,2024-11-27T04:00:01Z,2024-11-27T14:00:01Z,2969.3,352.02
61975,STARLINK-32586,2024-11-27T14:00:01Z,2024-11-27T20:00:01Z,2004.5,352.02
61975,STARLINK-32586,2024-11-27T20:00:01Z,2024-11-27T22:00:01Z,597.5,352.02
61975,STARLINK-32586,2024-11-27T22:00:01Z,2024-11-28T12:00:01Z,5132.5,352.02
61975,STARLINK-32586,2024-11-28T12:00:01Z,2024-11-28T14:00:01Z,160.4,352.02
61975,STARLINK-32586,2024-11-28T22:00:01Z,2024-11-29T12:00:01Z,-151.4,352.02
61975,STARLINK-32586,2024-11-29T12:00:01Z,2024-11-29T22:00:01Z,-116.1,352.02
61975,STARLINK-32586,2024-11-30T12:00:01Z,2024-11-30T14:00:01Z,105.1,352.02
61976,STARLINK-32611,2024-11-26T22:00:01Z,2024-11-27T04:00:01Z,1722.7,352.07
61976,STARLINK-32611,2024-11-27T04:00:01Z,2024-11-27T14:00:01Z,3050.4,352.07
61976,STARLINK-32611,2024-11-27T14:00:01Z,2024-11-27T20:00:01Z,2016.5,352.07
61976,STARLINK-32611,2024-11-27T20:00:01Z,2024-11-27T22:00:01Z,625.2,352.07
61976,STARLINK-32611,2024-11-27T22:00:01Z,2024-11-28T12:00:01Z,4976.2,352.07
61976,STARLINK-32611,2024-11-28T14:00:01Z,2024-11-28T20:00:01Z,157.3,352.07
61976,STARLINK-32611,2024-11-29T20:00:01Z,2024-11-29T22:00:01Z,-101.0,352.07
61976,STARLINK-32611,2024-11-29T22:00:01Z,2024-11-30T14:00:01Z,133.0,352.07
61977,STARLINK-32607,2024-11-26T22:00:01Z,2024-11-27T04:00:01Z,1766.8,352.07
61977,STARLINK-32607,2024-11-27T04:00:01Z,2024-11-27T14:00:01Z,3091.9,352.07
61977,STARLINK-32607,2024-11-27T14:00:01Z,2024-11-27T20:00:01Z,2020.3,352.07
61977,STARLINK-32607,2024-11-27T20:00:01Z,2024-11-27T22:00:01Z,599.5,352.07
61977,STARLINK-32607,2024-11-27T22:00:01Z,2024-11-28T12:00:01Z,4903.1,352.07
61977,STARLINK-32607,2024-11-29T04:00:02Z,2024-11-29T12:00:01Z,-115.7,352.07
61977,STARLINK-32607,2024-11-29T22:00:01Z,2024-11-30T04:00:01Z,253.4,352.07
61977,STARLINK-32607,2024-11-30T04:00:01Z,2024-11-30T14:00:01Z,-124.5,352.07
61978,STARLINK-32606,2024-11-26T22:00:01Z,2024-11-27T12:00:02Z,4454.3,352.11
61978,STARLINK-32606,2024-11-27T12:00:02Z,2024-11-27T14:00:01Z,604.7,352.11
61978,STARLINK-32606,2024-11-27T14:00:01Z,2024-11-27T22:00:01Z,2473.3,352.11
61978,STARLINK-32606,2024-11-27T22:00:01Z,2024-11-28T12:00:01Z,4565.3,352.11
61978,STARLINK-32606,2024-11-28T12:00:01Z,2024-11-28T14:00:01Z,-186.1,352.11
61978,STARLINK-32606,2024-11-28T14:00:01Z,2024-11-28T20:00:01Z,190.6,352.11
61978,STARLINK-32606,2024-11-28T22:00:01Z,2024-11-29T12:00:01Z,-185.6,352.11
61978,STARLINK-32606,2024-11-29T12:00:01Z,2024-11-29T22:00:01Z,-210.2,352.11
61978,STARLINK-32606,2024-11-29T22:00:01Z,2024-11-30T04:00:01Z,408.7,352.11
61978,STARLINK-32606,2024-11-30T04:00:01Z,2024-11-30T14:00:01Z,-219.5,352.11
61979,STARLINK-32578,2024-11-26T12:00:01Z,2024-11-26T20:00:02Z,2473.3,352.09
61979,STARLINK-32578,2024-11-26T20:00:02Z,2024-11-26T22:00:01Z,596.9,352.09
61979,STARLINK-32578,2024-11-26T22:00:01Z,2024-11-27T04:00:01Z,2176.6,352.09
61979,STARLINK-32578,2024-11-27T04:00:01Z,2024-11-27T14:00:01Z,3250.6,352.09
61979,STARLINK-32578,2024-11-27T14:00:01Z,2024-11-27T22:00:01Z,2494.0,352.09
61979,STARLINK-32578,2024-11-27T22:00:01Z,2024-11-28T04:00:01Z,2015.0,352.09
61979,STARLINK-32578,2024-11-28T04:00:01Z,2024-11-28T12:00:01Z,2216.2,352.09
61979,STARLINK-32578,2024-11-28T12:00:01Z,2024-11-28T14:00:01Z,-163.7,352.09
61979,STARLINK-32578,2024-11-28T14:00:01Z,2024-11-28T20:00:01Z,204.2,352.09
61979,STARLINK-32578,2024-11-29T20:00:01Z,2024-11-29T22:00:01Z,-114.6,352.09
61980,STARLINK-32517,2024-11-26T12:00:01Z,2024-11-26T22:00:01Z,3099.9,352.07
61980,STARLINK-32517,2024-11-26T22:00:01Z,2024-11-27T04:00:01Z,1869.9,352.07
61980,STARLINK-32517,2024-11-27T04:00:01Z,2024-11-27T14:00:01Z,3173.6,352.07
61980,STARLINK-32517,2024-11-27T14:00:01Z,2024-11-27T20:00:01Z,2051.6,352.07
61980,STARLINK-32517,2024-11-27T20:00:01Z,2024-11-27T22:00:01Z,623.9,352.07
61980,STARLINK-32517,2024-11-27T22:00:01Z,2024-11-28T12:00:01Z,4392.6,352.07
61980,STARLINK-32517,2024-11-28T12:00:01Z,2024-11-28T14:00:01Z,-131.0,352.07
61980,STARLINK-32517,2024-11-28T14:00:01Z,2024-11-28T20:00:01Z,197.4,352.07
61980,STARLINK-32517,2024-11-29T04:00:02Z,2024-11-29T12:00:01Z,-217.1,352.07
61980,STARLINK-32517,2024-11-29T12:00:01Z,2024-11-29T22:00:01Z,101.8,352.07
61981,STARLINK-32522,2024-11-26T12:00:01Z,2024-11-26T20:00:02Z,2514.9,352.01
61981,STARLINK-32522,2024-11-26T20:00:02Z,2024-11-26T22:00:01Z,649.3,352.01
61981,STARLINK-32522,2024-11-26T22:00:01Z,2024-11-27T04:00:01Z,1871.3,352.01
61981,STARLINK-32522,2024-11-27T04:00:01Z,2024-11-27T14:00:01Z,3200.8,352.01
61981,STARLINK-32522,2024-11-27T14:00:01Z,2024-11-27T20:00:01Z,2060.9,352.01
61981,STARLINK-32522,2024-11-27T20:00:01Z,2024-11-27T22:00:01Z,642.3,352.01
61981,STARLINK-32522,2024-11-27T22:00:01Z,2024-11-28T04:00:01Z,2521.0,352.01
61981,STARLINK-32522,2024-11-28T04:00:01Z,2024-11-28T12:00:01Z,1586.9,352.01
61981,STARLINK-32522,2024-11-28T12:00:01Z,2024-11-28T14:00:01Z,-125.0,352.01
61981,STARLINK-32522,2024-11-28T14:00:01Z,2024-11-28T20:00:01Z,378.0,352.01
61981,STARLINK-32522,2024-11-28T20:00:01Z,2024-11-28T22:00:01Z,-100.7,352.01
61981,STARLINK-32522,2024-11-28T22:00:01Z,2024-11-29T04:00:02Z,-249.6,352.01
61981,STARLINK-32522,2024-11-29T04:00:02Z,2024-11-29T12:00:01Z,200.0,352.01
61981,STARLINK-32522,2024-11-29T12:00:01Z,2024-11-29T22:00:01Z,-164.0,352.01
61981,STARLINK-32522,2024-11-29T22:00:01Z,2024-11-30T04:00:01Z,283.8,352.01
61981,STARLINK-32522,2024-11-30T04:00:01Z,2024-11-30T12:00:01Z,-164.0,352.01
61982,STARLINK-32560,2024-11-26T12:00:01Z,2024-11-26T20:00:02Z,2554.1,352.01
61982,STARLINK-32560,2024-11-26T20:00:02Z,2024-11-26T22:00:01Z,633.6,352.01
61982,STARLINK-32560,2024-11-26T22:00:01Z,2024-11-27T04:00:01Z,1913.3,352.01
61982,STARLINK-32560,2024-11-27T04:00:01Z,2024-11-27T14:00:01Z,3209.8,352.01
61982,STARLINK-32560,2024-11-27T14:00:01Z,2024-11-27T20:00:01Z,2116.8,352.01
61982,STARLINK-32560,2024-11-27T20:00:01Z,2024-11-27T22:00:01Z,647.8,352.01
61982,STARLINK-32560,2024-11-27T22:00:01Z,2024-11-28T04:00:01Z,2668.2,352.01
61982,STARLINK-32560,2024-11-28T04:00:01Z,2024-11-28T12:00:01Z,1270.4,352.01
61982,STARLINK-32560,2024-11-28T14:00:01Z,2024-11-28T20:00:01Z,273.4,352.01
61982,STARLINK-32560,2024-11-28T22:00:01Z,2024-11-29T04:00:02Z,-251.8,352.01
61982,STARLINK-32560,2024-11-29T12:00:01Z,2024-11-29T22:00:01Z,193.6,352.01
61982,STARLINK-32560,2024-11-29T22:00:01Z,2024-11-30T04:00:01Z,-105.5,352.01
62008,STARLINK-11433,2024-11-27T14:00:01Z,2024-11-27T20:00:01Z,-149.5,308.76
62008,STARLINK-11433,2024-11-27T20:00:01Z,2024-11-27T22:00:01Z,-211.4,308.76
62008,STARLINK-11433,2024-11-27T22:00:01Z,2024-11-28T04:00:01Z,642.9,308.76
62008,STARLINK-11433,2024-11-28T04:00:01Z,2024-11-28T12:00:01Z,-143.6,308.76
62008,STARLINK-11433,2024-11-28T12:00:01Z,2024-11-28T14:00:01Z,-227.1,308.76
62008,STARLINK-11433,2024-11-28T22:00:01Z,2024-11-29T00:00:01Z,100.9,308.76
62009,STARLINK-11262,2024-11-26T20:00:02Z,2024-11-26T22:00:01Z,217.2,309.02
62009,STARLINK-11262,2024-11-27T04:00:01Z,2024-11-27T14:00:01Z,-220.2,309.02
62009,STARLINK-11262,2024-11-27T14:00:01Z,2024-11-27T20:00:01Z,-156.8,309.02
62009,STARLINK-11262,2024-11-27T20:00:01Z,2024-11-27T22:00:01Z,-245.4,309.02
62009,STARLINK-11262,2024-11-27T22:00:01Z,2024-11-28T04:00:01Z,493.3,309.02
62009,STARLINK-11262,2024-11-28T04:00:01Z,2024-11-28T12:00:01Z,272.0,309.02
62009,STARLINK-11262,2024-11-28T12:00:01Z,2024-11-28T14:00:01Z,229.6,309.02
62009,STARLINK-11262,2024-11-28T14:00:01Z,2024-11-28T20:00:01Z,1283.0,309.02
62009,STARLINK-11262,2024-11-28T20:00:01Z,2024-11-28T22:00:01Z,505.7,309.02
62009,STARLINK-11262,2024-11-28T22:00:01Z,2024-11-29T22:00:01Z,5491.4,309.02
62009,STARLINK-11262,2024-11-29T22:00:01Z,2024-11-30T04:00:01Z,1296.2,309.02
62009,STARLINK-11262,2024-11-30T04:00:01Z,2024-11-30T14:00:01Z,2328.6,309.02
62010,STARLINK-11326,2024-11-26T12:00:01Z,2024-11-26T20:00:02Z,-177.4,308.83
62010,STARLINK-11326,2024-11-27T12:00:02Z,2024-11-27T14:00:01Z,-373.2,308.83
62010,STARLINK-11326,2024-11-27T14:00:01Z,2024-11-27T20:00:01Z,478.9,308.83
62010,STARLINK-11326,2024-11-27T20:00:01Z,2024-11-27T22:00:01Z,374.2,308.83
62010,STARLINK-11326,2024-11-27T22:00:01Z,2024-11-28T04:00:01Z,-268.8,308.83
62010,STARLINK-11326,2024-11-28T04:00:01Z,2024-11-28T12:00:01Z,-159.2,308.83
62010,STARLINK-11326,2024-11-28T12:00:01Z,2024-11-28T14:00:01Z,-415.6,308.83
62010,STARLINK-11326,2024-11-28T14:00:01Z,2024-11-28T20:00:01Z,628.6,308.83
62010,STARLINK-11326,2024-11-28T20:00:01Z,2024-11-28T22:00:01Z,341.6,308.83
62010,STARLINK-11326,2024-11-28T22:00:01Z,2024-11-29T00:00:01Z,160.3,308.83
62011,STARLINK-11330,2024-11-26T12:00:01Z,2024-11-26T22:00:01Z,-185.9,308.87
62011,STARLINK-11330,2024-11-27T04:00:01Z,2024-11-27T14:00:01Z,-265.9,308.87
62011,STARLINK-11330,2024-11-27T14:00:01Z,2024-11-27T20:00:01Z,273.2,308.87
62011,STARLINK-11330,2024-11-27T20:00:01Z,2024-11-27T22:00:01Z,310.8,308.87
62011,STARLINK-11330,2024-11-27T22:00:01Z,2024-11-28T04:00:01Z,-226.2,308.87
62011,STARLINK-11330,2024-11-28T04:00:01Z,2024-11-28T12:00:01Z,-275.9,308.87
62011,STARLINK-11330,2024-11-28T12:00:01Z,2024-11-28T14:00:01Z,-324.8,308.87
62011,STARLINK-11330,2024-11-28T14:00:01Z,2024-11-28T20:00:01Z,774.3,308.87
62011,STARLINK-11330,2024-11-28T20:00:01Z,2024-11-28T22:00:01Z,325.1,308.87
62012,STARLINK-11363,2024-11-26T20:00:02Z,2024-11-26T22:00:01Z,-315.6,308.72
62012,STARLINK-11363,2024-11-26T22:00:01Z,2024-11-27T04:00:01Z,143.2,308.72
62012,STARLINK-11363,2024-11-27T04:00:01Z,2024-11-27T12:00:02Z,-194.0,308.72
62012,STARLINK-11363,2024-11-27T12:00:02Z,2024-11-27T14:00:01Z,-357.9,308.72
62012,STARLINK-11363,2024-11-27T14:00:01Z,2024-11-27T20:00:01Z,463.3,308.72
62012,STARLINK-11363,2024-11-27T20:00:01Z,2024-11-27T22:00:01Z,361.5,308.72
62012,STARLINK-11363,2024-11-27T22:00:01Z,2024-11-28T04:00:01Z,283.2,308.72
62012,STARLINK-11363,2024-11-28T04:00:01Z,2024-11-28T12:00:01Z,-1249.6,308.72
62012,STARLINK-11363,2024-11-28T12:00:01Z,2024-11-28T14:00:01Z,-225.9,308.72
62012,STARLINK-11363,2024-11-28T20:00:01Z,2024-11-28T22:00:01Z,-379.2,308.72
62012,STARLINK-11363,2024-11-28T22:00:01Z,2024-11-29T00:00:01Z,-112.6,308.72
62013,STARLINK-11377,2024-11-26T12:00:01Z,2024-11-26T20:00:02Z,1999.5,324.0
62013,STARLINK-11377,2024-11-26T20:00:02Z,2024-11-26T22:00:01Z,549.1,324.0
62013,STARLINK-11377,2024-11-26T22:00:01Z,2024-11-27T14:00:01Z,4230.6,324.0
62013,STARLINK-11377,2024-11-27T14:00:01Z,2024-11-27T20:00:01Z,1521.7,324.0
62013,STARLINK-11377,2024-11-27T20:00:01Z,2024-11-27T22:00:01Z,569.5,324.0
62013,STARLINK-11377,2024-11-27T22:00:01Z,2024-11-28T14:00:01Z,4215.2,324.0
62013,STARLINK-11377,2024-11-28T14:00:01Z,2024-11-28T20:00:01Z,1528.0,324.0
62013,STARLINK-11377,2024-11-28T20:00:01Z,2024-11-28T22:00:01Z,607.6,324.0
62013,STARLINK-11377,2024-11-28T22:00:01Z,2024-11-29T04:00:02Z,2222.9,324.0
62013,STARLINK-11377,2024-11-29T04:00:02Z,2024-11-29T12:00:01Z,348.4,324.0
62013,STARLINK-11377,2024-11-29T12:00:01Z,2024-11-29T20:00:01Z,-181.7,324.0
62013,STARLINK-11377,2024-11-29T20:00:01Z,2024-11-29T22:00:01Z,-118.1,324.0
62013,STARLINK-11377,2024-11-29T22:00:01Z,2024-11-30T04:00:01Z,395.7,324.0
62013,STARLINK-11377,2024-11-30T04:00:01Z,2024-11-30T12:00:01Z,-492.7,324.0
62013,STARLINK-11377,2024-11-30T12:00:01Z,2024-11-30T14:00:01Z,-273.3,324.0
62014,STARLINK-11385,2024-11-26T22:00:01Z,2024-11-27T04:00:01Z,-246.4,308.92
62014,STARLINK-11385,2024-11-27T04:00:01Z,2024-11-27T12:00:02Z,-185.0,308.92
62014,STARLINK-11385,2024-11-27T12:00:02Z,2024-11-27T14:00:01Z,-348.9,308.92
62014,STARLINK-11385,2024-11-27T14:00:01Z,2024-11-27T20:00:01Z,1059.4,308.92
62014,STARLINK-11385,2024-11-27T20:00:01Z,2024-11-27T22:00:01Z,181.8,308.92
62014,STARLINK-11385,2024-11-27T22:00:01Z,2024-11-28T04:00:01Z,-296.9,308.92
62014,STARLINK-11385,2024-11-28T04:00:01Z,2024-11-28T12:00:01Z,-228.9,308.92
62014,STARLINK-11385,2024-11-28T12:00:01Z,2024-11-28T14:00:01Z,-379.9,308.92
62014,STARLINK-11385,2024-11-28T14:00:01Z,2024-11-28T20:00:01Z,473.3,308.92
62014,STARLINK-11385,2024-11-28T20:00:01Z,2024-11-28T22:00:01Z,239.3,308.92
62014,STARLINK-11385,2024-11-28T22:00:01Z,2024-11-29T00:00:01Z,190.7,308.92
62015,STARLINK-11396,2024-11-26T12:00:01Z,2024-11-26T22:00:01Z,-138.2,308.82
62015,STARLINK-11396,2024-11-27T04:00:01Z,2024-11-27T14:00:01Z,-212.5,308.82
62015,STARLINK-11396,2024-11-27T14:00:01Z,2024-11-27T20:00:01Z,145.7,308.82
62015,STARLINK-11396,2024-11-27T20:00:01Z,2024-11-27T22:00:01Z,319.7,308.82
62015,STARLINK-11396,2024-11-28T04:00:01Z,2024-11-28T12:00:01Z,-215.4,308.82
62015,STARLINK-11396,2024-11-28T12:00:01Z,2024-11-28T14:00:01Z,-410.4,308.82
62015,STARLINK-11396,2024-11-28T14:00:01Z,2024-11-28T20:00:01Z,629.2,308.82
62015,STARLINK-11396,2024-11-28T20:00:01Z,2024-11-28T22:00:01Z,336.3,308.82
62016,STARLINK-11393,2024-11-26T12:00:01Z,2024-11-26T20:00:02Z,-223.7,308.86
62016,STARLINK-11393,2024-11-27T12:00:02Z,2024-11-27T22:00:01Z,374.3,308.86
62016,STARLINK-11393,2024-11-27T22:00:01Z,2024-11-28T04:00:01Z,-254.3,308.86
62016,STARLINK-11393,2024-11-28T12:00:01Z,2024-11-28T14:00:01Z,-386.1,308.86
62016,STARLINK-11393,2024-11-28T14:00:01Z,2024-11-28T20:00:01Z,589.3,308.86
62016,STARLINK-11393,2024-11-28T20:00:01Z,2024-11-28T22:00:01Z,325.1,308.86
62016,STARLINK-11393,2024-11-28T22:00:01Z,2024-11-29T00:00:01Z,126.2,308.86
62017,STARLINK-11343,2024-11-26T22:00:01Z,2024-11-27T04:00:01Z,-171.6,308.9
62017,STARLINK-11343,2024-11-27T12:00:02Z,2024-11-27T14:00:01Z,-311.8,308.9
62017,STARLINK-11343,2024-11-27T14:00:01Z,2024-11-27T20:00:01Z,412.9,308.9
62017,STARLINK-11343,2024-11-27T20:00:01Z,2024-11-27T22:00:01Z,264.0,308.9
62017,STARLINK-11343,2024-11-27T22:00:01Z,2024-11-28T04:00:01Z,-106.1,308.9
62017,STARLINK-11343,2024-11-28T04:00:01Z,2024-11-28T12:00:01Z,-372.0,308.9
62017,STARLINK-11343,2024-11-28T12:00:01Z,2024-11-28T14:00:01Z,-392.5,308.9
62017,STARLINK-11343,2024-11-28T14:00:01Z,2024-11-28T20:00:01Z,585.4,308.9
62017,STARLINK-11343,2024-11-28T20:00:01Z,2024-11-28T22:00:01Z,175.0,308.9
62018,STARLINK-11411,2024-11-26T12:00:01Z,2024-11-27T04:00:01Z,280.0,309.06
62018,STARLINK-11411,2024-11-27T04:00:01Z,2024-11-27T12:00:02Z,-492.4,309.06
62018,STARLINK-11411,2024-11-27T12:00:02Z,2024-11-27T14:00:01Z,-361.9,309.06
62018,STARLINK-11411,2024-11-27T14:00:01Z,2024-11-27T20:00:01Z,424.5,309.06
62018,STARLINK-11411,2024-11-27T20:00:01Z,2024-11-27T22:00:01Z,412.6,309.06
62018,STARLINK-11411,2024-11-27T22:00:01Z,2024-11-28T04:00:01Z,230.0,309.06
62018,STARLINK-11411,2024-11-28T04:00:01Z,2024-11-28T12:00:01Z,-1045.8,309.06
62018,STARLINK-11411,2024-11-28T12:00:01Z,2024-11-28T14:00:01Z,405.3,309.06
62018,STARLINK-11411,2024-11-28T14:00:01Z,2024-11-28T22:00:01Z,1516.0,309.06
62018,STARLINK-11411,2024-11-28T22:00:01Z,2024-11-29T00:00:01Z,519.4,309.06
62018,STARLINK-11411,2024-11-29T00:00:01Z,2024-11-30T04:00:01Z,6277.3,309.06
62018,STARLINK-11411,2024-11-30T04:00:01Z,2024-11-30T14:00:01Z,2330.0,309.06
62019,STARLINK-11404,2024-11-26T12:00:01Z,2024-11-26T20:00:02Z,-249.8,308.68
62019,STARLINK-11404,2024-11-26T22:00:01Z,2024-11-27T12:00:02Z,511.6,308.68
62019,STARLINK-11404,2024-11-27T12:00:02Z,2024-11-27T20:00:01Z,-374.3,308.68
62019,STARLINK-11404,2024-11-27T20:00:01Z,2024-11-27T22:00:01Z,-163.3,308.68
62019,STARLINK-11404,2024-11-28T04:00:01Z,2024-11-28T14:00:01Z,525.9,308.68
62019,STARLINK-11404,2024-11-28T14:00:01Z,2024-11-28T20:00:01Z,-576.0,308.68
62019,STARLINK-11404,2024-11-28T20:00:01Z,2024-11-28T22:00:01Z,-241.2,308.68
62020,STARLINK-11378,2024-11-26T20:00:02Z,2024-11-26T22:00:01Z,-215.5,308.9
62020,STARLINK-11378,2024-11-26T22:00:01Z,2024-11-27T04:00:01Z,385.7,308.9
62020,STARLINK-11378,2024-11-27T04:00:01Z,2024-11-27T12:00:02Z,-203.5,308.9
62020,STARLINK-11378,2024-11-27T12:00:02Z,2024-11-27T22:00:01Z,287.9,308.9
62020,STARLINK-11378,2024-11-27T22:00:01Z,2024-11-28T04:00:01Z,-341.0,308.9
62020,STARLINK-11378,2024-11-28T04:00:01Z,2024-11-28T12:00:01Z,-122.8,308.9
62020,STARLINK-11378,2024-11-28T12:00:01Z,2024-11-28T14:00:01Z,-303.8,308.9
62020,STARLINK-11378,2024-11-28T14:00:01Z,2024-11-28T20:00:01Z,606.0,308.9
62020,STARLINK-11378,2024-11-28T20:00:01Z,2024-11-28T22:00:01Z,349.4,308.9
62020,STARLINK-11378,2024-11-28T22:00:01Z,2024-11-29T00:00:01Z,112.7,308.9
62021,STARLINK-32520,2024-11-27T04:00:01Z,2024-11-27T14:00:01Z,2540.9,328.37
62021,STARLINK-32520,2024-11-27T14:00:01Z,2024-11-27T20:00:01Z,1465.2,328.37
62021,STARLINK-32520,2024-11-27T20:00:01Z,2024-11-27T22:00:01Z,554.2,328.37
62021,STARLINK-32520,2024-11-27T22:00:01Z,2024-11-28T14:00:01Z,4182.5,328.37
62021,STARLINK-32520,2024-11-28T14:00:01Z,2024-11-28T20:00:01Z,1539.4,328.37
62021,STARLINK-32520,2024-11-28T20:00:01Z,2024-11-28T22:00:01Z,588.1,328.37
62021,STARLINK-32520,2024-11-28T22:00:01Z,2024-11-29T20:00:01Z,5936.2,328.37
62021,STARLINK-32520,2024-11-29T20:00:01Z,2024-11-29T22:00:01Z,613.9,328.37
62021,STARLINK-32520,2024-11-29T22:00:01Z,2024-11-30T14:00:01Z,4455.2,328.37
62022,STARLINK-32539,2024-11-26T12:00:01Z,2024-11-26T22:00:01Z,782.8,302.71
62022,STARLINK-32539,2024-11-26T22:00:01Z,2024-11-27T04:00:01Z,500.4,302.71
62022,STARLINK-32539,2024-11-27T04:00:01Z,2024-11-27T14:00:01Z,937.4,302.71
62022,STARLINK-32539,2024-11-27T14:00:01Z,2024-11-27T22:00:01Z,671.8,302.71
62022,STARLINK-32539,2024-11-27T22:00:01Z,2024-11-28T04:00:01Z,576.3,302.71
62022,STARLINK-32539,2024-11-28T04:00:01Z,2024-11-28T14:00:01Z,571.5,302.71
62022,STARLINK-32539,2024-11-28T14:00:01Z,2024-11-28T22:00:01Z,300.8,302.71
62022,STARLINK-32539,2024-11-28T22:00:01Z,2024-11-29T04:00:02Z,160.3,302.71
62022,STARLINK-32539,2024-11-29T04:00:02Z,2024-11-29T20:00:01Z,629.5,302.71
62022,STARLINK-32539,2024-11-29T20:00:01Z,2024-11-29T22:00:01Z,125.7,302.71
62022,STARLINK-32539,2024-11-29T22:00:01Z,2024-11-30T12:00:01Z,555.0,302.71
62023,STARLINK-32334,2024-11-26T12:00:01Z,2024-11-26T22:00:01Z,2511.4,327.5
62023,STARLINK-32334,2024-11-26T22:00:01Z,2024-11-27T04:00:01Z,1523.7,327.5
62023,STARLINK-32334,2024-11-27T04:00:01Z,2024-11-27T14:00:01Z,2674.8,327.5
62023,STARLINK-32334,2024-11-27T14:00:01Z,2024-11-27T20:00:01Z,1549.9,327.5
62023,STARLINK-32334,2024-11-27T20:00:01Z,2024-11-27T22:00:01Z,607.6,327.5
62023,STARLINK-32334,2024-11-27T22:00:01Z,2024-11-28T14:00:01Z,4340.8,327.5
62023,STARLINK-32334,2024-11-28T14:00:01Z,2024-11-28T20:00:01Z,1625.2,327.5
62023,STARLINK-32334,2024-11-28T20:00:01Z,2024-11-28T22:00:01Z,603.4,327.5
62023,STARLINK-32334,2024-11-28T22:00:01Z,2024-11-29T20:00:01Z,6247.8,327.5
62023,STARLINK-32334,2024-11-29T20:00:01Z,2024-11-29T22:00:01Z,625.5,327.5
62023,STARLINK-32334,2024-11-29T22:00:01Z,2024-11-30T12:00:01Z,4082.1,327.5
62023,STARLINK-32334,2024-11-30T12:00:01Z,2024-11-30T14:00:01Z,562.9,327.5
62024,STARLINK-32504,2024-11-27T04:00:01Z,2024-11-27T14:00:01Z,2561.2,328.33
62024,STARLINK-32504,2024-11-27T14:00:01Z,2024-11-27T20:00:01Z,1480.9,328.33
62024,STARLINK-32504,2024-11-27T20:00:01Z,2024-11-27T22:00:01Z,557.2,328.33
62024,STARLINK-32504,2024-11-27T22:00:01Z,2024-11-28T14:00:01Z,4219.0,328.33
62024,STARLINK-32504,2024-11-28T14:00:01Z,2024-11-28T20:00:01Z,1557.9,328.33
62024,STARLINK-32504,2024-11-28T20:00:01Z,2024-11-28T22:00:01Z,588.4,328.33
62024,STARLINK-32504,2024-11-28T22:00:01Z,2024-11-29T20:00:01Z,6006.3,328.33
62024,STARLINK-32504,2024-11-29T20:00:01Z,2024-11-29T22:00:01Z,609.2,328.33
62024,STARLINK-32504,2024-11-29T22:00:01Z,2024-11-30T14:00:01Z,4483.7,328.33
62025,STARLINK-32493,2024-11-26T20:00:02Z,2024-11-27T14:00:01Z,4653.1,328.34
62025,STARLINK-32493,2024-11-27T14:00:01Z,2024-11-27T20:00:01Z,1511.5,328.34
62025,STARLINK-32493,2024-11-27T20:00:01Z,2024-11-27T22:00:01Z,567.3,328.34
62025,STARLINK-32493,2024-11-27T22:00:01Z,2024-11-28T14:00:01Z,4263.3,328.34
62025,STARLINK-32493,2024-11-28T14:00:01Z,2024-11-28T20:00:01Z,1600.0,328.34
62025,STARLINK-32493,2024-11-28T20:00:01Z,2024-11-28T22:00:01Z,582.8,328.34
62025,STARLINK-32493,2024-11-28T22:00:01Z,2024-11-29T20:00:01Z,6122.1,328.34
62025,STARLINK-32493,2024-11-29T20:00:01Z,2024-11-29T22:00:01Z,629.7,328.34
62025,STARLINK-32493,2024-11-29T22:00:01Z,2024-11-30T14:00:01Z,4526.7,328.34
62026,STARLINK-32561,2024-11-27T04:00:01Z,2024-11-27T14:00:01Z,2620.4,328.33
62026,STARLINK-32561,2024-11-27T14:00:01Z,2024-11-27T20:00:01Z,1547.4,328.33
62026,STARLINK-32561,2024-11-27T20:00:01Z,2024-11-27T22:00:01Z,573.3,328.33
62026,STARLINK-32561,2024-11-27T22:00:01Z,2024-11-28T14:00:01Z,4304.7,328.33
62026,STARLINK-32561,2024-11-28T14:00:01Z,2024-11-28T20:00:01Z,1612.8,328.33
62026,STARLINK-32561,2024-11-28T20:00:01Z,2024-11-28T22:00:01Z,600.9,328.33
62026,STARLINK-32561,2024-11-28T22:00:01Z,2024-11-29T20:00:01Z,6167.3,328.33
62026,STARLINK-32561,2024-11-29T20:00:01Z,2024-11-29T22:00:01Z,628.6,328.33
62026,STARLINK-32561,2024-11-29T22:00:01Z,2024-11-30T14:00:01Z,4582.1,328.33
62027,STARLINK-32512,2024-11-26T12:00:01Z,2024-11-26T20:00:02Z,1969.3,328.33
62027,STARLINK-32512,2024-11-26T20:00:02Z,2024-11-26T22:00:01Z,558.6,328.33
62027,STARLINK-32512,2024-11-26T22:00:01Z,2024-11-27T14:00:01Z,4256.2,328.33
62027,STARLINK-32512,2024-11-27T14:00:01Z,2024-11-27T20:00:01Z,1567.8,328.33
62027,STARLINK-32512,2024-11-27T20:00:01Z,2024-11-27T22:00:01Z,604.0,328.33
62027,STARLINK-32512,2024-11-27T22:00:01Z,2024-11-28T14:00:01Z,4432.9,328.33
62027,STARLINK-32512,2024-11-28T14:00:01Z,2024-11-28T20:00:01Z,1634.1,328.33
62027,STARLINK-32512,2024-11-28T20:00:01Z,2024-11-28T22:00:01Z,615.9,328.33
62027,STARLINK-32512,2024-11-28T22:00:01Z,2024-11-29T12:00:01Z,4043.8,328.33
62027,STARLINK-32512,2024-11-29T12:00:01Z,2024-11-29T20:00:01Z,2283.0,328.33
62027,STARLINK-32512,2024-11-29T20:00:01Z,2024-11-29T22:00:01Z,633.3,328.33
62027,STARLINK-32512,2024-11-29T22:00:01Z,2024-11-30T12:00:01Z,4148.4,328.33
62027,STARLINK-32512,2024-11-30T12:00:01Z,2024-11-30T14:00:01Z,573.4,328.33
62032,STARLINK-32637,2024-11-26T12:00:01Z,2024-11-26T22:00:01Z,1843.5,313.28
62032,STARLINK-32637,2024-11-26T22:00:01Z,2024-11-27T04:00:01Z,1295.4,313.28
62032,STARLINK-32637,2024-11-27T04:00:01Z,2024-11-27T12:00:02Z,1492.1,313.28
62032,STARLINK-32637,2024-11-27T12:00:02Z,2024-11-27T14:00:01Z,444.9,313.28
62032,STARLINK-32637,2024-11-27T14:00:01Z,2024-11-27T22:00:01Z,1432.9,313.28
62032,STARLINK-32637,2024-11-27T22:00:01Z,2024-11-28T04:00:01Z,1369.6,313.28
62032,STARLINK-32637,2024-11-28T04:00:01Z,2024-11-28T12:00:01Z,1651.7,313.28
62032,STARLINK-32637,2024-11-28T12:00:01Z,2024-11-28T14:00:01Z,465.7,313.28
62032,STARLINK-32637,2024-11-28T14:00:01Z,2024-11-28T22:00:01Z,1592.2,313.28
62032,STARLINK-32637,2024-11-28T22:00:01Z,2024-11-29T12:00:01Z,3154.8,313.28
62032,STARLINK-32637,2024-11-29T12:00:01Z,2024-11-29T22:00:01Z,2193.5,313.28
62032,STARLINK-32637,2024-11-29T22:00:01Z,2024-11-30T04:00:01Z,1449.9,313.28
62032,STARLINK-32637,2024-11-30T04:00:01Z,2024-11-30T12:00:01Z,1858.9,313.28
62032,STARLINK-32637,2024-11-30T12:00:01Z,2024-11-30T14:00:01Z,550.4,313.28
62033,STARLINK-32582,2024-11-26T12:00:01Z,2024-11-26T22:00:01Z,1851.2,313.3
62033,STARLINK-32582,2024-11-26T22:00:01Z,2024-11-27T12:00:02Z,2814.4,313.3
62033,STARLINK-32582,2024-11-27T12:00:02Z,2024-11-27T14:00:01Z,475.7,313.3
62033,STARLINK-32582,2024-11-27T14:00:01Z,2024-11-27T22:00:01Z,1404.2,313.3
62033,STARLINK-32582,2024-11-27T22:00:01Z,2024-11-28T04:00:01Z,1416.8,313.3
62033,STARLINK-32582,2024-11-28T04:00:01Z,2024-11-28T12:00:01Z,1655.0,313.3
62033,STARLINK-32582,2024-11-28T12:00:01Z,2024-11-28T14:00:01Z,492.0,313.3
62033,STARLINK-32582,2024-11-28T14:00:01Z,2024-11-28T22:00:01Z,1573.6,313.3
62033,STARLINK-32582,2024-11-28T22:00:01Z,2024-11-29T12:00:01Z,3203.0,313.3
62033,STARLINK-32582,2024-11-29T12:00:01Z,2024-11-29T22:00:01Z,2237.1,313.3
62033,STARLINK-32582,2024-11-29T22:00:01Z,2024-11-30T04:00:01Z,1427.4,313.3
62033,STARLINK-32582,2024-11-30T04:00:01Z,2024-11-30T12:00:01Z,1895.7,313.3
62033,STARLINK-32582,2024-11-30T12:00:01Z,2024-11-30T14:00:01Z,534.8,313.3
62034,STARLINK-32615,2024-11-26T12:00:01Z,2024-11-26T22:00:01Z,1841.2,312.88
62034,STARLINK-32615,2024-11-26T22:00:01Z,2024-11-27T12:00:02Z,2831.1,312.88
62034,STARLINK-32615,2024-11-27T12:00:02Z,2024-11-27T14:00:01Z,477.7,312.88
62034,STARLINK-32615,2024-11-27T14:00:01Z,2024-11-27T22:00:01Z,1420.7,312.88
62034,STARLINK-32615,2024-11-27T22:00:01Z,2024-11-28T04:00:01Z,1423.7,312.88
62034,STARLINK-32615,2024-11-28T04:00:01Z,2024-11-28T12:00:01Z,1644.7,312.88
62034,STARLINK-32615,2024-11-28T12:00:01Z,2024-11-28T14:00:01Z,508.9,312.88
62034,STARLINK-32615,2024-11-28T14:00:01Z,2024-11-28T22:00:01Z,1569.4,312.88
62034,STARLINK-32615,2024-11-28T22:00:01Z,2024-11-29T12:00:01Z,3217.6,312.88
62034,STARLINK-32615,2024-11-29T12:00:01Z,2024-11-29T22:00:01Z,2246.7,312.88
62034,STARLINK-32615,2024-11-29T22:00:01Z,2024-11-30T04:00:01Z,1423.4,312.88
62034,STARLINK-32615,2024-11-30T04:00:01Z,2024-11-30T14:00:01Z,2437.9,312.88
62035,STARLINK-32592,2024-11-26T12:00:01Z,2024-11-26T22:00:01Z,1873.9,312.89
62035,STARLINK-32592,2024-11-26T22:00:01Z,2024-11-27T12:00:02Z,2844.5,312.89
62035,STARLINK-32592,2024-11-27T12:00:02Z,2024-11-27T14:00:01Z,443.8,312.89
62035,STARLINK-32592,2024-11-27T14:00:01Z,2024-11-27T22:00:01Z,1486.6,312.89
62035,STARLINK-32592,2024-11-27T22:00:01Z,2024-11-28T04:00:01Z,1430.3,312.89
62035,STARLINK-32592,2024-11-28T04:00:01Z,2024-11-28T12:00:01Z,1641.6,312.89
62035,STARLINK-32592,2024-11-28T12:00:01Z,2024-11-28T14:00:01Z,517.9,312.89
62035,STARLINK-32592,2024-11-28T14:00:01Z,2024-11-28T22:00:01Z,1581.9,312.89
62035,STARLINK-32592,2024-11-28T22:00:01Z,2024-11-29T12:00:01Z,3261.8,312.89
62035,STARLINK-32592,2024-11-29T12:00:01Z,2024-11-29T22:00:01Z,2265.2,312.89
62035,STARLINK-32592,2024-11-29T22:00:01Z,2024-11-30T04:00:01Z,1425.5,312.89
62035,STARLINK-32592,2024-11-30T04:00:01Z,2024-11-30T12:00:01Z,1962.2,312.89
62035,STARLINK-32592,2024-11-30T12:00:01Z,2024-11-30T14:00:01Z,540.4,312.89
62036,STARLINK-32225,2024-11-26T12:00:01Z,2024-11-26T22:00:01Z,1922.2,312.9
62036,STARLINK-32225,2024-11-26T22:00:01Z,2024-11-27T12:00:02Z,2804.2,312.9
62036,STARLINK-32225,2024-11-27T12:00:02Z,2024-11-27T14:00:01Z,454.3,312.9
62036,STARLINK-32225,2024-11-27T14:00:01Z,2024-11-27T22:00:01Z,1513.5,312.9
62036,STARLINK-32225,2024-11-27T22:00:01Z,2024-11-28T04:00:01Z,1431.4,312.9
62036,STARLINK-32225,2024-11-28T04:00:01Z,2024-11-28T12:00:01Z,1668.0,312.9
62036,STARLINK-32225,2024-11-28T12:00:01Z,2024-11-28T14:00:01Z,480.7,312.9
62036,STARLINK-32225,2024-11-28T14:00:01Z,2024-11-28T22:00:01Z,1617.1,312.9
62036,STARLINK-32225,2024-11-28T22:00:01Z,2024-11-29T04:00:02Z,1437.0,312.9
62036,STARLINK-32225,2024-11-29T04:00:02Z,2024-11-29T12:00:01Z,1861.7,312.9
62036,STARLINK-32225,2024-11-29T12:00:01Z,2024-11-29T22:00:01Z,2253.8,312.9
62036,STARLINK-32225,2024-11-29T22:00:01Z,2024-11-30T04:00:01Z,1462.4,312.9
62036,STARLINK-32225,2024-11-30T04:00:01Z,2024-11-30T12:00:01Z,1988.5,312.9
62036,STARLINK-32225,2024-11-30T12:00:01Z,2024-11-30T14:00:01Z,557.1,312.9
62037,STARLINK-32595,2024-11-26T12:00:01Z,2024-11-26T22:00:01Z,1877.6,312.73
62037,STARLINK-32595,2024-11-26T22:00:01Z,2024-11-27T12:00:02Z,2900.7,312.73
62037,STARLINK-32595,2024-11-27T12:00:02Z,2024-11-27T14:00:01Z,466.0,312.73
62037,STARLINK-32595,2024-11-27T14:00:01Z,2024-11-27T22:00:01Z,1492.9,312.73
62037,STARLINK-32595,2024-11-27T22:00:01Z,2024-11-28T04:00:01Z,1431.8,312.73
62037,STARLINK-32595,2024-11-28T04:00:01Z,2024-11-28T12:00:01Z,1678.6,312.73
62037,STARLINK-32595,2024-11-28T12:00:01Z,2024-11-28T14:00:01Z,506.2,312.73
62037,STARLINK-32595,2024-11-28T14:00:01Z,2024-11-28T22:00:01Z,1588.2,312.73
62037,STARLINK-32595,2024-11-28T22:00:01Z,2024-11-29T04:00:02Z,1476.9,312.73
62037,STARLINK-32595,2024-11-29T04:00:02Z,2024-11-29T12:00:01Z,1861.8,312.73
62037,STARLINK-32595,2024-11-29T12:00:01Z,2024-11-29T22:00:01Z,2293.2,312.73
62037,STARLINK-32595,2024-11-29T22:00:01Z,2024-11-30T04:00:01Z,1444.3,312.73
62037,STARLINK-32595,2024-11-30T04:00:01Z,2024-11-30T12:00:01Z,2016.0,312.73
62037,STARLINK-32595,2024-11-30T12:00:01Z,2024-11-30T14:00:01Z,549.8,312.73
62038,STARLINK-32477,2024-11-26T12:00:01Z,2024-11-26T22:00:01Z,1935.7,312.27
62038,STARLINK-32477,2024-11-26T22:00:01Z,2024-11-27T12:00:02Z,2880.3,312.27
62038,STARLINK-32477,2024-11-27T12:00:02Z,2024-11-27T14:00:01Z,434.2,312.27
62038,STARLINK-32477,2024-11-27T14:00:01Z,2024-11-27T22:00:01Z,1546.5,312.27
62038,STARLINK-32477,2024-11-27T22:00:01Z,2024-11-28T04:00:01Z,1403.9,312.27
62038,STARLINK-32477,2024-11-28T04:00:01Z,2024-11-28T12:00:01Z,1707.9,312.27
62038,STARLINK-32477,2024-11-28T12:00:01Z,2024-11-28T14:00:01Z,502.1,312.27
62038,STARLINK-32477,2024-11-28T14:00:01Z,2024-11-28T22:00:01Z,1584.9,312.27
62038,STARLINK-32477,2024-11-28T22:00:01Z,2024-11-29T04:00:02Z,1501.2,312.27
62038,STARLINK-32477,2024-11-29T04:00:02Z,2024-11-29T20:00:01Z,3685.3,312.27
62038,STARLINK-32477,2024-11-29T20:00:01Z,2024-11-29T22:00:01Z,478.3,312.27
62038,STARLINK-32477,2024-11-29T22:00:01Z,2024-11-30T12:00:01Z,3513.7,312.27
62038,STARLINK-32477,2024-11-30T12:00:01Z,2024-11-30T14:00:01Z,567.0,312.27
62039,STARLINK-32480,2024-11-26T12:00:01Z,2024-11-26T22:00:01Z,1944.0,312.32
62039,STARLINK-32480,2024-11-26T22:00:01Z,2024-11-27T12:00:02Z,2844.5,312.32
62039,STARLINK-32480,2024-11-27T12:00:02Z,2024-11-27T14:00:01Z,461.3,312.32
62039,STARLINK-32480,2024-11-27T14:00:01Z,2024-11-27T22:00:01Z,1553.8,312.32
62039,STARLINK-32480,2024-11-27T22:00:01Z,2024-11-28T04:00:01Z,1447.8,312.32
62039,STARLINK-32480,2024-11-28T04:00:01Z,2024-11-28T12:00:01Z,1688.0,312.32
62039,STARLINK-32480,2024-11-28T12:00:01Z,2024-11-28T14:00:01Z,498.0,312.32
62039,STARLINK-32480,2024-11-28T14:00:01Z,2024-11-28T22:00:01Z,1631.1,312.32
62039,STARLINK-32480,2024-11-28T22:00:01Z,2024-11-29T04:00:02Z,1497.4,312.32
62039,STARLINK-32480,2024-11-29T04:00:02Z,2024-11-29T12:00:01Z,1882.0,312.32
62039,STARLINK-32480,2024-11-29T12:00:01Z,2024-11-29T22:00:01Z,2287.0,312.32
62039,STARLINK-32480,2024-11-29T22:00:01Z,2024-11-30T04:00:01Z,1503.3,312.32
62039,STARLINK-32480,2024-11-30T04:00:01Z,2024-11-30T12:00:01Z,2048.2,312.32
62039,STARLINK-32480,2024-11-30T12:00:01Z,2024-11-30T14:00:01Z,536.9,312.32
62040,STARLINK-32510,2024-11-26T12:00:01Z,2024-11-26T22:00:01Z,1962.0,311.87
62040,STARLINK-32510,2024-11-26T22:00:01Z,2024-11-27T12:00:02Z,2864.6,311.87
62040,STARLINK-32510,2024-11-27T12:00:02Z,2024-11-27T14:00:01Z,437.3,311.87
62040,STARLINK-32510,2024-11-27T14:00:01Z,2024-11-27T22:00:01Z,1556.2,311.87
62040,STARLINK-32510,2024-11-27T22:00:01Z,2024-11-28T04:00:01Z,1466.0,311.87
62040,STARLINK-32510,2024-11-28T04:00:01Z,2024-11-28T12:00:01Z,1712.3,311.87
62040,STARLINK-32510,2024-11-28T12:00:01Z,2024-11-28T14:00:01Z,510.3,311.87
62040,STARLINK-32510,2024-11-28T14:00:01Z,2024-11-28T22:00:01Z,1622.9,311.87
62040,STARLINK-32510,2024-11-28T22:00:01Z,2024-11-29T04:00:02Z,1520.6,311.87
62040,STARLINK-32510,2024-11-29T04:00:02Z,2024-11-29T12:00:01Z,1915.1,311.87
62040,STARLINK-32510,2024-11-29T12:00:01Z,2024-11-29T22:00:01Z,2275.0,311.87
62040,STARLINK-32510,2024-11-29T22:00:01Z,2024-11-30T04:00:01Z,1529.2,311.87
62040,STARLINK-32510,2024-11-30T04:00:01Z,2024-11-30T14:00:01Z,2591.0,311.87
62041,STARLINK-32456,2024-11-26T12:00:01Z,2024-11-26T22:00:01Z,1964.8,311.87
62041,STARLINK-32456,2024-11-26T22:00:01Z,2024-11-27T12:00:02Z,2865.7,311.87
62041,STARLINK-32456,2024-11-27T12:00:02Z,2024-11-27T14:00:01Z,474.0,311.87
62041,STARLINK-32456,2024-11-27T14:00:01Z,2024-11-27T22:00:01Z,1599.9,311.87
62041,STARLINK-32456,2024-11-27T22:00:01Z,2024-11-28T04:00:01Z,1452.5,311.87
62041,STARLINK-32456,2024-11-28T04:00:01Z,2024-11-28T12:00:01Z,1725.6,311.87
62041,STARLINK-32456,2024-11-28T12:00:01Z,2024-11-28T14:00:01Z,504.9,311.87
62041,STARLINK-32456,2024-11-28T14:00:01Z,2024-11-28T22:00:01Z,1665.2,311.87
62041,STARLINK-32456,2024-11-28T22:00:01Z,2024-11-29T04:00:02Z,1521.9,311.87
62041,STARLINK-32456,2024-11-29T04:00:02Z,2024-11-29T12:00:01Z,1914.7,311.87
62041,STARLINK-32456,2024-11-29T12:00:01Z,2024-11-29T22:00:01Z,2319.1,311.87
62041,STARLINK-32456,2024-11-29T22:00:01Z,2024-11-30T04:00:01Z,1564.3,311.87
62041,STARLINK-32456,2024-11-30T04:00:01Z,2024-11-30T12:00:01Z,2072.6,311.87
62041,STARLINK-32456,2024-11-30T12:00:01Z,2024-11-30T14:00:01Z,565.1,311.87
62042,STARLINK-32509,2024-11-26T12:00:01Z,2024-11-26T22:00:01Z,2023.9,311.43
62042,STARLINK-32509,2024-11-26T22:00:01Z,2024-11-27T12:00:02Z,2852.7,311.43
62042,STARLINK-32509,2024-11-27T12:00:02Z,2024-11-27T14:00:01Z,443.3,311.43
62042,STARLINK-32509,2024-11-27T14:00:01Z,2024-11-27T22:00:01Z,1606.7,311.43
62042,STARLINK-32509,2024-11-27T22:00:01Z,2024-11-28T04:00:01Z,1431.5,311.43
62042,STARLINK-32509,2024-11-28T04:00:01Z,2024-11-28T12:00:01Z,1754.5,311.43
62042,STARLINK-32509,2024-11-28T12:00:01Z,2024-11-28T14:00:01Z,474.7,311.43
62042,STARLINK-32509,2024-11-28T14:00:01Z,2024-11-28T22:00:01Z,1686.2,311.43
62042,STARLINK-32509,2024-11-28T22:00:01Z,2024-11-29T04:00:02Z,1543.2,311.43
62042,STARLINK-32509,2024-11-29T04:00:02Z,2024-11-29T12:00:01Z,1919.1,311.43
62042,STARLINK-32509,2024-11-29T12:00:01Z,2024-11-29T22:00:01Z,2311.6,311.43
62042,STARLINK-32509,2024-11-29T22:00:01Z,2024-11-30T04:00:01Z,1599.8,311.43
62042,STARLINK-32509,2024-11-30T04:00:01Z,2024-11-30T14:00:01Z,2647.1,311.43
62043,STARLINK-32491,2024-11-26T12:00:01Z,2024-11-26T22:00:01Z,1978.6,311.47
62043,STARLINK-32491,2024-11-26T22:00:01Z,2024-11-27T12:00:02Z,2893.7,311.47
62043,STARLINK-32491,2024-11-27T12:00:02Z,2024-11-27T14:00:01Z,462.6,311.47
62043,STARLINK-32491,2024-11-27T14:00:01Z,2024-11-27T22:00:01Z,1642.8,311.47
62043,STARLINK-32491,2024-11-27T22:00:01Z,2024-11-28T04:00:01Z,1463.0,311.47
62043,STARLINK-32491,2024-11-28T04:00:01Z,2024-11-28T12:00:01Z,1735.5,311.47
62043,STARLINK-32491,2024-11-28T12:00:01Z,2024-11-28T14:00:01Z,507.8,311.47
62043,STARLINK-32491,2024-11-28T14:00:01Z,2024-11-28T22:00:01Z,1723.4,311.47
62043,STARLINK-32491,2024-11-28T22:00:01Z,2024-11-29T04:00:02Z,1521.4,311.47
62043,STARLINK-32491,2024-11-29T04:00:02Z,2024-11-29T12:00:01Z,1928.5,311.47
62043,STARLINK-32491,2024-11-29T12:00:01Z,2024-11-29T22:00:01Z,2344.2,311.47
62043,STARLINK-32491,2024-11-29T22:00:01Z,2024-11-30T04:00:01Z,1600.4,311.47
62043,STARLINK-32491,2024-11-30T04:00:01Z,2024-11-30T12:00:01Z,2090.1,311.47
62043,STARLINK-32491,2024-11-30T12:00:01Z,2024-11-30T14:00:01Z,563.3,311.47
62044,STARLINK-32577,2024-11-26T12:00:01Z,2024-11-26T22:00:01Z,2018.0,311.24
62044,STARLINK-32577,2024-11-26T22:00:01Z,2024-11-27T12:00:02Z,2865.4,311.24
62044,STARLINK-32577,2024-11-27T12:00:02Z,2024-11-27T14:00:01Z,471.3,311.24
62044,STARLINK-32577,2024-11-27T14:00:01Z,2024-11-27T22:00:01Z,1670.3,311.24
62044,STARLINK-32577,2024-11-27T22:00:01Z,2024-11-28T04:00:01Z,1477.8,311.24
62044,STARLINK-32577,2024-11-28T04:00:01Z,2024-11-28T12:00:01Z,1727.6,311.24
62044,STARLINK-32577,2024-11-28T12:00:01Z,2024-11-28T14:00:01Z,509.9,311.24
62044,STARLINK-32577,2024-11-28T14:00:01Z,2024-11-28T22:00:01Z,1760.2,311.24
62044,STARLINK-32577,2024-11-28T22:00:01Z,2024-11-29T04:00:02Z,1525.2,311.24
62044,STARLINK-32577,2024-11-29T04:00:02Z,2024-11-29T12:00:01Z,1935.2,311.24
62044,STARLINK-32577,2024-11-29T12:00:01Z,2024-11-29T22:00:01Z,2367.1,311.24
62044,STARLINK-32577,2024-11-29T22:00:01Z,2024-11-30T04:00:01Z,1621.8,311.24
62044,STARLINK-32577,2024-11-30T04:00:01Z,2024-11-30T12:00:01Z,2100.2,311.24
62044,STARLINK-32577,2024-11-30T12:00:01Z,2024-11-30T14:00:01Z,585.0,311.24
62045,STARLINK-32618,2024-11-26T12:00:01Z,2024-11-26T22:00:01Z,2241.3,310.98
62045,STARLINK-32618,2024-11-26T22:00:01Z,2024-11-27T12:00:02Z,2667.1,310.98
62045,STARLINK-32618,2024-11-27T12:00:02Z,2024-11-27T14:00:01Z,489.4,310.98
62045,STARLINK-32618,2024-11-27T14:00:01Z,2024-11-27T22:00:01Z,1667.4,310.98
62045,STARLINK-32618,2024-11-27T22:00:01Z,2024-11-28T04:00:01Z,1481.2,310.98
62045,STARLINK-32618,2024-11-28T04:00:01Z,2024-11-28T12:00:01Z,1742.8,310.98
62045,STARLINK-32618,2024-11-28T12:00:01Z,2024-11-28T14:00:01Z,508.2,310.98
62045,STARLINK-32618,2024-11-28T14:00:01Z,2024-11-28T22:00:01Z,1783.8,310.98
62045,STARLINK-32618,2024-11-28T22:00:01Z,2024-11-29T04:00:02Z,1552.7,310.98
62045,STARLINK-32618,2024-11-29T04:00:02Z,2024-11-29T12:00:01Z,1949.0,310.98
62045,STARLINK-32618,2024-11-29T12:00:01Z,2024-11-29T22:00:01Z,2407.0,310.98
62045,STARLINK-32618,2024-11-29T22:00:01Z,2024-11-30T04:00:01Z,1633.8,310.98
62045,STARLINK-32618,2024-11-30T04:00:01Z,2024-11-30T12:00:01Z,2119.3,310.98
62045,STARLINK-32618,2024-11-30T12:00:01Z,2024-11-30T14:00:01Z,558.3,310.98
62046,STARLINK-32598,2024-11-26T12:00:01Z,2024-11-26T22:00:01Z,1999.7,310.82
62046,STARLINK-32598,2024-11-26T22:00:01Z,2024-11-27T12:00:02Z,2939.3,310.82
62046,STARLINK-32598,2024-11-27T12:00:02Z,2024-11-27T14:00:01Z,495.2,310.82
62046,STARLINK-32598,2024-11-27T14:00:01Z,2024-11-27T22:00:01Z,1634.9,310.82
62046,STARLINK-32598,2024-11-27T22:00:01Z,2024-11-28T04:00:01Z,1490.7,310.82
62046,STARLINK-32598,2024-11-28T04:00:01Z,2024-11-28T12:00:01Z,1744.6,310.82
62046,STARLINK-32598,2024-11-28T12:00:01Z,2024-11-28T14:00:01Z,517.8,310.82
62046,STARLINK-32598,2024-11-28T14:00:01Z,2024-11-28T22:00:01Z,1792.2,310.82
62046,STARLINK-32598,2024-11-28T22:00:01Z,2024-11-29T04:00:02Z,1553.1,310.82
62046,STARLINK-32598,2024-11-29T04:00:02Z,2024-11-29T12:00:01Z,1946.5,310.82
62046,STARLINK-32598,2024-11-29T12:00:01Z,2024-11-29T22:00:01Z,2424.6,310.82
62046,STARLINK-32598,2024-11-29T22:00:01Z,2024-11-30T04:00:01Z,1637.1,310.82
62046,STARLINK-32598,2024-11-30T04:00:01Z,2024-11-30T12:00:01Z,2127.1,310.82
62046,STARLINK-32598,2024-11-30T12:00:01Z,2024-11-30T14:00:01Z,562.2,310.82
62047,STARLINK-32630,2024-11-26T12:00:01Z,2024-11-26T22:00:01Z,2023.4,310.3
62047,STARLINK-32630,2024-11-26T22:00:01Z,2024-11-27T12:00:02Z,2944.6,310.3
62047,STARLINK-32630,2024-11-27T12:00:02Z,2024-11-27T14:00:01Z,483.7,310.3
62047,STARLINK-32630,2024-11-27T14:00:01Z,2024-11-27T22:00:01Z,1685.6,310.3
62047,STARLINK-32630,2024-11-27T22:00:01Z,2024-11-28T04:00:01Z,1500.1,310.3
62047,STARLINK-32630,2024-11-28T04:00:01Z,2024-11-28T12:00:01Z,1746.0,310.3
62047,STARLINK-32630,2024-11-28T12:00:01Z,2024-11-28T14:00:01Z,533.0,310.3
62047,STARLINK-32630,2024-11-28T14:00:01Z,2024-11-28T22:00:01Z,1808.8,310.3
62047,STARLINK-32630,2024-11-28T22:00:01Z,2024-11-29T04:00:02Z,1574.4,310.3
62047,STARLINK-32630,2024-11-29T04:00:02Z,2024-11-29T12:00:01Z,1956.5,310.3
62047,STARLINK-32630,2024-11-29T12:00:01Z,2024-11-29T20:00:01Z,1887.6,310.3
62047,STARLINK-32630,2024-11-29T20:00:01Z,2024-11-29T22:00:01Z,585.6,310.3
62047,STARLINK-32630,2024-11-29T22:00:01Z,2024-11-30T14:00:01Z,4359.1,310.3
62048,STARLINK-32599,2024-11-26T12:00:01Z,2024-11-26T22:00:01Z,2047.1,310.29
62048,STARLINK-32599,2024-11-26T22:00:01Z,2024-11-27T12:00:02Z,2920.8,310.29
62048,STARLINK-32599,2024-11-27T12:00:02Z,2024-11-27T14:00:01Z,525.9,310.29
62048,STARLINK-32599,2024-11-27T14:00:01Z,2024-11-27T22:00:01Z,1701.2,310.29
62048,STARLINK-32599,2024-11-27T22:00:01Z,2024-11-28T12:00:01Z,3247.0,310.29
62048,STARLINK-32599,2024-11-28T12:00:01Z,2024-11-28T14:00:01Z,543.0,310.29
62048,STARLINK-32599,2024-11-28T14:00:01Z,2024-11-28T22:00:01Z,1861.3,310.29
62048,STARLINK-32599,2024-11-28T22:00:01Z,2024-11-29T04:00:02Z,1576.6,310.29
62048,STARLINK-32599,2024-11-29T04:00:02Z,2024-11-29T12:00:01Z,1958.6,310.29
62048,STARLINK-32599,2024-11-29T12:00:01Z,2024-11-29T22:00:01Z,2531.9,310.29
62048,STARLINK-32599,2024-11-29T22:00:01Z,2024-11-30T04:00:01Z,1666.7,310.29
62048,STARLINK-32599,2024-11-30T04:00:01Z,2024-11-30T14:00:01Z,2699.8,310.29
62049,STARLINK-32473,2024-11-26T12:00:01Z,2024-11-26T22:00:01Z,2070.9,311.01
62049,STARLINK-32473,2024-11-26T22:00:01Z,2024-11-27T12:00:02Z,2937.0,311.01
62049,STARLINK-32473,2024-11-27T12:00:02Z,2024-11-27T14:00:01Z,500.2,311.01
62049,STARLINK-32473,2024-11-27T14:00:01Z,2024-11-27T22:00:01Z,1741.6,311.01
62049,STARLINK-32473,2024-11-27T22:00:01Z,2024-11-28T12:00:01Z,3255.8,311.01
62049,STARLINK-32473,2024-11-28T12:00:01Z,2024-11-28T14:00:01Z,532.2,311.01
62049,STARLINK-32473,2024-11-28T14:00:01Z,2024-11-28T22:00:01Z,1895.4,311.01
62049,STARLINK-32473,2024-11-28T22:00:01Z,2024-11-29T04:00:02Z,1582.5,311.01
62049,STARLINK-32473,2024-11-29T04:00:02Z,2024-11-29T12:00:01Z,1956.1,311.01
62049,STARLINK-32473,2024-11-29T12:00:01Z,2024-11-29T22:00:01Z,2584.4,311.01
62049,STARLINK-32473,2024-11-29T22:00:01Z,2024-11-30T04:00:01Z,1678.2,311.01
62049,STARLINK-32473,2024-11-30T04:00:01Z,2024-11-30T12:00:01Z,2141.0,311.01
62049,STARLINK-32473,2024-11-30T12:00:01Z,2024-11-30T14:00:01Z,572.1,311.01
62050,STARLINK-32492,2024-11-26T12:00:01Z,2024-11-26T22:00:01Z,2043.3,310.77
62050,STARLINK-32492,2024-11-26T22:00:01Z,2024-11-27T12:00:02Z,3014.4,310.77
62050,STARLINK-32492,2024-11-27T12:00:02Z,2024-11-27T14:00:01Z,512.8,310.77
62050,STARLINK-32492,2024-11-27T14:00:01Z,2024-11-27T22:00:01Z,1717.0,310.77
62050,STARLINK-32492,2024-11-27T22:00:01Z,2024-11-28T12:00:01Z,3283.8,310.77
62050,STARLINK-32492,2024-11-28T12:00:01Z,2024-11-28T14:00:01Z,548.8,310.77
62050,STARLINK-32492,2024-11-28T14:00:01Z,2024-11-28T22:00:01Z,1890.8,310.77
62050,STARLINK-32492,2024-11-28T22:00:01Z,2024-11-29T04:00:02Z,1619.7,310.77
62050,STARLINK-32492,2024-11-29T04:00:02Z,2024-11-29T12:00:01Z,1955.4,310.77
62050,STARLINK-32492,2024-11-29T12:00:01Z,2024-11-29T22:00:01Z,2623.8,310.77
62050,STARLINK-32492,2024-11-29T22:00:01Z,2024-11-30T04:00:01Z,1683.5,310.77
62050,STARLINK-32492,2024-11-30T04:00:01Z,2024-11-30T12:00:01Z,2158.4,310.77
62050,STARLINK-32492,2024-11-30T12:00:01Z,2024-11-30T14:00:01Z,578.6,310.77
62051,STARLINK-32496,2024-11-26T12:00:01Z,2024-11-26T22:00:01Z,2063.5,309.65
62051,STARLINK-32496,2024-11-26T22:00:01Z,2024-11-27T12:00:02Z,3012.6,309.65
62051,STARLINK-32496,2024-11-27T12:00:02Z,2024-11-27T14:00:01Z,512.2,309.65
62051,STARLINK-32496,2024-11-27T14:00:01Z,2024-11-27T22:00:01Z,1767.1,309.65
62051,STARLINK-32496,2024-11-27T22:00:01Z,2024-11-28T12:00:01Z,3239.0,309.65
62051,STARLINK-32496,2024-11-28T12:00:01Z,2024-11-28T14:00:01Z,557.3,309.65
62051,STARLINK-32496,2024-11-28T14:00:01Z,2024-11-28T22:00:01Z,1905.9,309.65
62051,STARLINK-32496,2024-11-28T22:00:01Z,2024-11-29T12:00:01Z,3576.2,309.65
62051,STARLINK-32496,2024-11-29T12:00:01Z,2024-11-29T22:00:01Z,2647.2,309.65
62051,STARLINK-32496,2024-11-29T22:00:01Z,2024-11-30T04:00:01Z,1686.5,309.65
62051,STARLINK-32496,2024-11-30T04:00:01Z,2024-11-30T12:00:01Z,2164.3,309.65
62051,STARLINK-32496,2024-11-30T12:00:01Z,2024-11-30T14:00:01Z,580.5,309.65
62052,STARLINK-32495,2024-11-26T12:00:01Z,2024-11-26T22:00:01Z,2098.0,310.39
62052,STARLINK-32495,2024-11-26T22:00:01Z,2024-11-27T12:00:02Z,2977.7,310.39
62052,STARLINK-32495,2024-11-27T12:00:02Z,2024-11-27T14:00:01Z,552.1,310.39
62052,STARLINK-32495,2024-11-27T14:00:01Z,2024-11-27T22:00:01Z,1710.0,310.39
62052,STARLINK-32495,2024-11-27T22:00:01Z,2024-11-28T12:00:01Z,3336.1,310.39
62052,STARLINK-32495,2024-11-28T12:00:01Z,2024-11-28T14:00:01Z,549.6,310.39
62052,STARLINK-32495,2024-11-28T14:00:01Z,2024-11-28T22:00:01Z,1953.5,310.39
62052,STARLINK-32495,2024-11-28T22:00:01Z,2024-11-29T04:00:02Z,1591.5,310.39
62052,STARLINK-32495,2024-11-29T04:00:02Z,2024-11-29T12:00:01Z,1988.0,310.39
62052,STARLINK-32495,2024-11-29T12:00:01Z,2024-11-29T22:00:01Z,2680.1,310.39
62052,STARLINK-32495,2024-11-29T22:00:01Z,2024-11-30T04:00:01Z,1723.8,310.39
62052,STARLINK-32495,2024-11-30T04:00:01Z,2024-11-30T12:00:01Z,2135.2,310.39
62052,STARLINK-32495,2024-11-30T12:00:01Z,2024-11-30T14:00:01Z,596.9,310.39
62053,STARLINK-32494,2024-11-26T12:00:01Z,2024-11-26T20:00:02Z,1774.1,308.94
62053,STARLINK-32494,2024-11-26T20:00:02Z,2024-11-26T22:00:01Z,281.3,308.94
62053,STARLINK-32494,2024-11-26T22:00:01Z,2024-11-27T04:00:01Z,1426.9,308.94
62053,STARLINK-32494,2024-11-27T04:00:01Z,2024-11-27T12:00:02Z,1660.9,308.94
62053,STARLINK-32494,2024-11-27T12:00:02Z,2024-11-27T14:00:01Z,495.4,308.94
62053,STARLINK-32494,2024-11-27T14:00:01Z,2024-11-27T20:00:01Z,1279.2,308.94
62053,STARLINK-32494,2024-11-27T20:00:01Z,2024-11-27T22:00:01Z,463.2,308.94
62053,STARLINK-32494,2024-11-27T22:00:01Z,2024-11-28T04:00:01Z,1541.6,308.94
62053,STARLINK-32494,2024-11-28T04:00:01Z,2024-11-28T12:00:01Z,1796.4,308.94
62053,STARLINK-32494,2024-11-28T12:00:01Z,2024-11-28T14:00:01Z,564.7,308.94
62053,STARLINK-32494,2024-11-28T14:00:01Z,2024-11-28T20:00:01Z,1384.0,308.94
62053,STARLINK-32494,2024-11-28T20:00:01Z,2024-11-28T22:00:01Z,568.3,308.94
62053,STARLINK-32494,2024-11-28T22:00:01Z,2024-11-29T04:00:02Z,1607.2,308.94
62053,STARLINK-32494,2024-11-29T04:00:02Z,2024-11-29T12:00:01Z,1993.9,308.94
62053,STARLINK-32494,2024-11-29T12:00:01Z,2024-11-29T20:00:01Z,2093.5,308.94
62053,STARLINK-32494,2024-11-29T20:00:01Z,2024-11-29T22:00:01Z,611.1,308.94
62053,STARLINK-32494,2024-11-29T22:00:01Z,2024-11-30T04:00:01Z,1697.0,308.94
62053,STARLINK-32494,2024-11-30T04:00:01Z,2024-11-30T12:00:01Z,2191.5,308.94
62053,STARLINK-32494,2024-11-30T12:00:01Z,2024-11-30T14:00:01Z,609.5,308.94
62054,STARLINK-32408,2024-11-26T12:00:01Z,2024-11-26T20:00:02Z,1686.6,308.48
62054,STARLINK-32408,2024-11-26T20:00:02Z,2024-11-26T22:00:01Z,392.4,308.48
62054,STARLINK-32408,2024-11-26T22:00:01Z,2024-11-27T04:00:01Z,1429.3,308.48
62054,STARLINK-32408,2024-11-27T04:00:01Z,2024-11-27T12:00:02Z,1662.5,308.48
62054,STARLINK-32408,2024-11-27T12:00:02Z,2024-11-27T14:00:01Z,524.4,308.48
62054,STARLINK-32408,2024-11-27T14:00:01Z,2024-11-27T20:00:01Z,1309.7,308.48
62054,STARLINK-32408,2024-11-27T20:00:01Z,2024-11-27T22:00:01Z,476.9,308.48
62054,STARLINK-32408,2024-11-27T22:00:01Z,2024-11-28T04:00:01Z,1508.5,308.48
62054,STARLINK-32408,2024-11-28T04:00:01Z,2024-11-28T12:00:01Z,1857.4,308.48
62054,STARLINK-32408,2024-11-28T12:00:01Z,2024-11-28T14:00:01Z,555.9,308.48
62054,STARLINK-32408,2024-11-28T14:00:01Z,2024-11-28T20:00:01Z,1439.1,308.48
62054,STARLINK-32408,2024-11-28T20:00:01Z,2024-11-28T22:00:01Z,534.2,308.48
62054,STARLINK-32408,2024-11-28T22:00:01Z,2024-11-29T04:00:02Z,1616.6,308.48
62054,STARLINK-32408,2024-11-29T04:00:02Z,2024-11-29T12:00:01Z,2067.8,308.48
62054,STARLINK-32408,2024-11-29T12:00:01Z,2024-11-29T20:00:01Z,2131.7,308.48
62054,STARLINK-32408,2024-11-29T20:00:01Z,2024-11-29T22:00:01Z,598.5,308.48
62054,STARLINK-32408,2024-11-29T22:00:01Z,2024-11-30T04:00:01Z,1723.2,308.48
62054,STARLINK-32408,2024-11-30T04:00:01Z,2024-11-30T12:00:01Z,2250.0,308.48
62054,STARLINK-32408,2024-11-30T12:00:01Z,2024-11-30T14:00:01Z,652.9,308.48
62055,STARLINK-32571,2024-11-26T12:00:01Z,2024-11-26T20:00:02Z,1773.2,308.43
62055,STARLINK-32571,2024-11-26T20:00:02Z,2024-11-26T22:00:01Z,272.9,308.43
62055,STARLINK-32571,2024-11-26T22:00:01Z,2024-11-27T04:00:01Z,1439.0,308.43
62055,STARLINK-32571,2024-11-27T04:00:01Z,2024-11-27T12:00:02Z,1672.2,308.43
62055,STARLINK-32571,2024-11-27T12:00:02Z,2024-11-27T14:00:01Z,527.6,308.43
62055,STARLINK-32571,2024-11-27T14:00:01Z,2024-11-27T20:00:01Z,1270.0,308.43
62055,STARLINK-32571,2024-11-27T20:00:01Z,2024-11-27T22:00:01Z,510.5,308.43
62055,STARLINK-32571,2024-11-27T22:00:01Z,2024-11-28T04:00:01Z,1497.3,308.43
62055,STARLINK-32571,2024-11-28T04:00:01Z,2024-11-28T12:00:01Z,1835.3,308.43
62055,STARLINK-32571,2024-11-28T12:00:01Z,2024-11-28T14:00:01Z,569.2,308.43
62055,STARLINK-32571,2024-11-28T14:00:01Z,2024-11-28T20:00:01Z,1405.8,308.43
62055,STARLINK-32571,2024-11-28T20:00:01Z,2024-11-28T22:00:01Z,540.6,308.43
62055,STARLINK-32571,2024-11-28T22:00:01Z,2024-11-29T04:00:02Z,1607.0,308.43
62055,STARLINK-32571,2024-11-29T04:00:02Z,2024-11-29T12:00:01Z,2035.6,308.43
62055,STARLINK-32571,2024-11-29T12:00:01Z,2024-11-29T20:00:01Z,2107.6,308.43
62055,STARLINK-32571,2024-11-29T20:00:01Z,2024-11-29T22:00:01Z,602.0,308.43
62055,STARLINK-32571,2024-11-29T22:00:01Z,2024-11-30T12:00:01Z,3942.5,308.43
62055,STARLINK-32571,2024-11-30T12:00:01Z,2024-11-30T14:00:01Z,631.2,308.43
